username,posts,followers,following,bio,profileUrl,country,isShop,email
balcony_decorators,"3,639 posts",42.1K followers,"3,995 following","Balcony Makeover by DecoratorChhavi
balcony_decorators
Gardener
Terrace/Garden/Balcony/Office Makeover, Pergola Designer, Invisible Grill, Mosquito Net | Wooden Deck Tiles
Founder@decoratorchhavi ☎ 9555453491
wa.link/1laxxn and 4 more",https://www.instagram.com/balcony_decorators/,India,yes,
craftypanda,"7,482 posts",3.7M followers,10 following,"Crafty Panda
craftypanda
Interest
#DIY ideas for pandas
www.facebook.com/craftypanda",https://www.instagram.com/craftypanda/,unknown,yes,
gardenplanning,"2,346 posts",557K followers,74 following,"Garden Planning
🪻| Welcome to Instagram’s biggest garden club
🌷| Sharing gardening tips, laughs, and inspo
👇| Download our app for... 
more
apps.apple.com/us/app/bloom-buddy-plant-care/id6742810956",https://www.instagram.com/gardenplanning/,United States,yes,
creative_gardening1,"9,876 posts",244K followers,12 following,"Creative Gardening
creative_gardening1
lnk.bio/creativegardening",https://www.instagram.com/creative_gardening1/,unknown,yes,
kingsseedsnz,975 posts,12.4K followers,762 following,"Kings Seeds
Home & Garden Website
Sow - Nurture - Nourish 🌱
Tag us in your posts or use #kingsseedsnz
To see our range of seeds and everything else,... 
more
189 wharawhara road, Katikati 3178
linkin.bio/kingsseedsnz",https://www.instagram.com/kingsseedsnz/,New Zealand,yes,
aesthetic_gardening,471 posts,752 followers,390 following,"aesthetic_gardening
Reel creator
A mom |artist | fingerstyle guitarist
🌿Plant addict🌱✨
📍Gujarat
www.youtube.com/@AestheticGardening and 1 more",https://www.instagram.com/aesthetic_gardening/,India,no,
plantislife49,"6,234 posts","3,562 followers","5,767 following","103 / 5000
The earth is getting hotter and hotter due to deforestation, too much timber exploitation, let's join hands... 
more
zshorten.com/9dYVg",https://www.instagram.com/plantislife49/,unknown,no,
unnath.jain,"1,377 posts","2,691 followers",517 following,"Unnath Hassan Rathnaraju
unnath.jain
Arts & entertainment
Bharathanatyam Dancer, Danceteacher, Traveller, Gardener, Orchid Collector
Proprietor - Artistic Director -... 
more
www.unnathjain.com and 1 more",https://www.instagram.com/unnath.jain/,India,yes,
swanhose,"2,696 posts",900 followers,173 following,"Swan — The Watering Company
Leading manufacturer of innovative and eco-friendly watering hoses for passionate gardeners, proud homeowners and... 
more
7840 Roswell Road, Building 100, Suite 130, Sandy Springs, Georgia 30350
linktr.ee/SwanTheWateringCompany",https://www.instagram.com/swanhose/,United States,yes,
podaywali_sanctuary,29 posts,"2,279 followers",92 following,"Podaywali’s sanctuary
Digital creator
Art account @poday_wali
Sharing my gardening and other hobbies along with my love for the unloved
Do not reuse... 
more",https://www.instagram.com/podaywali_sanctuary/,India,no,
cozylittlediy,262 posts,"8,853 followers","1,479 following","Stephanie - how to DIY a home on a budget
🧑🏼‍🏭Helping you create a cozy home one affordable DIY at a time as a busy mom
🏠Follow for simple & easy to do home DIY
linktr.ee/cozylittlediy",https://www.instagram.com/cozylittlediy/,unknown,no,
mbshouston,"4,237 posts","1,507 followers",445 following,"Natural Medicine - Mind and Body Solutions Houston
Alternative & Holistic Health Service
MBS is a functional medicine practice dedicated to finding the root cause of illness, using holistic, personalized care.... 
more
210 Genesis St, Suite C., Webster, Texas 77598
nutrition-houston.com",https://www.instagram.com/mbshouston/,United States,yes,
alamedamg,846 posts,"1,694 followers",95 following,"UC Master Gardener Program of Alameda County
#AlamedaMG - We share research-based knowledge and info on home horticulture, pest management and sustainable landscape... 
more
224 W Winton Ave, Rm 134, Hayward, California 94544
linktr.ee/ac_mg and 1 more",https://www.instagram.com/alamedamg/,United States,no,
theknottygarden,"1,573 posts",263K followers,"2,186 following","Erin Berkyto | 🪴Garden Fresh Inspiration🪴
she/her
theknottygarden
🏡 Seasonal Living & Homegrown Inspiration
🪴 Speaker, Educator & Canadian Creator
🇨🇦 Vancouver, Canada YVR
🤝... 
more
stan.store/theknottygarden",https://www.instagram.com/theknottygarden/,Canada,yes,
violetvibes_vv,"1,225 posts",211K followers,177 following,"VIOLET VIBES ®
violetvibes_vv
Artist
🏠 Handcrafted Home Vibes
🪴 Macrame | Ceramic | Quoted Art
🇮🇳 Made with love in India
🛍️ Shop Now 👇
We accept bulk... 
more
www.violetvibes.in and 2 more",https://www.instagram.com/violetvibes_vv/,India,yes,
growing_wild_things,276 posts,"1,079 followers","1,892 following","Callie
Hi, I'm Cal. welcome to my garden. I grow produce for sufficiency and flowers for the bees (and joy). I share my garden... 
more",https://www.instagram.com/growing_wild_things/,unknown,yes,
figmentcottagegardens,"1,112 posts",151K followers,862 following,"English Cottage Garden Designer | Caroline Maurer 7b
she/her
Let’s turn your yard into a botanical fairytale.
👩🏻‍🌾 Maryland + Virtual Custom Design
⭐️ 5-stars | 1,000+ gardens... 
more
linktr.ee/Figmentcottagegardens",https://www.instagram.com/figmentcottagegardens/,United States,yes,
mybeefriendlygarden,544 posts,805 followers,152 following,"Our English country garden
Diary of a Head Gardner: designing a tiny paradise for wildlife and injecting some magic into our new build rectangle 🐝",https://www.instagram.com/mybeefriendlygarden/,United Kingdom,no,
gardenplanning,"2,346 posts",557K followers,74 following,"Garden Planning
🪻| Welcome to Instagram’s biggest garden club
🌷| Sharing gardening tips, laughs, and inspo
👇| Download our app for... 
more
apps.apple.com/us/app/bloom-buddy-plant-care/id6742810956",https://www.instagram.com/gardenplanning/,United States,yes,
birdsblooms,"5,673 posts",67.5K followers,231 following,"Birds & Blooms
The No. 1 bird and garden magazine in America. #birdsandblooms to share your favorite nature moments and stories with us... 
more
shopgr.id/birdsblooms",https://www.instagram.com/birdsblooms/,United States,yes,
biopro_solutions,556 posts,56.1K followers,66 following,"Work with nature, not against it!
-Bacterial fertilizer - Agricultural application
- Animal feed supplement
- Lakes /... 
more
bioprosolution.shop and 2 more",https://www.instagram.com/biopro_solutions/,unknown,yes,
derivedfromnaturenz,"1,580 posts",129K followers,"1,252 following","Jodie Dorsch | Edible Gardens & Digital Products
🌱 The secret to success in the vege garden.
Transform your garden and watch it thrive with ⏬️
📚 The Derived From... 
more
stan.store/Derivedfromnaturenz",https://www.instagram.com/derivedfromnaturenz/,New Zealand,yes,
growstuffeatstuff,666 posts,"2,143 followers","1,582 following","Cat • Backyard Gardener
she/her
growstuffeatstuff
🍅 Obsessed with tomatoes
🌱 Garden dork, growing and eating our garden!
📍 Westchester County, NY 6B
linktr.ee/growstuffeatstuff and 1 more",https://www.instagram.com/growstuffeatstuff/,United States,no,
shetlandislandsdiary,"1,148 posts",15.1K followers,530 following,"Cairi Balmain
shetlandislandsdiary
Island life | Plants | Cottage life | Baking
🌊",https://www.instagram.com/shetlandislandsdiary/,United Kingdom,no,
thermaland.oaks,"2,502 posts",700K followers,"1,576 following","Christina Heinritz • Homesteading & Non-toxic Lifestyle
Farm Mom • Non-toxic lifestyle • Healthy recipes
Amazon home finds • Seasonal DIY & holistic hacks
Simple living, cozy... 
more
urlgeni.us/amzn/shopsalelinks",https://www.instagram.com/thermaland.oaks/,United States,yes,
evangrasslawn,744 posts,"1,643 followers","1,778 following","Evangrass
Family run | est. in 1981
🌱currently growing five grass varieties 🌱
Evangrass Farm, Tala Valley, Camperdown, Kwazulu-Natal, South Africa 3720
mtr.bio/evangrass",https://www.instagram.com/evangrasslawn/,South Africa,yes,
adornplanters,"3,566 posts",17.4K followers,"2,461 following","Adorn
Container gardens by Adorn.
Creating beautiful first impressions since 2014.
Proud member of @digginginassociation... 
more
adornplanters.com and 5 more",https://www.instagram.com/adornplanters/,unknown,yes,
youthevoyage,449 posts,371 followers,110 following,"YTV
Blogger
ytvblog.com",https://www.instagram.com/youthevoyage/,unknown,no,
jane.a.wrigglesworth,441 posts,"1,944 followers","1,126 following","Jane Wrigglesworth / Naturopath + Medical Herbalist
Magazine
🔶️ Editor. Author. Gardener. Naturopath. Medical herbalist
▶️ @purewellnessbyjane
▶️ @sweetliving.magazine
🌱 Garden 🥣 Fo... 
more
tap.bio/@jane.a.wrigglesworth",https://www.instagram.com/jane.a.wrigglesworth/,unknown,yes,
tishurboo,"4,372 posts","3,410 followers","1,250 following","Tish Agosto Carter
tishurboo
Breaking Glass Ceilings | Wife, Mom, Entrepreneur | Embracing Dreams🥰✨ #Mompreneur #EmpoweredLiving #FamilyFirst... 
more
Tish Agosto Carter and 1 more",https://www.instagram.com/tishurboo/,unknown,no,
theknottygarden,"1,573 posts",263K followers,"2,186 following","Erin Berkyto | 🪴Garden Fresh Inspiration🪴
she/her
theknottygarden
🏡 Seasonal Living & Homegrown Inspiration
🪴 Speaker, Educator & Canadian Creator
🇨🇦 Vancouver, Canada YVR
🤝... 
more
stan.store/theknottygarden",https://www.instagram.com/theknottygarden/,Canada,yes,
homeplanetgear,"4,853 posts",847 followers,914 following,"Home Planet Gear
At Home Planet Gear, we’re dedicated to making your daily life easier and more convenient with our durable, easy-to-use... 
more
www.homeplanetgear.com",https://www.instagram.com/homeplanetgear/,unknown,yes,
theplanttechie,"1,275 posts",113K followers,"1,469 following","Josh Gardens
theplanttechie
🌱 Master Gardener & Fruit Tree Grower
🏡 Homesteader in USA, Zone 8a
💻 Tech Enthusiast & Teacher
⬇️ Learn More Here
linktr.ee/unclejoshgardens",https://www.instagram.com/theplanttechie/,USA,yes,
gardenmecca,355 posts,"2,275 followers",253 following,"Garden Mecca
Nurseries & Gardening Store
Welcome to the Garden Mecca
Your one stop for everything gardening™
✖️Landscaping plants
✖️Fertilizers
We have colour... 
more
1 Vindhella Rd, Valhalla, Gauteng, South Africa 0185
www.gardenmecca.co.za and 1 more",https://www.instagram.com/gardenmecca/,South Africa,yes,
our_40_acre_life,"1,207 posts","1,020 followers","1,358 following","our_40_acre_life
Digital creator
💛𝐋𝐞𝐚𝐧𝐧𝐞 -𝐅𝐮𝐧𝐜𝐭𝐢𝐨𝐧𝐚𝐥 N𝐮𝐭𝐫𝐢𝐭𝐢𝐨𝐧𝐢𝐬𝐭
💙𝐃𝐚𝐯𝐞 - 𝐌𝐞𝐜𝐡𝐚𝐧𝐢𝐜
🌿Organic Gardening
💚Growing food and living sustainably
🏠on 40 acres... 
more",https://www.instagram.com/our_40_acre_life/,unknown,no,
imitatingeden,907 posts,414 followers,201 following,"Imitating Eden
Education
20 years experience in regenerative landscape design focusing on edibles.
Urban Permaculture leader and innovator... 
more
Imitating Eden",https://www.instagram.com/imitatingeden/,unknown,yes,
theflowerpotfairytulsa,715 posts,"1,972 followers",93 following,"The Flowerpot Fairy
We deliver beautifully planted flowerpots to your doorstep every season. It’s magical!
🧚✨
Fall shop is open! 🍂
www.theflowerpotfairy.com",https://www.instagram.com/theflowerpotfairytulsa/,unknown,yes,
mygeranium,858 posts,"8,007 followers","2,048 following","MyGeranium
Home & Garden Website
Geranium inspiration from all over Europe!
Campaign financed with aid from the European Union.
my-geranium.com and 3 more",https://www.instagram.com/mygeranium/,unknown,yes,
theflowerpotfairy,796 posts,"3,597 followers",239 following,"The Flowerpot Fairy
Product/service
We deliver beautifully planted flowerpots to your doorstep every season. It’s magical!
🧚✨
Fall shop is open! 🍂
theflowerpotfairy.com",https://www.instagram.com/theflowerpotfairy/,unknown,yes,
pawpawridge,"2,539 posts",241K followers,267 following,"PawPaw Ridge Homestead
Reel creator
Small Homestead in Coastal Virginia
linktr.ee/pawpawridge",https://www.instagram.com/pawpawridge/,United States,no,
tastygarden_growing,244 posts,"1,496 followers",390 following,"Dr Adam Brooker
tastygarden_growing
Personal Coach
🍅 45 years horticultural experience
🥦 Professional biologist
🌽 Herbs, fruit and veg
🧄 Scotland UK 🏴󠁧󠁢󠁳󠁣󠁴󠁿
Learn my... 
more
training.tastygarden.net/signup and 1 more",https://www.instagram.com/tastygarden_growing/,United Kingdom,no,
rainwaterterrace,264 posts,"1,397 followers",515 following,"Rainwater Terrace | Water Butts & Rainwater Harvesting
Eco-friendly modular water butts 🌱💧 Save water, cut bills & grow beautiful plants. Designed for fresh water &... 
more
10 Moat House Square, Thorp Arch, LS23 7FB
www.rainwater-terrace.com and 1 more",https://www.instagram.com/rainwaterterrace/,United Kingdom,yes,
adornplanters,"3,566 posts",17.4K followers,"2,461 following","Adorn
Container gardens by Adorn.
Creating beautiful first impressions since 2014.
Proud member of @digginginassociation... 
more
adornplanters.com and 5 more",https://www.instagram.com/adornplanters/,unknown,yes,
gardenplanning,"2,346 posts",557K followers,74 following,"Garden Planning
🪻| Welcome to Instagram’s biggest garden club
🌷| Sharing gardening tips, laughs, and inspo
👇| Download our app for... 
more
apps.apple.com/us/app/bloom-buddy-plant-care/id6742810956",https://www.instagram.com/gardenplanning/,United States,yes,
tishurboo,"4,372 posts","3,410 followers","1,250 following","Tish Agosto Carter
tishurboo
Breaking Glass Ceilings | Wife, Mom, Entrepreneur | Embracing Dreams🥰✨ #Mompreneur #EmpoweredLiving #FamilyFirst... 
more
Tish Agosto Carter and 1 more",https://www.instagram.com/tishurboo/,unknown,no,
thankyourgarden9,"3,638 posts",696 followers,835 following,"Thank Your Garden
🏡 Gardening Tips and Landscaping🌴
🌳 Let's create a great gardening community 🌻
linktr.ee/thankyourgarden",https://www.instagram.com/thankyourgarden9/,unknown,yes,
figmentcottagegardens,"1,112 posts",151K followers,862 following,"English Cottage Garden Designer | Caroline Maurer 7b
she/her
Let’s turn your yard into a botanical fairytale.
👩🏻‍🌾 Maryland + Virtual Custom Design
⭐️ 5-stars | 1,000+ gardens... 
more
linktr.ee/Figmentcottagegardens",https://www.instagram.com/figmentcottagegardens/,United States,yes,
amanda_your_holistic_mama,"2,169 posts",111 followers,117 following,"Amanda Baldwin
I help busy mamas balance there hormones in 90 days 💕
amandabaldwin.arieyl.com and 2 more",https://www.instagram.com/amanda_your_holistic_mama/,unknown,no,
birdsblooms,"5,673 posts",67.5K followers,231 following,"Birds & Blooms
The No. 1 bird and garden magazine in America. #birdsandblooms to share your favorite nature moments and stories with us... 
more
shopgr.id/birdsblooms",https://www.instagram.com/birdsblooms/,United States,yes,
theknottygarden,"1,573 posts",263K followers,"2,186 following","Erin Berkyto | 🪴Garden Fresh Inspiration🪴
she/her
theknottygarden
🏡 Seasonal Living & Homegrown Inspiration
🪴 Speaker, Educator & Canadian Creator
🇨🇦 Vancouver, Canada YVR
🤝... 
more
stan.store/theknottygarden",https://www.instagram.com/theknottygarden/,Canada,yes,
dont_buy_it_make_it,"9,926 posts",330K followers,"4,736 following","Don't buy
dont_buy_it_make_it
lnk.bio/dontbuyit",https://www.instagram.com/dont_buy_it_make_it/,unknown,no,
cedarplanters,"1,993 posts",32.5K followers,"1,241 following","cedar planters
cedarplanters
CEDAR PLANTERS | GARDEN ACCESSORIES
🌻 Sustainable raised garden beds
✨ North American made
📦 Free shipping: CA, USA,... 
more
linktr.ee/cedarplanters",https://www.instagram.com/cedarplanters/,Canada,yes,
maggiesfarmnola,566 posts,"6,085 followers","1,291 following","Danielle @ Maggie’s Farm Nola 👩‍🌾
RN & Garden Consultant Helping Beginners Grow Thriving Raised Bed Gardens in just mins a day 👩‍🌾🥕🍅 NOLA 📍|👇FREE... 
more
linktr.ee/maggiesfarmnola?utm_source=linktree_profile_share&ltsid=463ca7e2-bda8-4d10-ba0c-52c6ba88d3a0 and 2 more",https://www.instagram.com/maggiesfarmnola/,United States,yes,
yourgardengirl.info,685 posts,44 followers,130 following,"Holly Vaughn
yourgardengirl.info
yourgardengirl.com",https://www.instagram.com/yourgardengirl.info/,unknown,yes,
pathwaystoperennials,"1,072 posts","3,901 followers",192 following,"Pathways To Perennials
Garden | Landscape | Design | Construction
🌳 European-style gardens
Over 4 decades of excellence in garden design 🏡
🌸 Ga... 
more
4681 Lloydtown Aurora Road., Schomberg, Ontario L7B 0E3
linktr.ee/pathwaystoperennials",https://www.instagram.com/pathwaystoperennials/,Canada,yes,
homeandgardenparadise,433 posts,118K followers,78 following,"Gardening & Plant Care
🪴 Understand what your plants are really saying
🌱 Calm, confident care for any plant parent
👇 Speak plant with Bloom... 
more
apps.apple.com/us/app/bloom-buddy-plant-care/id6742810956",https://www.instagram.com/homeandgardenparadise/,United States,yes,
westcoastseeds,"2,021 posts",88.1K followers,"2,766 following","West Coast Seeds 🌱
westcoastseeds
Home & Garden Website
🇨🇦 Repairing the world, one seed at a time. 🌱
🌼 Shop certified organic and untreated seeds
Join our community and share... 
more
linkin.bio/westcoastseeds",https://www.instagram.com/westcoastseeds/,Canada,yes,
makmigrofarms,459 posts,452 followers,,"Mak-Migro FARMS LTD
To empower the world with knowledge about agricultural products, healthy food, lifestyle & wellness.
makmigrofarmsltd.com",https://www.instagram.com/makmigrofarms/,unknown,yes,
livingmagazines,"4,126 posts","1,273 followers",246 following,"Living Magazines
Book & Magazine Distributor
Quality lifestyle magazine: Berkhamsted Living & Tring Living support the communities & promote local businesses for... 
more
www.livingmags.info",https://www.instagram.com/livingmagazines/,United Kingdom,yes,
fix_its,692 posts,"3,191 followers","1,399 following","fix_its
Product/service
FixIts Hardening Putty Sticks
Endlessly reusable ♻️ No expiry
Stronger than glue
Mould, repair & craft
The Ultimate DIY... 
more
www.fixits.com and 3 more",https://www.instagram.com/fix_its/,unknown,yes,
gardenerd1,"2,402 posts",46.3K followers,"1,059 following","Gardenerd | Vegetable Gardener
gardenerd1
Home Improvement
Grow your own food with classes, consulting & food garden design. 👩🏻‍🌾💚
Author 📚: Garden Variety, Grow Your Own Mini... 
more
lnk.bio/Gardenerd",https://www.instagram.com/gardenerd1/,unknown,yes,
tumpugreenery,270 posts,34.8K followers,8 following,"Taman Rumah Modern Fungsional
tumpugreenery
Landscape Company
🏡 Outdoor living space specialist!
🍻 𝘽𝙚𝙖𝙪𝙩𝙞𝙛𝙪𝙡 𝙊𝙪𝙩𝙙𝙤𝙤𝙧 𝙇𝙞𝙫𝙞𝙣𝙜 𝙛𝙤𝙧 𝘽𝙚𝙖𝙪𝙩𝙞𝙛𝙪𝙡 𝙈𝙚𝙢𝙤𝙧𝙮
📍Jabodetabek-Bandung-Surabaya... 
more
linktr.ee/tumpubusiness",https://www.instagram.com/tumpugreenery/,Indonesia,yes,
wagganursery,139 posts,"1,765 followers",335 following,"Wagga Nursery 🌷🐝🌳
wagganursery
🌿Wagga's Complete Nursery.
🍃Ground covers, hedging, shrubs, trees.
📍7161 Olympic Hwy Moorong Wagga Wagga, NSW
02 6931 26... 
more
www.wagganursery.com/nursery-news",https://www.instagram.com/wagganursery/,Australia,yes,
adornplanters,"3,566 posts",17.4K followers,"2,461 following","Adorn
Container gardens by Adorn.
Creating beautiful first impressions since 2014.
Proud member of @digginginassociation... 
more
adornplanters.com and 5 more",https://www.instagram.com/adornplanters/,unknown,yes,
healthyhomegarden.in,110 posts,"1,228 followers",1 following,"Grow Organic Veggies at Home | Healthy Home Garden
Home & Garden Website
✋Stop Eating Pesticides & Chemicals in your Daily Meals 😳
🥦 Start Growing Organic Fresh Veggies Right from Your Home 😍... 
more
healthyhomegarden.in/veggies-guide",https://www.instagram.com/healthyhomegarden.in/,India,yes,
figmentcottagegardens,"1,112 posts",151K followers,862 following,"English Cottage Garden Designer | Caroline Maurer 7b
she/her
Let’s turn your yard into a botanical fairytale.
👩🏻‍🌾 Maryland + Virtual Custom Design
⭐️ 5-stars | 1,000+ gardens... 
more
linktr.ee/Figmentcottagegardens",https://www.instagram.com/figmentcottagegardens/,United States,yes,
urbangreenqueens,132 posts,415 followers,202 following,"UrbanGreenQueens
urbangreenqueens
Community
Welcome to UrbanGreenQueens—Your go-to space for all things green, lush, and thriving!
Let’s grow together! 🌱
bit.ly/3JNNpQ6 and 3 more",https://www.instagram.com/urbangreenqueens/,unknown,yes,
atl_lbc,"1,738 posts","4,944 followers",905 following,"Lifecycle Building Center
Where reuse lives!
Open 9am-3pm TUE-SAT
https://www.eventbrite... 
more
1116 Murphy Ave SW, Atlanta, Georgia 30310
www.lifecyclebuildingcenter.org/donate/2024-year-end-campaign",https://www.instagram.com/atl_lbc/,United States,yes,
theplanttechie,"1,275 posts",113K followers,"1,469 following","Josh Gardens
theplanttechie
🌱 Master Gardener & Fruit Tree Grower
🏡 Homesteader in USA, Zone 8a
💻 Tech Enthusiast & Teacher
⬇️ Learn More Here
linktr.ee/unclejoshgardens",https://www.instagram.com/theplanttechie/,USA,yes,
birdsblooms,"5,673 posts",67.5K followers,231 following,"Birds & Blooms
The No. 1 bird and garden magazine in America. #birdsandblooms to share your favorite nature moments and stories with us... 
more
shopgr.id/birdsblooms",https://www.instagram.com/birdsblooms/,United States,yes,
redearthlandscaping,232 posts,636 followers,130 following,"Red Earth Landscaping
Thoughtful landscape design and maintenance.
www.redearthlandscaping.com",https://www.instagram.com/redearthlandscaping/,unknown,yes,
tishurboo,"4,372 posts","3,410 followers","1,250 following","Tish Agosto Carter
tishurboo
Breaking Glass Ceilings | Wife, Mom, Entrepreneur | Embracing Dreams🥰✨ #Mompreneur #EmpoweredLiving #FamilyFirst... 
more
Tish Agosto Carter and 1 more",https://www.instagram.com/tishurboo/,unknown,no,
makmigrofarms,459 posts,452 followers,,"Mak-Migro FARMS LTD
To empower the world with knowledge about agricultural products, healthy food, lifestyle & wellness.
makmigrofarmsltd.com",https://www.instagram.com/makmigrofarms/,unknown,yes,
provenwinners_europe,797 posts,"3,919 followers",472 following,"provenwinners_europe
🍃 Inspiring you to create a gorgeous gardening experience
🌸 Top-performing plants
🇪🇺 Our retailers: www.provenwinners... 
more
linkin.bio/provenwinners_europe",https://www.instagram.com/provenwinners_europe/,unknown,yes,
gertens_,"4,121 posts",28.4K followers,986 following,"Gertens Greenhouse
Garden Center
Minnesota's Destination Garden Center.™
Gerten Grown. #RootedinSuccess
———
5500 Blaine Ave, Inver Grove Heights, Minnesota 55076
linktr.ee/Gertens and 1 more",https://www.instagram.com/gertens_/,United States,yes,
hollywilkes,301 posts,542 followers,"3,098 following","Holly Barkley Wilkes
hollywilkes
Momma of 2 guys & 2 🐶
Survivor 💪🏼
Wine Lover 🍷
Gardener 🌱
Zero... 
more
newsblog1604.tumblr.com",https://www.instagram.com/hollywilkes/,unknown,no,
pattibartschphd,"4,764 posts","1,035 followers","1,311 following","Patti Bartsch
pattibartschphd
Traditional Naturopath and Wellness Practitioner Success Coach. #NUW2U #GPSCoach #PulseSuccess #ZytoSuccess... 
more
naturallyunbridled.com",https://www.instagram.com/pattibartschphd/,unknown,no,
brandontaylorgentry,"1,475 posts",140K followers,"2,233 following","Brandon Gentry
brandontaylorgentry
Digital creator
🤘 𝗗𝗜𝗬, 𝗚𝗮𝗿𝗱𝗲𝗻𝗶𝗻𝗴 & 𝗛𝗲𝗮𝘃𝘆 𝗠𝗲𝘁𝗮𝗹
🔗 Links to products on my website
🏠 Airbnb Coming Soon @ravenwood_ridge
linktr.ee/brandontgentry and 3 more",https://www.instagram.com/brandontaylorgentry/,unknown,yes,
plantgrowuk,968 posts,14.3K followers,"4,271 following","PlantGrow
Product/service
Proudly the first in the UK to produce an award-winning range of organic gardening feeds from a renewable energy... 
more
plantgrow.co.uk and 1 more",https://www.instagram.com/plantgrowuk/,United Kingdom,yes,
experthometips,530 posts,"2,899 followers",417 following,"Expert Home Tips
experthometips
Household life hacks, crafts & tips - save your time & money for the fun stuff! 🏡💡
⬇️ ENTER OUR LATEST COMPETITION
experthometips.com/free-giveaway-huge-cadbury-dairy-milk-buttons-bag and 1 more",https://www.instagram.com/experthometips/,unknown,no,
brotherwood_ltd,246 posts,709 followers,"1,418 following","Brotherwood Ltd
Business service
Professional arboriculture and ecological design solutions inspired by care for people and the environment.
67 Waimauku Station Road, Waimauku, New Zealand 0812
www.brotherwood.co.nz and 3 more",https://www.instagram.com/brotherwood_ltd/,New Zealand,yes,
kelownawoodcraft,111 posts,268 followers,867 following,"Garden and Home Decor | Kelowna Woodcraft
kelownawoodcraft
Shopping & retail
🍁 Handmade in British Columbia
✨ Free Shipping across Canada
♻️ Sustainably crafted since 1984
kelownawoodcraft.com and 1 more",https://www.instagram.com/kelownawoodcraft/,Canada,yes,
primopotsandplanters,743 posts,"2,041 followers","1,012 following","Allison Pond
Product/service
Elevate any space with seasonal, easy care planters all year round. Immediate impact, lasting impressions w beautiful... 
more
Primo Pots and Planters",https://www.instagram.com/primopotsandplanters/,unknown,yes,
beenefamilyfarm,"2,773 posts",215K followers,142 following,"Christie Beene
beenefamilyfarm
Instagram for Lil Patch of Heaven Farm in SoCal. Teaching practical gardening tips so everyone can be empowered to grow.... 
more
lilpatchofheaven.org and 4 more",https://www.instagram.com/beenefamilyfarm/,United States,yes,
birdsblooms,"5,673 posts",67.5K followers,231 following,"Birds & Blooms
The No. 1 bird and garden magazine in America. #birdsandblooms to share your favorite nature moments and stories with us... 
more
shopgr.id/birdsblooms",https://www.instagram.com/birdsblooms/,United States,yes,
water_ups,"1,562 posts","5,608 followers","2,658 following","WaterUps - Wicking our World
water_ups
👇 Tap link to find your perfect setup!
💧 Grow More, Worry Less!
🌱 Simplify Your Growing
🛠️ Modular Wicking Solutions
♻️ ... 
more
2090
linktr.ee/WaterUps and 2 more",https://www.instagram.com/water_ups/,unknown,yes,
thedelectablegarden,661 posts,"4,918 followers","1,089 following","TheDelectableGarden
thedelectablegarden
Personal blog
Homestead living from my Northumberland garden to the kitchen table. I share simple recipes, sourdough bakes, and... 
more
www.thedelectablegarden.co.uk and 2 more",https://www.instagram.com/thedelectablegarden/,United Kingdom,no,
betterhomesandgardens,"12,102 posts",3.2M followers,"1,265 following","Better Homes & Gardens
betterhomesandgardens
Powering your passion to live a better, more beautiful, and colorful life🏡🌸🍰
Red Plaid Cafe ❤️ NYC 10/17
Link in bio 👇
likeshop.me/betterhomesandgardens and 1 more",https://www.instagram.com/betterhomesandgardens/,United States,yes,
trueleafmarket,"3,810 posts",55.8K followers,957 following,"True Leaf Market
Garden Center
High quality non-gmo, heirloom and organic garden seed company for residential and professional growers. 🌱
175 W 2700 S, Salt Lake City, Utah 84115
linktr.ee/trueleafmarket",https://www.instagram.com/trueleafmarket/,United States,yes,
adornplanters,"3,566 posts",17.4K followers,"2,461 following","Adorn
Container gardens by Adorn.
Creating beautiful first impressions since 2014.
Proud member of @digginginassociation... 
more
adornplanters.com and 5 more",https://www.instagram.com/adornplanters/,unknown,yes,
staggsgardencenter,397 posts,757 followers,167 following,"Staggs Garden Center | Greenville SC
• Family owned business since 1991 •
• Quality is the difference •
• 3010 Locust Hill Road, Taylors SC •
www.staggsgardencenter.com",https://www.instagram.com/staggsgardencenter/,United States,yes,
deedoanes,636 posts,963 followers,78 following,"The Agnihotra Lady* Mother Dee
Alternative & Holistic Health Service
Atlanta, GA Dee D. Davis* Holistic🍎 Environmentalist at Heal the Atmosphere Association 🌍 Shanti Villa Institute... 
more
linktr.ee/shantivillainstitute and 2 more",https://www.instagram.com/deedoanes/,United States,yes,
happyheartgardens,"1,854 posts",45.2K followers,"3,326 following","Rebecca 💚 Your New Garden Friend
happyheartgardens
Gardener
Northern PA farm girl living, loving and learning to garden along the Gulf Coast. Come Along and Grow With Me 🌱👩🏼‍🌾💚... 
more
linktr.ee/happyheartgardens and 1 more",https://www.instagram.com/happyheartgardens/,United States,yes,
thepolytunnelco,398 posts,"1,902 followers",242 following,"The Polytunnel Company
Patio/Garden
Manufacturer, Suppliers & Installers of Garden Polytunnels, Polycarbonate Greenhouses, Glasshouses & Growing Accessories
www.thepolytunnelcompany.ie and 1 more",https://www.instagram.com/thepolytunnelco/,Ireland,yes,
brightside_eggs,"1,160 posts","3,618 followers","3,275 following","Brightside Eggs
Entrepreneur
#BRIGHTSIDEMARKET
OUR FAMILY FEEDING YOUR FAMILY
Egg Farm with a passion for community and good food
Open Daily... 
more
6899 Evans Rd, Chilliwack, British Columbia
linktr.ee/brightsideeggs",https://www.instagram.com/brightside_eggs/,Canada,yes,
growbughut,741 posts,19.1K followers,691 following,"BugHut: Naturally Better Plant Care
Patio/Garden
🌱 Non-toxic plant care
🦋 Follow for #garden & #houseplants tips
👩‍🌾 Shop here ⬇️
www.bughut.com and 1 more",https://www.instagram.com/growbughut/,unknown,yes,
vermi.queen,4 posts,27 followers,1 following,"Vermi Queen
👑 Vermi Queen
🪱 Organic Vermicompost • Black Gold 🌱
♻️ Sustainable | Women-led | Trusted
📦 DM to Order 🚛",https://www.instagram.com/vermi.queen/,India,yes,
natural_grower,"1,308 posts",18K followers,847 following,"Natural Grower Compost & Feed
🌱 Helping you grow veg & flowers organically
🌼 @SoilAssociation @biodynamicuk and @theoriginalvegansociety approved... 
more
naturalgrower.co.uk and 2 more",https://www.instagram.com/natural_grower/,United Kingdom,yes,
frenchapartment,"4,294 posts","6,978 followers",1 following,"FRENCH APARTMENT | 岡山市 | 子供服 | レディース | 雑貨店 |
Apparel & clothing
岡山県のセレクトショップ、フレンチアパートメントです。お問い合わせはDMまたはお電話にお願いします※DMへのご返信はお日にちをいただく場合がございます
℡086-805-6687
10:00〜18:30
ﾚﾃﾞｨｰｽ... 
more
北区問屋町12-106, Okayama-shi, Okayama, Japan 700-0977
frenchapartment.stores.jp",https://www.instagram.com/frenchapartment/,Japan,yes,
spadeworkgardens,595 posts,240 followers,180 following,"Spadework
spadeworkgardens
Product/service
nature lover | landscaper | garden consultant | designer | educator | edible garden designer
3610",https://www.instagram.com/spadeworkgardens/,unknown,yes,
ozoneveda,642 posts,"8,350 followers",99 following,"OZONEVEDA
🌿Protection Of Ayurveda
🙋‍♀🙋‍♂DM for Collab
🥰Face care, Skin care, Hair care
❄Whitening, Brightening & ✨Glowing Skin
🎊Or... 
more
www.amazon.in/stores/Ozoneveda/page/4BA61019-039A-46E6-8DB4-6FB8918FACB1?ref_=ast_bln and 1 more",https://www.instagram.com/ozoneveda/,India,yes,
khatarwale,419 posts,"1,476 followers",26 following,"Khatarwale
Nurseries & Gardening Store
➼Grow your dream garden with Khatarwale’s top-notch products.
➼Cocopeat Block| Vermicompost | Potting Mix | Vermiculite... 
more
www.khatarwale.com",https://www.instagram.com/khatarwale/,India,yes,
viseorganic,724 posts,"1,539 followers",177 following,"Vise Organic
viseorganic
Agriculture
🌿 Organic Solutions for B2B | Fertilizers, PGRs & Adjuvants
🏆 MEA-NITI Aayog | Startup Conclave 2023 | Royal Academy... 
more
vadodara, Vadodara, Gujarat, India 390008
www.viseorganic.com and 2 more",https://www.instagram.com/viseorganic/,India,yes,
heightplusofficial,6 posts,164 followers,4 following,"Height plus
world's no 1 height growth supplement
No side effect # 100 % Herbal🌱🌱
Order Now to⬇️
www.heightplus.co.in and 1 more",https://www.instagram.com/heightplusofficial/,India,yes,
inch.grow,16 posts,357 followers,1 following,"Grow Inch
Health & wellness website",https://www.instagram.com/inch.grow/,unknown,yes,
maxcell.terrace.gardens,352 posts,509 followers,"1,847 following","Mayank Dholariya
Entrepreneur
Maxcell Biotics believe that a healthy soil today will produce healthy food tomorrow
Premium Quality Seeds available... 
more
maxcellbiotics.com",https://www.instagram.com/maxcell.terrace.gardens/,India,yes,
organiccontrol,816 posts,"1,276 followers",650 following,"Organic Control
We have the right bug for the right job! 🐞🐝🌱
•
Learn more about beneficial insects in the link. 👇
•
#beneficialinsects
linktr.ee/organiccontrol",https://www.instagram.com/organiccontrol/,unknown,yes,
herbal_height_,62 posts,113 followers,2 following,"Herbal Height Powder
We combine ancient herbal wisdom with modern wellness to help you achieve natural growth & vitality. Trusted by families... 
more",https://www.instagram.com/herbal_height_/,India,yes,
nandani_minerals,5 posts,22 followers,52 following,"Nandani
NANDANI MINERALS 🌱
Organic Fertilizers - Eco-Friendly Solutions
🌾Boosting Soil Health & Plant Growth💚... 
more",https://www.instagram.com/nandani_minerals/,India,yes,
thegoshenfarmersmarket,682 posts,"1,800 followers",444 following,"The Goshen Farmers Market
We aim to bring community together around real, local food. Check out our website for more info.
#goshenarkansas
www.thegoshenfarmersmarket.com and 3 more",https://www.instagram.com/thegoshenfarmersmarket/,United States,yes,
yoberrys,263 posts,"3,832 followers",38 following,"Yo-Berry's
A Best Friend for your Daily Antioxidant Boost.
Our antioxidant-rich powder formula supports overall wellness and... 
more
linktr.ee/yoberrys",https://www.instagram.com/yoberrys/,unknown,yes,
hopeandjoy.in,197 posts,65 followers,170 following,"HOPE & JOY NATURALS
hopeandjoy.in
Health/beauty
Nourishing body and mind with natural wellness and positivity! 🌞
Pure Ingredients | Honest Healing | Trusted Remedies 🌱
www.hopeandjoy.in",https://www.instagram.com/hopeandjoy.in/,India,yes,
pehle.jaisa,514 posts,"1,057 followers",154 following,"Pehle Jaisa
pehle.jaisa
Pehle Jaisa is committed to promote sustainable farming in India. We process waste at the source level to produce high... 
more
HD-140 at Wework DLF forum, infinity tower C, DLF cyber City, DLF phase III,Sec 25A, Haryana, Haryana, India 122002
amzn.in/d/bFpgsM3 and 3 more",https://www.instagram.com/pehle.jaisa/,India,yes,
ameliaaskincare_,110 posts,"2,134 followers",,"Ameliaa skin care
Beauty, cosmetic & personal care
Perfect for all hair types: dry, damaged, oily.
Regrow and strengthen your hair.
🚚 Free Delivery
📞 Order Now - 96336... 
more
www.ameliaaskincare.com",https://www.instagram.com/ameliaaskincare_/,unknown,yes,
big_fish_cider,398 posts,"1,693 followers",321 following,"Kirk Billingsley
A microcidery located in downtown Monterey Virginia, producing award winning cider with traditional American apples.
www.bigfishcider.com",https://www.instagram.com/big_fish_cider/,United States,yes,
heightbadhaoindia,115 posts,10.1K followers,26 following,"Height badhao By Saviour
Product/service
🌟Unlock Your Height Potential
🧑‍⚕️Ayurvedic Height Growth Expert
🌿Proven Results | Transformation live 🌈
🤝 Trusted by 1... 
more
wa.link/qv1ps4 and 1 more",https://www.instagram.com/heightbadhaoindia/,India,yes,
coco_and_coir,155 posts,498 followers,50 following,"Coco and Coir
Garden Center
🌴 Eco-friendly Coir & Gardening Products |
🏆 40+ years of expertise |
🇮🇳 India's Leading Exporter of Cocopeat &... 
more
Plot No E 160/161, GIDC, Electric Estate, Sector 26, Gandhinagar, Gujarat 382026",https://www.instagram.com/coco_and_coir/,India,yes,
sar_agro_industries,145 posts,26 followers,13 following,"SAR_AGRO_INDUSTRIES
Business service
NPKFertilizers | Biostimulants | Micronutrients 🔬🌱
Office No. 502, P-3 wing, Pentagon Building,Magarpatta City, Hadapsar, Pune 411013, Pune, Maharashtra 411013
saragros.com",https://www.instagram.com/sar_agro_industries/,India,yes,
jaranaturals,26 posts,89 followers,19 following,"JaraNaturals
Product/service
🌱 Jara Naturals | Since 2016
🌴 Prime Manufacturer & Exporter of Coco Coir Products
♻️ Eco-friendly | Plant-Friendly |... 
more",https://www.instagram.com/jaranaturals/,India,yes,
farmharvesttohome,57 posts,12 followers,6 following,"Farm Harvest To Home
Grocery Store
Natural grains, millets & spices
Direct from farmers | No chemicals
Farm to home delivery | India 🇮🇳
farmharvesttohome.com and 1 more",https://www.instagram.com/farmharvesttohome/,India,yes,
naturalgardeneruk,871 posts,659 followers,306 following,"The Natural Gardener
Gardener
Our ethos is Nature’s Natural Cycle - we only use sustainable, organic and non-toxic products to help our plants grow... 
more
thenaturalgardener.co.uk and 1 more",https://www.instagram.com/naturalgardeneruk/,United Kingdom,yes,
theherbnest,21 posts,9 followers,,"HerbNest
theherbnest",https://www.instagram.com/theherbnest/,unknown,yes,
qautmar_store,9 posts,13 followers,7 following,"Mariam Shadhii | Health/Beauty/Fashion
👗Wauzaji wa Vitambaa vya kike
🌷Kanga,vitenge,batiki na vijora
🌿Jipende Organic Hair Products
✂️ Ushonaji na vifaa vya... 
more",https://www.instagram.com/qautmar_store/,Tanzania,yes,
happygolucky_mmdc,430 posts,586 followers,,"Rola
Live fully!
mmdcalchemy.com",https://www.instagram.com/happygolucky_mmdc/,unknown,yes,
obtain_nutrition,9 posts,14 followers,,"Obtain Nutrition
Medical & health
At Obtain Nutrition, we bring together the best of modern science and traditional herbal wisdom to support the health... 
more
obtainnutrition.com",https://www.instagram.com/obtain_nutrition/,unknown,yes,
inch.grow,16 posts,357 followers,1 following,"Grow Inch
Health & wellness website",https://www.instagram.com/inch.grow/,unknown,yes,
harika_chodisetti_,12 posts,69 followers,228 following,"chinnu❤️
Nature 💚
Travel ❤️",https://www.instagram.com/harika_chodisetti_/,unknown,no,
gwschool_chirawa,258 posts,578 followers,,"Gw School Chirawa
School
Hind Academy,Chirawa | GW Excellence School,India
+ 91 99281 12821 Hygiene | Infra | Sports | Academics | Activity |... 
more
maps.app.goo.gl/WLM7H99mDci7XdcZ7",https://www.instagram.com/gwschool_chirawa/,India,no,
blackgoldfertilizer,243 posts,"5,141 followers",,"blackgoldfertilizer
Agriculture
All the Riches of the Earth!®
www.blackgoldfertilizer.com",https://www.instagram.com/blackgoldfertilizer/,unknown,yes,
apzbnf,795 posts,"1,716 followers",55 following,"Andhra Pradesh Community Managed Natural Farming
Andhra Pradesh Community managed Natural Farming. Transforming farmer fields to become Climate-resilient & practise... 
more
apcnf.in",https://www.instagram.com/apzbnf/,India,yes,
gem_farms,152 posts,243 followers,240 following,"Jami Lamar
gem_farms
Product/service
Small farm growing natural produce. Sharing good food with the community",https://www.instagram.com/gem_farms/,unknown,yes,
earthworksunlimitedinc,135 posts,332 followers,131 following,"Earthworks Unlimited
The Trading Post at Earthworks Unlimited offers landscape supplies, local meats, milk, groceries, and propane;... 
more
1830 Dacusville Highway, Easley, South Carolina 29640
earthworkssc.com",https://www.instagram.com/earthworksunlimitedinc/,United States,yes,
kisan_mitra_01,18 posts,25 followers,4 following,"કિસાન મિત્ર મિક્ષ ખોળ
🌱""કિસાન મિત્ર મિક્ષ ખોળ""🌱
👉 જૈવિક કાર્બનથી સમૃદ્ધ ઓર્ગેનિક ખાતર, જે પાકને આપે વધારે ઉપજ.
🔸 આજે જ સંપર્ક કરો 🔸
📱 99099... 
more",https://www.instagram.com/kisan_mitra_01/,India,yes,
herbal_height_,62 posts,112 followers,2 following,"Herbal Height Powder
We combine ancient herbal wisdom with modern wellness to help you achieve natural growth & vitality. Trusted by families... 
more",https://www.instagram.com/herbal_height_/,India,yes,
bionemaltd,280 posts,271 followers,88 following,"Bionema Ltd
Agriculture
🏆UK-based leader
🌱Natural microbial solutions
🔬Crop protection & plant health
🌿Reducing pesticide/fertiliser use... 
more
ILS1, Swansea University, Singleton Park, Swansea, United Kingdom SA2 8PP
bionema.com",https://www.instagram.com/bionemaltd/,United Kingdom,yes,
vivek.gadhiya.111,16 posts,,,"Vivek Gadhiya
redwingbioware.com and 2 more",https://www.instagram.com/vivek.gadhiya.111/,India,yes,
tictt_2025,"1,690 posts","6,145 followers",352 following,"Trade & Investment Convention
The Caribbean’s premier multi-sectored and international tradeshow event, hosted by the Trinidad and Tobago... 
more
ttma.com/tic/buyers/registration",https://www.instagram.com/tictt_2025/,Trinidad and Tobago,yes,
pesticontrol,32 posts,31 followers,36 following,"Pesticontrol
All you need to know about pest control and management.
ℹ️ Reliable, accurate and free practical information from... 
more
www.pesticontrol.com",https://www.instagram.com/pesticontrol/,unknown,yes,
geo_green_coir_poy,178 posts,"1,171 followers","3,966 following","GEO GREEN
geo_green_coir_poy
We manufacture and selling all coir and cocounut products
All-over India and export
8807025447
geogreencoir@gmail.com
www.geogreenagro.com",https://www.instagram.com/geo_green_coir_poy/,India,yes,geogreencoir@gmail.com
tech.in.verse,45 posts,14 followers,7 following,"Techinverse
tech.in.verse
Built to Break Barriers.
Innovating boldly, disrupting fearlessly, powering the future.
techinverse.com",https://www.instagram.com/tech.in.verse/,unknown,yes,
brahmastra.pharmacy,554 posts,10.6K followers,8 following,"BRAHMASTRA PHARMACY
brahmastra.pharmacy
Health/beauty
YOUR HEALTH...OUR RESPONSIBILITY
Medicine is my passion, healing is my calling.
we providing free doctor consultation.
Ravi Kumar and 5 more",https://www.instagram.com/brahmastra.pharmacy/,India,yes,
childayurved,349 posts,39.3K followers,209 following,"Dr Arvind Mehare
Dr Arvind Mehare,
MD,Ph.D
Shri Vishwadatta Ayurved
Child Health Care Center,Pune,
For call-9420002275
www.childayurved.com",https://www.instagram.com/childayurved/,India,yes,
natfit86,"1,184 posts","1,837 followers",496 following,"Manoj Chaudhary
Coach
Qualified fitness trainer 🏋️‍♂️
American council of exercise certified 👨‍🏫
7 years experience 👨‍🔧
youtu.be/vcSuMZEfzsc",https://www.instagram.com/natfit86/,India,no,
ashwinirajasekharan,75 posts,,,"AshRaj
⸘ Petrarchan / Shakespearean ‽
.
.
Dante Alighieri, perhaps!",https://www.instagram.com/ashwinirajasekharan/,Italy,no,
heightbadhaoindia,115 posts,10.1K followers,26 following,"Height badhao By Saviour
Product/service
🌟Unlock Your Height Potential
🧑‍⚕️Ayurvedic Height Growth Expert
🌿Proven Results | Transformation live 🌈
🤝 Trusted by 1... 
more
wa.link/qv1ps4 and 1 more",https://www.instagram.com/heightbadhaoindia/,India,yes,
theherbnest,21 posts,9 followers,,"HerbNest
theherbnest",https://www.instagram.com/theherbnest/,unknown,yes,
o.d.r.f_official,183 posts,674 followers,478 following,"O・D・R・F
o.d.r.f_official
Industrial Company
大阪で革靴製品、革小物を製造販売しています。
自社ブランド→#grownaturally
1足からオーダーも受け付けておりますのでお気軽にお問合せ下さい。
www.odrf-grow.com and 3 more",https://www.instagram.com/o.d.r.f_official/,Japan,yes,
gem_farms,152 posts,243 followers,240 following,"Jami Lamar
gem_farms
Product/service
Small farm growing natural produce. Sharing good food with the community",https://www.instagram.com/gem_farms/,unknown,yes,
ezshop.asiaofficial,823 posts,"3,281 followers","2,806 following","EZShop Asia
ezshop.asiaofficial
This is the Official IG Account of EZShop! 💙❤
Get to know more of our products here.
Send us a DM!
www.ezshop.asia",https://www.instagram.com/ezshop.asiaofficial/,unknown,yes,
apzbnf,795 posts,"1,716 followers",55 following,"Andhra Pradesh Community Managed Natural Farming
Andhra Pradesh Community managed Natural Farming. Transforming farmer fields to become Climate-resilient & practise... 
more
apcnf.in",https://www.instagram.com/apzbnf/,India,yes,
heavenclass_cosmetics,74 posts,10 followers,,"Heaven_Class
✨ Modern & Trendy
Heaven Class 💄✨
☁️ Makeup. Magic. Confidence.
💖 Glow heavenly, every day",https://www.instagram.com/heavenclass_cosmetics/,unknown,yes,
kisan_mitra_01,18 posts,25 followers,4 following,"કિસાન મિત્ર મિક્ષ ખોળ
🌱""કિસાન મિત્ર મિક્ષ ખોળ""🌱
👉 જૈવિક કાર્બનથી સમૃદ્ધ ઓર્ગેનિક ખાતર, જે પાકને આપે વધારે ઉપજ.
🔸 આજે જ સંપર્ક કરો 🔸
📱 99099... 
more",https://www.instagram.com/kisan_mitra_01/,India,yes,
herbal_height_,62 posts,112 followers,2 following,"Herbal Height Powder
We combine ancient herbal wisdom with modern wellness to help you achieve natural growth & vitality. Trusted by families... 
more",https://www.instagram.com/herbal_height_/,India,yes,
johnsonsmillingandfeed,"3,699 posts",789 followers,525 following,"Johnson’s Milling And Feed
Retail company
A modern retail home, garden, farm and feed supply store with an ol' timey attitude. Come see us. Since 1986...More... 
more
8810 US Highway 64 90 W, Taylorsville, North Carolina 28681
www.johnsonsmillingandfeed.com",https://www.instagram.com/johnsonsmillingandfeed/,United States,yes,
rsorganic5,29 posts,6 followers,6 following,"rsorganic
🌿RS Organic🌿
Organic Plant Care Solutions 🌱
Selling on Meesho, Amazon & Flipkart
📞 DM for Orders & Inquiries
www.rsorganicfarming.com",https://www.instagram.com/rsorganic5/,India,yes,
frenchapartment_ladies,500 posts,726 followers,2 following,"FRENCH APARTMENT Ladies account
Apparel & clothing
岡山市北区問屋町12-106
℡0868056687
open10:00〜18:30
お問い合わせ、通信販売希望はお電話またはDMにご連絡ください※DMへの返信にはお日にちをいただく場合がございます
Kid's, Zakka▷... 
more
frenchapartment.stores.jp",https://www.instagram.com/frenchapartment_ladies/,Japan,yes,
spectrumgardening,"1,648 posts","1,058 followers","2,945 following","Spectrum Gardening
spectrumgardening
Local business
spectrumgardening.com",https://www.instagram.com/spectrumgardening/,unknown,yes,
mustafafarmingmarketing,103 posts,305 followers,2 following,"Adnan Hussain
mustafafarmingmarketing
Urban Farm
Discover success with Mustafa Farming & Marketing! Expert farming solutions & marketing strategies.
Follow Us
Contact:... 
more",https://www.instagram.com/mustafafarmingmarketing/,unknown,yes,
miss.messylu,9 posts,,,"Misslulu🇦🇴
miss.messylu",https://www.instagram.com/miss.messylu/,Angola,no,
magicpeels,142 posts,557 followers,251 following,"Earth Quotient
Entrepreneur
Bioenzyme based Natural Products!
DM to place an order!
Skin Care, Home Care, Pet Care, Agri Products
www.earthquotient.life and 1 more",https://www.instagram.com/magicpeels/,unknown,yes,
omni_trends,13 posts,27 followers,7 following,"Omnitrends.shop
🚀 Fast & Reliable Shipping
🌍 Pakistan Shipping
💯 Premium Quality Products
💸 Affordable Prices
🔄 Easy Returns & Refunds... 
more
www.omnitrends.shop",https://www.instagram.com/omni_trends/,Pakistan,yes,
miss.tora.frenchie,70 posts,"1,332 followers","1,033 following","Brigita Soviene
miss.tora.frenchie
Personal blog
🎀 Miss Tora the Frenchie
🎂 Valentine’s baby 💘 14.02.2018🇱🇹
👑 Boss of the house
😜 Zoomies, snorts & sass daily
😍 Don’t... 
more",https://www.instagram.com/miss.tora.frenchie/,Lithuania,no,
_growthheight_,346 posts,"2,254 followers",28 following,"Height growth - PhysiqueAID
Product/service
✨️|Helping People To Grow Taller
❤️|Natural & Organic Way
💯|Trusted Since 2018
📩|Dm ""Growth"" For INFO
🎒|Main Ac... 
more
linktr.ee/_heightgrowth_",https://www.instagram.com/_growthheight_/,unknown,yes,
theherbnest,21 posts,9 followers,,"HerbNest
theherbnest",https://www.instagram.com/theherbnest/,unknown,yes,
janessa.leanne.roy,"3,876 posts","1,221 followers","1,026 following","Janessa Léanne Roy
janessa.leanne.roy
MEd PBDE BA
Personal Trainer & Nutritionist
IFBB Pro
Powered by @purevitalabs ... 
more
ca.pvl.com/?aff=210 and 1 more",https://www.instagram.com/janessa.leanne.roy/,Canada,no,
jankiorganics,41 posts,20 followers,8 following,"JANKI ORGANICS | Vermicompost Manufacturer
Leading Manufacturing Vermicompost Unit in Ganaur , Sonipat , Haryana
Wholeseller of Vermicompost (organic fertilizer)... 
more
Ganaur , begha datauli road , Sonipat , Haryana, Sonipat 131101",https://www.instagram.com/jankiorganics/,India,yes,
herbal_height_,62 posts,112 followers,2 following,"Herbal Height Powder
We combine ancient herbal wisdom with modern wellness to help you achieve natural growth & vitality. Trusted by families... 
more",https://www.instagram.com/herbal_height_/,India,yes,
long_looks,496 posts,23.5K followers,3 following,"Long Looks
Health & wellness website
Fuel your growth!
Science-backed Ingredients🌿
World’s No. 1 Formula!
Trusted by 1M+ Customers l 24 Years of Legacy
For ... 
more
la-elega.in/collections/long-looks-collection and 2 more",https://www.instagram.com/long_looks/,India,yes,
mr_organiccc,45 posts,63 followers,11 following,"Mr.Organic
E-commerce website
""Unbox Green Happiness 🌿 🎁""
💯 Fast And Free Shipping all over India 🇮🇳
🔎 Explore Our Site
mrorganiic.in and 1 more",https://www.instagram.com/mr_organiccc/,India,yes,
only_for_organic,431 posts,869 followers,119 following,"Only For Organic, India
Agricultural Service
Seeds, Fertilisers and Gardening Equipments 🇮🇳
Firm vision to inspire people to Go Green🌿
Delivery - All over India
www.onlyfororganic.com",https://www.instagram.com/only_for_organic/,India,yes,
frenchapartment_ladies,500 posts,726 followers,2 following,"FRENCH APARTMENT Ladies account
Apparel & clothing
岡山市北区問屋町12-106
℡0868056687
open10:00〜18:30
お問い合わせ、通信販売希望はお電話またはDMにご連絡ください※DMへの返信にはお日にちをいただく場合がございます
Kid's, Zakka▷... 
more
frenchapartment.stores.jp",https://www.instagram.com/frenchapartment_ladies/,Japan,yes,
maxcell.terrace.gardens,352 posts,509 followers,"1,847 following","Mayank Dholariya
Entrepreneur
Maxcell Biotics believe that a healthy soil today will produce healthy food tomorrow
Premium Quality Seeds available... 
more
maxcellbiotics.com",https://www.instagram.com/maxcell.terrace.gardens/,India,yes,
homesevaagro.in,83 posts,"1,770 followers",12 following,"homesevaagro
Agricultural Service
🌱 मजबूत मुळे • निरोगी पिके • अधिक उत्पादन 🌾🔥
HS Ultra PGR Range – मृदा आरोग्य, फुलोऱ्याला चालना, मोठी फळे आणि जलद वाढ!",https://www.instagram.com/homesevaagro.in/,India,yes,
utpann_organic_fertilizer,352 posts,627 followers,68 following,"GOVARDHANNATHJI ENERGIES LLP
Agricultural Service
Find us on YouTube
UTPANN Organic fertilizer
#Utpann_Organic_Fertilizer
#Utpann_PlantBooster... 
more
S. R. No. 2373, At - Pij, Ta - Vaso, Dist- Kheda, Vaso, India 387230
www.utpann.in and 4 more",https://www.instagram.com/utpann_organic_fertilizer/,India,yes,
kisan_mitra_01,18 posts,25 followers,4 following,"કિસાન મિત્ર મિક્ષ ખોળ
🌱""કિસાન મિત્ર મિક્ષ ખોળ""🌱
👉 જૈવિક કાર્બનથી સમૃદ્ધ ઓર્ગેનિક ખાતર, જે પાકને આપે વધારે ઉપજ.
🔸 આજે જ સંપર્ક કરો 🔸
📱 99099... 
more",https://www.instagram.com/kisan_mitra_01/,India,yes,
grow_naturally_norfolk,290 posts,112 followers,75 following,"Matt Tebbutt
he/him
Providing outdoor education in Norfolk as well as crafts from natural and as locally sourced materials as possible.",https://www.instagram.com/grow_naturally_norfolk/,United Kingdom,yes,
bmw_greens,27 posts,723 followers,2 following,"🌿 Plant Growth Booster
🌾 Rich in essential nutrients
🔬100% lab tested for quality & safety
🌱 Improves soil quality... 
more",https://www.instagram.com/bmw_greens/,unknown,yes,
riyadul_digital_marketer,46 posts,137 followers,563 following,"RIYADUL JANNAT
Social Media Agency
Riyadul Jannat. Social Media Growth 🌱 |Reels 🎬Carousels 📑Strategy 📊| Organic Growth (No Paid Ads)",https://www.instagram.com/riyadul_digital_marketer/,Bangladesh,no,
aryan_organics_,16 posts,13 followers,19 following,"Rutvik Patel
Vadodara’s Trusted Herbal Hub 🌿
AryanOrganics Pasti – Pure. Potent.
💪 Boost Energy • Detox Naturally
📍 Vadodara
📩 DM... 
more
aryanorganics.odoo.com and 1 more",https://www.instagram.com/aryan_organics_/,India,yes,
strongrootshealthyfarming,383 posts,749 followers,349 following,"Strong Roots
Strong Roots Healthy Farming is a small, family business owned and operated out of Valley Center, Kansas. We grow... 
more
3059 E 5th, Valley Center, Kansas 67147
strongrootshealthyfarming.com",https://www.instagram.com/strongrootshealthyfarming/,United States,yes,
labor_of_love_2020,385 posts,179 followers,349 following,"Labor of Love Lifestyle
Blogger
Husband and wife team working on our labor of love...homes, DIY projects, farm living, home cooking recipes and more!!",https://www.instagram.com/labor_of_love_2020/,unknown,no,
grow.naturally.bangladesh,307 posts,85 followers,4 following,"Grow Naturally
Beauty, cosmetic & personal care
যারা শুধু ১০০% খাঁটি জিনিসের খোঁজে আছেন, তাদের জন্য আমাদের এই পেইজ। WhatsApp number - 01601804500",https://www.instagram.com/grow.naturally.bangladesh/,Bangladesh,yes,
sharnamarketer,60 posts,43 followers,175 following,"Sharna | Digital marketing specialist |
Social Media Agency
👍 Professional Digital Marketer.
👉 Social Media | Branding.
👉 Meta & Google Ads Specialist.
👉 SEO Expert.
👍 Helping To... 
more",https://www.instagram.com/sharnamarketer/,unknown,yes,
ontario_growers_supply,197 posts,907 followers,143 following,"Ontario Growers Supply
ontario_growers_supply
City
Indoor, outdoor growing supplies. Plant lighting. Growing mediums, etc.
1 Adelaide St N, London, Ontario N6B 3P8
ontariogrowerssupply.com",https://www.instagram.com/ontario_growers_supply/,Canada,yes,
krioskincare,128 posts,"1,364 followers",700 following,"krio skincare
krioskincare
Health/beauty
African beauty | Plant-based all body care. Glow Naturally. As Seen in @latimes @esquire @thestrategist
Being Ashy is... 
more",https://www.instagram.com/krioskincare/,Sierra Leone,yes,
kisan_mitra_01,18 posts,25 followers,4 following,"કિસાન મિત્ર મિક્ષ ખોળ
🌱""કિસાન મિત્ર મિક્ષ ખોળ""🌱
👉 જૈવિક કાર્બનથી સમૃદ્ધ ઓર્ગેનિક ખાતર, જે પાકને આપે વધારે ઉપજ.
🔸 આજે જ સંપર્ક કરો 🔸
📱 99099... 
more",https://www.instagram.com/kisan_mitra_01/,India,yes,
janessa.leanne.roy,"3,876 posts","1,221 followers","1,026 following","Janessa Léanne Roy
janessa.leanne.roy
MEd PBDE BA
Personal Trainer & Nutritionist
IFBB Pro
Powered by @purevitalabs ... 
more
ca.pvl.com/?aff=210 and 1 more",https://www.instagram.com/janessa.leanne.roy/,Canada,no,
kshupa_hair_and_skin_care,404 posts,"1,380 followers","1,994 following","KSHUPA
kshupa_hair_and_skin_care
Beauty, cosmetic & personal care
LAB TESTED
FDA APPROVED, GMP & ISO CERTIFIED.
COMPLETE HAIR & SKIN PROBLEM'S SOLUTION.
🌿✨5000+ HAPPY CUSTOMER'S✨🌿
📞... 
more
3- UMA BHAVAN, 201, THAKORDWAR SOC, NEAR OPERA HOUSE, MINI BAZAR, Surat, Gujarat 395006
www.facebook.com/share/gmuLMkv74HoofSJj/?mibextid=qi2Omg and 4 more",https://www.instagram.com/kshupa_hair_and_skin_care/,India,yes,
sunchokefarms,"1,335 posts",901 followers,357 following,"Sunchoke Farms
Agriculture
Mom ➕ Urban Farmer ➕ Life Coach.
I help people lead healthier lives.
Find out more: www.sunchokefarms.com
824 Lindsey St, South Bend, Indiana 46616-1223
www.sunchokefarms.com and 1 more",https://www.instagram.com/sunchokefarms/,United States,yes,
accentinternationals,172 posts,873 followers,"2,691 following","Accent Internationals
Agriculture
Agriculture & Farming Equipment Supplier 🇮🇳
www.accentinternationals.com
#agriculture #farmingequipments #farm #ağrı... 
more
Accent Internationals",https://www.instagram.com/accentinternationals/,India,yes,
gem_farms,152 posts,243 followers,240 following,"Jami Lamar
gem_farms
Product/service
Small farm growing natural produce. Sharing good food with the community",https://www.instagram.com/gem_farms/,unknown,yes,
sohasoaps,78 posts,107 followers,12 following,"SOHA🌸
sohasoaps
#organicsoaps",https://www.instagram.com/sohasoaps/,unknown,yes,
fedderfarms,"1,669 posts",263 followers,304 following,"Jeff Feddersen
fedderfarms
We grow and and we grow good!",https://www.instagram.com/fedderfarms/,unknown,yes,
organicgardenermag,"2,311 posts",67.8K followers,963 following,"ABC Organic Gardener Magazine
Dig into organic gardening 🌱
Live green, eat well, grow happy🌻
Tap the link for tips, inspo & more 👇
links.organicgardener.com.au",https://www.instagram.com/organicgardenermag/,Australia,yes,
healthyherbalveda,61 posts,915 followers,,"Healthy herbal veda
Product/service
www.healthyherbalveda.com and 1 more",https://www.instagram.com/healthyherbalveda/,India,yes,
kopeatexports2012,99 posts,36 followers,4 following,"Kopeat Exports
Shipping Supply & Service
🌱 KOPEAT EXPORTS | Trusted Coco Peat 🌍 From South India to the World | Premium Quality • Global Shipping • Eco Roots,... 
more",https://www.instagram.com/kopeatexports2012/,India,yes,
lifeisanorganicgarden,"5,561 posts",29.1K followers,"1,003 following","Jill _organic veggie garden
Personal blog
Fruit and veg urban farmer
Soil to Sustenance
Cape Town suburban gardener 👩🏻‍🌾
Grower of unusual edibles",https://www.instagram.com/lifeisanorganicgarden/,South Africa,no,
yatesmindy,522 posts,864 followers,"1,263 following","Mindy Yates
yatesmindy
Wife & Mom 💃🏼❤️
Cycle Instructor, Gardener, Certified Wildlife Habitat, and becoming a Potter. 🚴🏼‍♀️👩‍🌾🌷🌻🦋🐸🐝🦉🪴",https://www.instagram.com/yatesmindy/,unknown,no,
honehilldreaming,"2,037 posts",21.3K followers,863 following,"Delia May West
Gardener
My artist canvas🧡Creating and nurturing my colourful, field cottage garden framed by the Devon hills. Featured on BBC... 
more",https://www.instagram.com/honehilldreaming/,United Kingdom,no,
reshgala,"1,937 posts",309K followers,"1,905 following","Resh Gala | Organic Gardener
reshgala
New Jersey, US
Garden Designer & Coach - Creating Organic Food Gardens in NJ & PA @hundredtomatoes
Author, Vegetable... 
more
www.reshgala.com and 2 more",https://www.instagram.com/reshgala/,United States,yes,
organic_gwen,"1,571 posts",151K followers,890 following,"Organic Gwen
Growing most of our Veggies at 🏡 in Raised Garden Beds.
Been doing it for 12 yrs & it's the best decision I've ever... 
more
Organic Gwen",https://www.instagram.com/organic_gwen/,unknown,yes,
an.edible.garden,"1,586 posts","6,311 followers",984 following,"An Edible Garden
Jenny
Australia
Growing Organic and Heirloom Vegetables
Preserving Food Naturally.
Dehydrating,Canning(bottling) and... 
more",https://www.instagram.com/an.edible.garden/,Australia,yes,
smallfarmcharm,"4,019 posts",11.7K followers,"6,885 following","Amy Gogert
smallfarmcharm
Believer ✝️
Brain Surgery Survivor 💜
Mental Health Warrior 💚
Gardener/Small Farmer/Homesteader 👩‍🌾
#smallfarmcharm
linktr.ee/agogert",https://www.instagram.com/smallfarmcharm/,unknown,no,
highfield_gardens,"1,245 posts","4,375 followers",985 following,"David Kennedy| Garden Creator
highfield_gardens
Gardener
🇦🇺Garden tips
Horticulturist -designer
Inspirational garden made from scratch. Open 27th &28th Sept
BH&G,Australian... 
more
www.cloverhillrareplants.com and 3 more",https://www.instagram.com/highfield_gardens/,Australia,yes,
klein.gartenkunst,602 posts,"1,692 followers",357 following,"Patrizia
Kleingärtner/in / Künstler/in
organic garden / wild flower garden / bee friend🇨🇭",https://www.instagram.com/klein.gartenkunst/,Switzerland,no,
dig_sow_grow,"2,230 posts","7,508 followers","5,134 following","Natasha Spearing
dig_sow_grow
Gardener
🌿 RHS Trained Organic Gardener
🐝 Creating pollinator friendly gardens
🥕 Garden, allotment area, & work projects
📍... 
more
www.instagram.com/savebutterflies",https://www.instagram.com/dig_sow_grow/,United Kingdom,yes,
devonandearth,"1,272 posts",85.3K followers,"1,173 following","Rhiannon | vegetable gardener, founder of Devon Dig and Donate
she/her
Digital creator
Vegetable grower, educator, self-sufficiency.
Founder of @devon_dig_and_donate community garden.
Email for... 
more
devonandearth--impactbundles.thrivecart.com/homestead-bundle and 2 more",https://www.instagram.com/devonandearth/,United Kingdom,yes,
hangontothewind,293 posts,"2,841 followers",976 following,"Debra | hangontothewind
hangontothewind
bakery and garden
🍓it’s yummy here",https://www.instagram.com/hangontothewind/,unknown,yes,
islandcrofter,"2,398 posts","5,116 followers","2,485 following","Crofter
Trying to live sustainably on our windswept Isle of Skye croft. Homebaking, woodland, veg growing, breadhead, honesty... 
more
islandcrofter.substack.com",https://www.instagram.com/islandcrofter/,United Kingdom,no,
howtogardenorg,469 posts,"4,986 followers",177 following,"How to Garden
Home & Garden Website
Want to become a great gardener? 🥬 Learn how to grow your own organic food, herbs, flowers, and more 🌷🧄🌽 Below you can... 
more",https://www.instagram.com/howtogardenorg/,unknown,yes,
the_gardenerben,"12,524 posts",48.6K followers,"2,866 following","Ben Hamilton Anderson, Rose Expert & Plant Reviewer
him/he
the_gardenerben
Digital creator
Rose expert & plant reviewer
Organic Cottage garden,tips,how-2s
(4 million YouTube views)
Garden podcaster collabs... 
more
youtube.com/channel/UCA1PX-VWMiL6msSO0t6irQg and 4 more",https://www.instagram.com/the_gardenerben/,unknown,no,
saucedgardens,582 posts,"3,473 followers",627 following,"Beth 👧 and Gus 🐕 Small Space Gardening
saucedgardens
Growing my food in a small space urban garden (319sqm)
Cooking/Baking from scratch with seasonal harvests and a FT job... 
more
buymeacoffee.com/saucedgardens/e/452965",https://www.instagram.com/saucedgardens/,unknown,yes,
alisgardeningdream,"1,848 posts","3,779 followers","1,412 following","Alis's Dream
alisgardeningdream
Gardener
🍅 Heirloom tomato grower
🫑 Veggies baskets are my passion
My motto: YOU CAN'T WATER HOW MUCH I CAN GROW!🫣",https://www.instagram.com/alisgardeningdream/,unknown,yes,
lepingy,566 posts,"1,506 followers","1,264 following","Pingy Lee
lepingy
🇲🇾/🇨🇦Toronto/Markham/GTA
Sharing many spoonful of happiness
possible daily shenanigans
Beginner level baker
my... 
more",https://www.instagram.com/lepingy/,Malaysia,no,
honehilldreaming,"2,037 posts",21.3K followers,863 following,"Delia May West
Gardener
My artist canvas🧡Creating and nurturing my colourful, field cottage garden framed by the Devon hills. Featured on BBC... 
more",https://www.instagram.com/honehilldreaming/,United Kingdom,no,
lifeisanorganicgarden,"5,561 posts",29.1K followers,"1,003 following","Jill _organic veggie garden
Personal blog
Fruit and veg urban farmer
Soil to Sustenance
Cape Town suburban gardener 👩🏻‍🌾
Grower of unusual edibles",https://www.instagram.com/lifeisanorganicgarden/,South Africa,no,
devonandearth,"1,272 posts",85.3K followers,"1,173 following","Rhiannon | vegetable gardener, founder of Devon Dig and Donate
she/her
Digital creator
Vegetable grower, educator, self-sufficiency.
Founder of @devon_dig_and_donate community garden.
Email for... 
more
devonandearth--impactbundles.thrivecart.com/homestead-bundle and 2 more",https://www.instagram.com/devonandearth/,United Kingdom,yes,
organicgardendreams,781 posts,"5,048 followers","1,896 following","Christina Schwarz
Passionate organic gardener with a special love for all things English, roses, historic homes, afternoon tea, interiors,... 
more
organicgardendreams.com",https://www.instagram.com/organicgardendreams/,United Kingdom,yes,
the_gardenerben,"12,524 posts",48.6K followers,"2,866 following","Ben Hamilton Anderson, Rose Expert & Plant Reviewer
him/he
the_gardenerben
Digital creator
Rose expert & plant reviewer
Organic Cottage garden,tips,how-2s
(4 million YouTube views)
Garden podcaster collabs... 
more
youtube.com/channel/UCA1PX-VWMiL6msSO0t6irQg and 4 more",https://www.instagram.com/the_gardenerben/,unknown,no,
jessukgardendiaries,334 posts,"7,606 followers",483 following,"Jess UK Garden Diaries
jessukgardendiaries
Personal blog
🥕 Beginner Kitchen Garden ~ May 2023
🌷 Flower lover
🌱 My Garden Diaries
💐 Flower Show & Garden visits
💌... 
more",https://www.instagram.com/jessukgardendiaries/,United Kingdom,no,
an.edible.garden,"1,586 posts","6,311 followers",984 following,"An Edible Garden
Jenny
Australia
Growing Organic and Heirloom Vegetables
Preserving Food Naturally.
Dehydrating,Canning(bottling) and... 
more",https://www.instagram.com/an.edible.garden/,Australia,yes,
rhonda.sterrett,"1,875 posts","1,192 followers","2,230 following","Rhonda Lochner Sterrett
rhonda.sterrett
I'm glad our paths crossed 😍 | 🇺🇲 USA - Georgia/Marietta| 🙏🙏 for your follow/likes/comments 🙏🙏",https://www.instagram.com/rhonda.sterrett/,USA,no,
abb_smythe,"1,052 posts",311 followers,838 following,"Abbey Smythe
I’m not like a regular mum, I’m a dog mum
🐶🐶🐶🐶
Founder @ellee_thelabel
Adventures with @pepperandpals_au 🐶",https://www.instagram.com/abb_smythe/,Australia,yes,
gardenerskit,726 posts,"2,363 followers",565 following,"Gardener’s Kit
specialty garden tools + ladders for keen gardeners, professional and amateur alike. retail showroom in victoria 🇨🇦
169 Langford Street, Victoria, British Columbia V9A 3B8
linktr.ee/gardenerskit",https://www.instagram.com/gardenerskit/,Canada,yes,
nicholsonhardie,"2,150 posts",31.8K followers,998 following,"nicholson-hardie📍
Shopping & retail
EST. 1899
family-owned 🇺🇸
home+garden shops
store cats birdie+bonkers🐈‍⬛🐈
tux... 
more
nicholson-hardie.com/wp-content/uploads/2024/05/Nicholson-Hardie_Employment-Application_2024.pdf",https://www.instagram.com/nicholsonhardie/,United States,yes,
russellevans446,948 posts,"3,283 followers","2,593 following","Russell Evans
Photo’s from my own garden in North Wales, garden visits, countryside, and wildlife.🏴󠁧󠁢󠁷󠁬󠁳󠁿🇬🇧🌻🐕‍🦺🌳",https://www.instagram.com/russellevans446/,United Kingdom,no,
wonderinginthepeace,723 posts,577 followers,860 following,"wonderinginthepeace
Free thinking lover of nature, books & poetry, micro acts of resistance daily, kindness always, musings.🌿
the.fotoapp.co/wanderingsoul",https://www.instagram.com/wonderinginthepeace/,unknown,no,
garden.of.eaton_,9 posts,22 followers,19 following,"Garden Of Eaton
🥕 Learning as I grow 🌱
🍅 From garden to table 🥗
🥒 Sharing my journey : soil to soul 🌶
🌽 NW Indiana | Zone 6a-5b 🌎
Also... 
more",https://www.instagram.com/garden.of.eaton_/,United States,yes,
back_to_the_origins_il,573 posts,"1,152 followers",700 following,"Ionela Lazar
Gardener
Self-sufficient where possible
Food preserver
Beauty recipes and food recipes ... 
more
www.youtube.com/@BacktotheoriginsIL",https://www.instagram.com/back_to_the_origins_il/,Israel,no,
mudhutters_,674 posts,"1,075 followers","1,330 following","Linda and Chris
mudhutters_
Personal blog
Homesteading 👨‍🌾
Self - Catering Cottage 🏡
Organic garden, chilli sauces , jams 🍃🌶️
Bee keeper 🐝
Guided Nature Walks 🌳... 
more
www.airbnb.com/rooms/10320122",https://www.instagram.com/mudhutters_/,unknown,yes,
shoreknitr,"1,935 posts",984 followers,"1,838 following","Mary L, SW Nova Scotia
slices of my life
🦮2 doods🐕‍🦺
🐳keep our oceans clean
🥖Sourdough baker
grow... 
more",https://www.instagram.com/shoreknitr/,Canada,no,
dig_sow_grow,"2,230 posts","7,509 followers","5,134 following","Natasha Spearing
dig_sow_grow
Gardener
🌿 RHS Trained Organic Gardener
🐝 Creating pollinator friendly gardens
🥕 Garden, allotment area, & work projects
📍... 
more
www.instagram.com/savebutterflies",https://www.instagram.com/dig_sow_grow/,United Kingdom,yes,
garden_with_the_view,455 posts,535 followers,440 following,"Garden With the View
Little organic farm situated at the sunny mountain side surrounded with fruit trees, sweet chestnut wood, meadows of... 
more",https://www.instagram.com/garden_with_the_view/,unknown,yes,
rustandseed,57 posts,507 followers,601 following,"RUST + SEED - Valerie
Gardening l Soapmaking | Canning
1.39 Acres in Zone 9B Rural San Diego.
Valerie a Pastry Chef turned Accountant &
Tracy... 
more",https://www.instagram.com/rustandseed/,United States,yes,
grow_garnish,231 posts,"1,527 followers","1,477 following","Fatema Kabir
A passionate lady gardener who cares for plants and planet both.🌍🏞",https://www.instagram.com/grow_garnish/,unknown,no,
angelgardendiary,48 posts,358 followers,346 following,"Angel Garden Diary 🪴
Vegetable Gardening 👩‍🌾
Backyard kitchen garden 🪴
Started gardening in 2020
Bucks County, PA | Zone 7a",https://www.instagram.com/angelgardendiary/,United States,no,
quentissentialgardens,285 posts,"1,430 followers",858 following,"Quentissential Gardens
quentissentialgardens
Agriculture
Family owned farm specializing in growing, cultivating, and maintaining organic gardens.
📍Los Angeles
www.quentissentialgardens.com",https://www.instagram.com/quentissentialgardens/,United States,yes,
figmentcottagegardens,"1,113 posts",151K followers,862 following,"English Cottage Garden Designer | Caroline Maurer 7b
she/her
Let’s turn your yard into a botanical fairytale.
👩🏻‍🌾 Maryland + Virtual Custom Design
⭐️ 5-stars | 1,000+ gardens... 
more
linktr.ee/Figmentcottagegardens",https://www.instagram.com/figmentcottagegardens/,United States,yes,
honehilldreaming,"2,037 posts",21.3K followers,863 following,"Delia May West
Gardener
My artist canvas🧡Creating and nurturing my colourful, field cottage garden framed by the Devon hills. Featured on BBC... 
more",https://www.instagram.com/honehilldreaming/,United Kingdom,no,
an.edible.garden,"1,586 posts","6,311 followers",984 following,"An Edible Garden
Jenny
Australia
Growing Organic and Heirloom Vegetables
Preserving Food Naturally.
Dehydrating,Canning(bottling) and... 
more",https://www.instagram.com/an.edible.garden/,Australia,yes,
cheryl1311,83 posts,,,Cheryl Whelan,https://www.instagram.com/cheryl1311/,unknown,no,
lovetogrow_,698 posts,"4,534 followers","1,277 following","Janene’s Micro Flower Farm
Local business
• Organic seasonal fresh flowers & seedlings available every day at our road side stall
• Garden consultations... 
more
www.lovetogrow.com.au",https://www.instagram.com/lovetogrow_/,Australia,yes,
rnlyn1,"7,030 posts","4,922 followers",955 following,"RNlyn1
She believed she could so she did",https://www.instagram.com/rnlyn1/,unknown,no,
pivotfarm,"1,543 posts",192K followers,"3,597 following","Brandelyn Tafoya - From Scratch Cooking | Low Tox Homestead
Digital creator
🫙Master from-scratch cooking & low-tox living
🌿Old-school skills for a modern life
🍞Recipes•Links•Growing food at home... 
more
pivotfarmllc.com/mylinks and 1 more",https://www.instagram.com/pivotfarm/,unknown,yes,
filipesoaresinteriors,454 posts,"1,142 followers","2,680 following","Filipe Soares Interiors & Gardens
Interior Design Studio
INTERIORS & GARDENS
Boston, Worcester Massachusetts
Merging contemporary/vintage
Pushing creative boundaries to achieve... 
more
www.filipesoaresinteriors.com",https://www.instagram.com/filipesoaresinteriors/,United States,yes,
rylattsgardening,395 posts,738 followers,693 following,"Greg Rylatt
rylattsgardening
Gardener
🔸Isle of wight based gardener
🔸Gardening for wildlife!
Rylatts Gardening",https://www.instagram.com/rylattsgardening/,United Kingdom,yes,
drummersgardenfloral,"1,767 posts","3,269 followers","1,307 following","Drummers Garden & Floral
Year-round garden center, florist, & home goods 🪴
#drummersgardencenter #drummersgardenfloral
281 Saint Andrews Dr, Mankato, Minnesota 56001
drummersgardencenter.com/events and 2 more",https://www.instagram.com/drummersgardenfloral/,United States,yes,
theorganicgardenco,344 posts,425 followers,703 following,"The organic garden co.
theorganicgardenco
Landscape Company
Garden design and build .
Organic gardening expert
SGD pre registered member
(BALI) approved contractor
LOOKING AFTER... 
more
www.theorganicgardenco.co.uk and 1 more",https://www.instagram.com/theorganicgardenco/,United Kingdom,yes,
799minifarm,11 posts,24 followers,42 following,"799 Mini Farm
Growing organic dreams, one leaf at a time. 🍃 | Veggies, fruit trees & nursery love. |",https://www.instagram.com/799minifarm/,unknown,yes,
shivangi_kanwar_,55 posts,,,"Shivangi Kanwar
shivangi_kanwar_",https://www.instagram.com/shivangi_kanwar_/,India,no,
sarah_rivett_carnac,"3,057 posts","4,007 followers","3,443 following","Sarah Rivett-Carnac
Travels & gardening , dogs & hens, pots & painting. Charlton Farm Garden open by appointment for @the_riv_trust... 
more
sarahrivett-carnac.co.uk and 2 more",https://www.instagram.com/sarah_rivett_carnac/,United Kingdom,yes,
scott_gruber_calendula_farm,"1,206 posts",996 followers,193 following,"Scott Gruber
Nurseries & Gardening Store
Tacoma's Landscaping & Plant Nursery
Tues-Sat. 10am-6pm. Sunday 10-5
We acknowledge indigenous land we're on... 
more
5111 36th Ave E, Tacoma, Washington 98443
www.calendulafarm.com and 4 more",https://www.instagram.com/scott_gruber_calendula_farm/,United States,yes,
saucedgardens,582 posts,"3,473 followers",627 following,"Beth 👧 and Gus 🐕 Small Space Gardening
saucedgardens
Growing my food in a small space urban garden (319sqm)
Cooking/Baking from scratch with seasonal harvests and a FT job... 
more
buymeacoffee.com/saucedgardens/e/452965",https://www.instagram.com/saucedgardens/,unknown,yes,
tai_peng_community_garden,429 posts,255 followers,209 following,"A gardener on Lamma
🐞 Part of a community garden in Tai Peng village on Lamma Island, HK. Also a rooftop garden and helping @lokyinfarm 🌱🪴🥕
m.youtube.com/watch?v=1lVtIOQv0To&fbclid=IwAR3SgPvdojJP1wQh3l9ZLSfWqd7SZovvj9OF5mW734jdzCIxAbMp4ANFdsQ and 1 more",https://www.instagram.com/tai_peng_community_garden/,Hong Kong,no,
edibleedendesign,894 posts,"3,378 followers",490 following,"Edible Eden Design
Author, Edible/Permaculture Design & Consult, Bush Food & School Gardens, lives in Gunyah Garden with 200 edible-useful... 
more
Pascoe Vale South, Melbourne, Victoria, Australia 3044
www.edibleeden.com.au",https://www.instagram.com/edibleedendesign/,Australia,yes,
asthallmanor,408 posts,"9,542 followers","2,383 following","Asthall Manor
asthallmanor
Historic Manor and dreamy garden. Open for special events around art, nature & community. Not open for drop-ins - check... 
more
Asthall Manor, Asthall, Burford OX18 4HW
linktr.ee/asthallmanor",https://www.instagram.com/asthallmanor/,United Kingdom,yes,
revchuckallen,"2,035 posts",928 followers,"3,467 following","Chuck Allen
revchuckallen
Like to cook, garden, brew beer, make wine, sip bourbon, commune with nature and generally have a good time... 
more",https://www.instagram.com/revchuckallen/,United States,no,
_royal__garden_,"1,969 posts",80.3K followers,139 following,"Kumari Sarath Putta
Gardener
☘️🌿Terrace gardener💐🦜
🌿Garden Tips🌿
Watsapp For collab-8985771190
120k+ subscribers on YouTube
Subscribe My youtube... 
more
youtube.com/channel/UCuMk-JoEwrFUfdBKcbFX0aA and 1 more",https://www.instagram.com/_royal__garden_/,India,no,
indusundaresan,106 posts,636 followers,103 following,"Indu Sundaresan
Writer. Best-selling author. I write (mostly) about India.
www.indusundaresan.com/archive-of-all-blog-posts and 3 more",https://www.instagram.com/indusundaresan/,India,no,
chaossprings,828 posts,979 followers,486 following,"Chaos Springs
Soil Dynamics - On-Farm Fertility - Organic Growers Since 1984 - Planted in Waihi, NZ.
131 Deam Road, Waihi 3682
Chaos Springs and 4 more",https://www.instagram.com/chaossprings/,New Zealand,yes,
nicolahopegardener,"1,742 posts","6,734 followers","1,580 following","Nicola Hope Horticulture & Design
nicolahopegardener
• organic gardener & consultant
• MHort • gardener @leafanddig • speaker • writer
• @gardenorganicuk champion
•... 
more
www.nicolahope.com and 1 more",https://www.instagram.com/nicolahopegardener/,United Kingdom,yes,
ladymuckgardener,810 posts,"1,329 followers","2,948 following","Jinny 👩🏻‍🌾 Lady Muck Gardener
Gardener
Professional organic gardener
Maintenance
Wildlife friendly gardens
Planting advice / consultations
Tuition in your... 
more",https://www.instagram.com/ladymuckgardener/,United Kingdom,yes,
honehilldreaming,"2,037 posts",21.3K followers,863 following,"Delia May West
Gardener
My artist canvas🧡Creating and nurturing my colourful, field cottage garden framed by the Devon hills. Featured on BBC... 
more",https://www.instagram.com/honehilldreaming/,United Kingdom,no,
kym.ormond,"1,416 posts","2,142 followers","1,702 following","Kym - workshops & sustainable living Adelaide
Educational Consultant
🥖Sustainable living workshops
🪕 Folky banjo punk dude @kymusabimusic
🌱Plantaholic/Co-Owner @nomad.nursery
💚Crew... 
more
www.kymormond.com.au/links",https://www.instagram.com/kym.ormond/,Australia,no,
hangontothewind,293 posts,"2,841 followers",976 following,"Debra | hangontothewind
hangontothewind
bakery and garden
🍓it’s yummy here",https://www.instagram.com/hangontothewind/,unknown,yes,
halfacregardens,"2,001 posts","5,127 followers","2,127 following","Flower & veggie gardens
From 🇿🇦 to …
Zone 8a Annapolis, Maryland 🇺🇸 USA
Growing flowers & veggies in my half acre home garden & a community gar... 
more",https://www.instagram.com/halfacregardens/,United States,no,
an.edible.garden,"1,586 posts","6,311 followers",984 following,"An Edible Garden
Jenny
Australia
Growing Organic and Heirloom Vegetables
Preserving Food Naturally.
Dehydrating,Canning(bottling) and... 
more",https://www.instagram.com/an.edible.garden/,Australia,yes,
starof_72,"2,611 posts","1,478 followers",554 following,"Shona Price
starof_72
The ramblings of a middle aged, menopausal, woman who is attempting to grow food and flowers in her garden.
Hampshire,... 
more",https://www.instagram.com/starof_72/,United Kingdom,no,
suttons.co.uk,"1,693 posts",26K followers,"1,611 following","Suttons
suttons.co.uk
🌸 Inspiring gardens since 1806
🌱 Seeds, plants, equipment & more!
📸 Take us with you #growwithsuttons
💚 Helping you... 
more
Woodview Rd, Paignton TQ4 7NG
linktr.ee/Suttons",https://www.instagram.com/suttons.co.uk/,United Kingdom,yes,
saucedgardens,582 posts,"3,473 followers",627 following,"Beth 👧 and Gus 🐕 Small Space Gardening
saucedgardens
Growing my food in a small space urban garden (319sqm)
Cooking/Baking from scratch with seasonal harvests and a FT job... 
more
buymeacoffee.com/saucedgardens/e/452965",https://www.instagram.com/saucedgardens/,unknown,yes,
plantflix,"3,061 posts","8,271 followers",986 following,"Alina & Jeff 💚🌱
E-commerce website
🌱 Mom& pop seed shop for houseplant, succulent, organic herb seeds(and more!)
🌞 All about helping people create lush... 
more
www.plantflix.com/shop",https://www.instagram.com/plantflix/,unknown,yes,
myjovialife,456 posts,"1,711 followers","1,538 following","Hannah + Jovie
An extrovert Lapponian Herder
+ Introvert dog mom
Living in Alabama
Myjovialife@gmail.com
linktr.ee/myjovialife",https://www.instagram.com/myjovialife/,United States,yes,Myjovialife@gmail.com
the.scientists.garden,45 posts,341 followers,82 following,"Justine | The Scientist’s Garden
Gardener
Out to prove that science doesn’t just happen in the lab 🌷 gardening, preserving, and beekeeping in zone 3
youtube.com/@TheScientistsGarden",https://www.instagram.com/the.scientists.garden/,Canada,yes,
799minifarm,11 posts,24 followers,42 following,"799 Mini Farm
Growing organic dreams, one leaf at a time. 🍃 | Veggies, fruit trees & nursery love. |",https://www.instagram.com/799minifarm/,unknown,yes,
abenventure,397 posts,343 followers,568 following,"Ben Scott
👨‍🌾Devonian Gardener in Cumbria
🏰Lowther Castle and private kitchen garden
🌰Ex National Trust
🎶Music and wildlife lover... 
more",https://www.instagram.com/abenventure/,United Kingdom,no,
healthandhope,"1,252 posts","1,285 followers",981 following,"Susan van Eeden Health Coach
healthandhope
Medical & health
Functional Medicine Health Coach | Anti- Inflammatory program | I share here ways to boost your health through the way... 
more
youtube.com/@susanellisvaneeden and 3 more",https://www.instagram.com/healthandhope/,unknown,yes,
theorganicgardenco,344 posts,425 followers,703 following,"The organic garden co.
theorganicgardenco
Landscape Company
Garden design and build .
Organic gardening expert
SGD pre registered member
(BALI) approved contractor
LOOKING AFTER... 
more
www.theorganicgardenco.co.uk and 1 more",https://www.instagram.com/theorganicgardenco/,United Kingdom,yes,
gidi_greenfingers,48 posts,283 followers,"1,120 following","My desperate plantlife
gidi_greenfingers
🌁 Las-Gidi 🌴 🌻 🌴 native . . .🌱 🌍",https://www.instagram.com/gidi_greenfingers/,Nigeria,yes,
veryexcitedgardener,"1,017 posts","1,043 followers",292 following,"Cheyenne Garrett
she/her
Home & Garden Website
Growing my own food and trying to be as sustainable as possible... in an apartment. Check out my blog for more.
bit.ly/VeryExcitedGardener",https://www.instagram.com/veryexcitedgardener/,unknown,yes,
nylesfile,"1,069 posts",736 followers,"1,373 following","Yoko the Frenchie and her old man doing stuff on Canada’s west coast. We love dogs, food, gardening and anything else... 
more
www.flickr.com/photos/3v3rton",https://www.instagram.com/nylesfile/,Canada,no,
kiskert_a_toparton,598 posts,663 followers,685 following,"Gardening is my therapy 🌱
Personal blog
🌱 kert és konyha ✨
@vivienbalog_",https://www.instagram.com/kiskert_a_toparton/,Hungary,no,
forest_and_farm,616 posts,624 followers,528 following,"Forest and Farm
forest_and_farm
Personal blog
We grow, raise, hunt, & forage for our food in the mountains of New Mexico. Join us on our journey to be closer to our... 
more
linktr.ee/forest_and_farm",https://www.instagram.com/forest_and_farm/,United States,no,
letscultivatefood,"1,476 posts","1,057 followers",352 following,"LET’S CULTIVATE FOOD
letscultivatefood
🍳 Cooking Classes 🌿 Botanical Garden Tours
🍽️ 7 course Private Chef Dinners
In our GREENHOUSE | Chester County, PA
www.letscultivatefood.com",https://www.instagram.com/letscultivatefood/,United States,yes,
gillescoullon,943 posts,455 followers,857 following,"Gilles Coullon
gillescoullon
Curiosity, the greatest quality.",https://www.instagram.com/gillescoullon/,unknown,no,
bakercreekseeds,"4,706 posts",576K followers,"3,950 following","Baker Creek Heirloom Seeds
bakercreekseeds
Nurseries & Gardening Store
Thanks for following our passion to save and grow rare seeds!
2278 Baker Creek Rd, Mansfield, Missouri 65704
rareseeds.com",https://www.instagram.com/bakercreekseeds/,United States,yes,
organicgardenermag,"2,311 posts",67.8K followers,963 following,"ABC Organic Gardener Magazine
Dig into organic gardening 🌱
Live green, eat well, grow happy🌻
Tap the link for tips, inspo & more 👇
links.organicgardener.com.au",https://www.instagram.com/organicgardenermag/,Australia,no,
the_gardenerben,"12,524 posts",48.6K followers,"2,866 following","Ben Hamilton Anderson, Rose Expert & Plant Reviewer
him/he
the_gardenerben
Digital creator
Rose expert & plant reviewer
Organic Cottage garden,tips,how-2s
(4 million YouTube views)
Garden podcaster collabs... 
more
youtube.com/channel/UCA1PX-VWMiL6msSO0t6irQg and 4 more",https://www.instagram.com/the_gardenerben/,unknown,no,
honehilldreaming,"2,037 posts",21.3K followers,863 following,"Delia May West
Gardener
My artist canvas🧡Creating and nurturing my colourful, field cottage garden framed by the Devon hills. Featured on BBC... 
more",https://www.instagram.com/honehilldreaming/,United Kingdom,no,
an.edible.garden,"1,586 posts","6,311 followers",984 following,"An Edible Garden
Jenny
Australia
Growing Organic and Heirloom Vegetables
Preserving Food Naturally.
Dehydrating,Canning(bottling) and... 
more",https://www.instagram.com/an.edible.garden/,Australia,yes,
thehomegarden,"1,652 posts",109K followers,414 following,"Donna | Home Gardener
🐝Organic Gardening 🐞
🍊Growing Food In My Backyard 🇦🇺
🌱Sharing Info, Ideas and Inspiration💡
www.thehomegarden.com",https://www.instagram.com/thehomegarden/,Australia,yes,
jessukgardendiaries,334 posts,"7,606 followers",483 following,"Jess UK Garden Diaries
jessukgardendiaries
Personal blog
🥕 Beginner Kitchen Garden ~ May 2023
🌷 Flower lover
🌱 My Garden Diaries
💐 Flower Show & Garden visits
💌... 
more",https://www.instagram.com/jessukgardendiaries/,United Kingdom,no,
the_rhs,"3,836 posts",348K followers,"1,348 following","The RHS
the_rhs
Charity Organization
We're the UK's gardening charity, helping people and plants to grow 🌱
linktr.ee/the_rhs",https://www.instagram.com/the_rhs/,United Kingdom,no,
earlygirlfarm,127 posts,"8,926 followers",243 following,"Patty Gentry
Farm
Get serious with your produce and
Join our CSA! Click on link in bio to find out more.
www.earlygirlfarm.com and 1 more",https://www.instagram.com/earlygirlfarm/,unknown,yes,
nihad_usanovic,0 posts,,,"Nihad Usanovic
nihad_usanovic
i.instagram.com/garden_with_the_view",https://www.instagram.com/nihad_usanovic/,unknown,no,
saucedgardens,582 posts,"3,473 followers",627 following,"Beth 👧 and Gus 🐕 Small Space Gardening
saucedgardens
Growing my food in a small space urban garden (319sqm)
Cooking/Baking from scratch with seasonal harvests and a FT job... 
more
buymeacoffee.com/saucedgardens/e/452965",https://www.instagram.com/saucedgardens/,unknown,yes,
muddygreenfingers,756 posts,553 followers,233 following,"Ivana, Zagreb
#family #love #home #garden #food #travel",https://www.instagram.com/muddygreenfingers/,Croatia,no,
allett.mowers,"12,929 posts",103K followers,"7,389 following","Allett Mowers (UK)
allett.mowers
MANUFACTURING CYLINDER MOWERS IN BRITAIN SINCE 1965 🌱Sports Pro and Homeowner Range. Dealers worldwide.World class... 
more
Allett Mowers, Stafford ST18 0PF
allett.co.uk/pages/global-dealer-locator and 4 more",https://www.instagram.com/allett.mowers/,United Kingdom,yes,
nivillitool,61 posts,"2,392 followers",822 following,"NIVILLI
Product/service
NIVILLI ist ein Markenunternehmen, das innovative und leicht bedienbare Werkzeuge im Bereich der Baubranche auf den... 
more
www.nivilli.com",https://www.instagram.com/nivillitool/,Germany,yes,
hoopers_garden_maintenance,"1,117 posts","7,340 followers","2,123 following","Martyn Hooper
Gardener based in Northamptonshire 🇬🇧🏡🌾🌳✂️🌿🍃🍂
youtube.com/@hoopersgardenmaintenance?si=HxeKe2Bd88fpmxCt",https://www.instagram.com/hoopers_garden_maintenance/,United Kingdom,no,
emeraldmowing,313 posts,"2,575 followers","2,512 following","Emerald Mowing 💚
Landscaping company in Weatherford,Texas
Free estimate📱337-636-0148
#landscape
#mowing
... 
more
76086
emeraldmowing.com",https://www.instagram.com/emeraldmowing/,United States,yes,
consquilla,"13,024 posts",61.2K followers,"4,654 following","Consquilla Carey
consquilla
Beautician/Mom/SalonOwner/Zeta/Owns @ccbeautyinstitute www.hairforthequeen.com
#baltimorehairstylist ✈️#rvahairstylist... 
more
www.eventbrite.com/e/consquillas-3rd-annual-crab-feast-tickets-1721800454509?aff=oddtdtcreator",https://www.instagram.com/consquilla/,United States,yes,
greenmachineus,754 posts,"4,005 followers",97 following,"Green Machine
Battery-powered equipment that gets the job done. 🔋⚡💪 Available on our website and online at @homedepot
greenmachineusa.com and 3 more",https://www.instagram.com/greenmachineus/,United States,yes,
the_stripelife,"8,846 posts",78.4K followers,"2,793 following","Stripe Life
🟩Creator of the Stripe Life. 🔻Ferris Factory Team Leader. Join our Facebook group (75k+ members) 🚨PM us your best... 
more
linktr.ee/stripelife",https://www.instagram.com/the_stripelife/,unknown,yes,
dynegroup,127 posts,593 followers,990 following,"Dyne Group
Product/service
Ground / Garden maintenance, Tree Surgery & Ride on mowing 🌿
For a free no obligation quote ⬇️
📲 07720782935📨... 
more
Low Farm Fonaby, Caistor, Lincoln, Lincolnshire
dyne.group",https://www.instagram.com/dynegroup/,United Kingdom,yes,
ryan_schultz3,144 posts,949 followers,"1,329 following","Ryan Schultz
Undisputed Lawns - Lawns, Landscaping, Flowers & more! Illinois",https://www.instagram.com/ryan_schultz3/,United States,yes,
gravelymowers,"2,425 posts",40.3K followers,"1,352 following","Gravely
gravelymowers
Built to Mow the Distance® #TeamGravely
655 W. Ryan Street, Brillion, Wisconsin 54110
empli.fi/gravely",https://www.instagram.com/gravelymowers/,United States,yes,
7jerdog,141 posts,,,Blessed,https://www.instagram.com/7jerdog/,unknown,no,
michelinusa,"2,665 posts",107K followers,522 following,"Michelin USA
Michelin innovates on the road + beyond, let us take you through that journey! #michelinusa
empli.fi/michelinusa",https://www.instagram.com/michelinusa/,United States,yes,
damiancorbet,"1,588 posts",534 followers,349 following,"Damian Corbet
damiancorbet
Gardener, tree lover & socialist. Studying the RHS Level 2 in Practical Horticulture. Mainly pics of nature with the... 
more",https://www.instagram.com/damiancorbet/,unknown,no,
the_lawnguy,"1,206 posts","3,368 followers",415 following,"The Lawn Guy
27 years lawn care experience with 18 years as a professional greenkeeper, providing a complete lawn care service. ⁣
www.lawnguy.co.uk",https://www.instagram.com/the_lawnguy/,United Kingdom,yes,
thegrasspeople,943 posts,12.4K followers,673 following,"The Grass People | The best grass seed you can buy online*
*According to our happy customers ☺️
🌱 High quality grass seed, fertilisers & wildflower
⭐️ 5* Rated Reviews... 
more
thegrasspeople.com and 1 more",https://www.instagram.com/thegrasspeople/,unknown,yes,
topgardenservices,375 posts,"1,280 followers",154 following,"Top Garden Services
Tree Cutting Service
Chopper of Trees 🌳 Cutter of Grass
www.topgardenservices.com",https://www.instagram.com/topgardenservices/,unknown,yes,
talbot_turf,285 posts,572 followers,"1,030 following","Talbot Turf
talbot_turf
Talbot turf supplies a full range of turf to landscaping, domestic and sports market🌱
Talbot Turf Supplies, Bettys Farm, The Castle Way, Willington, Derby DE65 6BW
www.talbotturf.co.uk",https://www.instagram.com/talbot_turf/,United Kingdom,yes,
teejamz,906 posts,339 followers,517 following,"Todd Matthew Clark
Entrepreneur
Guitar, drum, home studio nerd, bbq nerd and small landscape business owner of Todd’s Turf LLC!
lawbringer.bandcamp.com",https://www.instagram.com/teejamz/,United States,yes,
scagmowers,"5,430 posts",71K followers,"4,719 following","Scag Power Equipment
scagmowers
The official IG account of Scag Power Equipment
Manufactured in Mayville, Wisconsin to be #SimplyTheBest #Scag
We are... 
more
1000 Metalcraft Dr, Mayville, Wisconsin 53050
www.scag.com/company/news",https://www.instagram.com/scagmowers/,United States,yes,
green_earthllc,425 posts,"1,130 followers","1,154 following","Green Earth LLC
green_earthllc
Landscape Company
Landscape Design & Install -
Outdoor Lighting - Irrigation - Drainage -
Outdoor Living - Landscape Maintenance... 
more
1890 Wooduck Cove, Germantown, Tennessee 38139
green-earthllc.com and 2 more",https://www.instagram.com/green_earthllc/,United States,yes,
groundcrewwi,492 posts,465 followers,342 following,"Ground Crew Service
Celebrating 30Years!!! Call us for a Free Quote (262) 821 9680
12665 Robin Ln, Brookfield, Wisconsin 53005
www.groundcrewservice.com",https://www.instagram.com/groundcrewwi/,United States,yes,
vinedresserlawnandlandscape,"2,182 posts",553 followers,477 following,"Vinedresser lawn and landscape
Landscape Company
🌿 Faith-rooted, family-owned lawn care in Wilmington—guaranteed service with integrity.
5106 Lord Tennyson Rd., Wilmington, North Carolina 28405
linktr.ee/Vinedresser and 1 more",https://www.instagram.com/vinedresserlawnandlandscape/,United States,yes,
reliableaftermarketparts,"1,058 posts","1,540 followers","3,534 following","Reliable Aftermarket Parts
reliableaftermarketparts
Reliable Aftermarket Parts is a supplier and distributor of aftermarket lawn and garden, agricultural, construction and... 
more
2400 E Grand River Rd, Williamston, Michigan 48895
www.reliableaftermarketparts.com",https://www.instagram.com/reliableaftermarketparts/,United States,yes,
arbor_nomics_turf,395 posts,477 followers,15 following,"Arbor-Nomics Turf
Atlanta’s lawn care pros for 40+ years. Team up with us for the lawn care treatments, services and tips you need to gain... 
more
651 Langford Dr, Norcross, Georgia 30071
linktr.ee/arbornomics",https://www.instagram.com/arbor_nomics_turf/,United States,yes,
lcgrounds,223 posts,653 followers,271 following,"Lucas & Clark Grounds Company
We are Lucas & Clark Grounds Company, a Grounds Maintenance and Landscapes installation company. #LCGroundsCompany
752 Walker Road, Great Falls, Virginia 22066
lcgroundscompany.com and 1 more",https://www.instagram.com/lcgrounds/,United States,yes,
no.mow.worries.llc,121 posts,393 followers,178 following,"🍃No Mow Worries Lawn Care LLC🌷
Landscape Company
🌹Residential & Commercial 🏡 🌳Landscape & Hardscape🏔 | Professional Lawn care Management🌳 | Taking Care of Your... 
more
nomowworries.org",https://www.instagram.com/no.mow.worries.llc/,unknown,yes,
plants.and.culture,264 posts,46.3K followers,589 following,"Center for Plants & Culture
Education
BIPOC educational platform exploring the many ways our politics, economics, and culture are shaped by plants.
- WOC-led... 
more
linktr.ee/plantsandculture",https://www.instagram.com/plants.and.culture/,unknown,no,
endlesslandscaping,231 posts,697 followers,971 following,"Endless Landscaping
Landscape Company
Central Jersey Landscape Design, Fence Installation, and Maintenance Company. Licensed and insured. Honest and... 
more
www.endlesslandscaping.com",https://www.instagram.com/endlesslandscaping/,United States,yes,
jamac1998,733 posts,427 followers,"1,209 following","Jc Mcburrows
Entrepreneur
Slim Trimz....""Jack of All patience for all",https://www.instagram.com/jamac1998/,unknown,yes,
urbangardenerslondon,563 posts,558 followers,648 following,"Urban Gardeners South East London
Gardener
🍀Local and affordable garden maintenance and design
📍Serving South East London for over a decade
👇Get a FREE quote for... 
more
linktr.ee/urbangardenerslondon",https://www.instagram.com/urbangardenerslondon/,United Kingdom,yes,
theyardbarbersllc,416 posts,677 followers,481 following,"The Yard Barbers
Product/service
⭐ 5-Star Lawn & Landscaping Company⁣
📍 Sioux Falls, Tea & Neighboring Communities
🪲 Lawn Care, Mowing, Pest Control &... 
more
46958 Mindy St, Tea, South Dakota 57064
www.tyblawncare.com",https://www.instagram.com/theyardbarbersllc/,United States,yes,
cornerstone_lawnservices,283 posts,398 followers,770 following,"Cornerstone Lawn Services
Landscape Company
Local & Family Owned Lawn Care Service, Jefferson County, WV Area 🌱 #landscapingbusiness
918 Darke Lane, Kearneysville, West Virginia 25430
cornerstonelawnservices.com/estimate and 1 more",https://www.instagram.com/cornerstone_lawnservices/,United States,yes,
cutcrewltd,407 posts,"1,360 followers","1,091 following","CUTCREW
⚽ Sports Pitch Specialists
🎯 Renovations | Improvment | Line Marking
📍 Milton Keynes, Bedfordshire, Northants (We can... 
more
www.cutcrew.co.uk and 2 more",https://www.instagram.com/cutcrewltd/,United Kingdom,yes,
pennington,307 posts,"2,410 followers",57 following,"Pennington
Grow From A New Angle 🌱
Everything Lawn & Garden 🏡
www.pennington.com",https://www.instagram.com/pennington/,United States,yes,
melos.landscaping.services,12 posts,304 followers,715 following,"Nathan
Professional landscaping with a personal touch. Proudly serving Naples and Bonita. From lawn care to garden design and... 
more",https://www.instagram.com/melos.landscaping.services/,United States,yes,
thegrasspeople,943 posts,12.4K followers,673 following,"The Grass People | The best grass seed you can buy online*
*According to our happy customers ☺️
🌱 High quality grass seed, fertilisers & wildflower
⭐️ 5* Rated Reviews... 
more
thegrasspeople.com and 1 more",https://www.instagram.com/thegrasspeople/,unknown,yes,
electric.lawn,134 posts,680 followers,397 following,"ELECTRIC LAWN
Landscape Company
Victoria B.C.’s very first ALL electric Landscape & Property maintenance company.⚡️♻️
www.electriclawn.ca and 1 more",https://www.instagram.com/electric.lawn/,Canada,yes,
ayandejidaniel,55 posts,360 followers,"1,930 following","Ayandeji Daniel
Graphic designer I Brand designer
danielayandeji@gmail.com",https://www.instagram.com/ayandejidaniel/,Nigeria,no,danielayandeji@gmail.com
landscapeplus1,"1,042 posts",610 followers,288 following,"Landscape Plus
landscapeplus1
Product/service
Landscape company serving Strathmore, Langdon, Chestermere and surrounding communities. Design/build/maintenance/snow... 
more
linktr.ee/landscapeplus1",https://www.instagram.com/landscapeplus1/,Canada,yes,
goodhandslandscapellc,35 posts,252 followers,68 following,"Good Hands Landscape Llc
Landscape Company
Treating your home as if it was our own!
Good Hands Landscape LIc
Serving the valley since 2015.
Insured • Professional... 
more",https://www.instagram.com/goodhandslandscapellc/,unknown,yes,
atkinsonlawncareservice,772 posts,754 followers,460 following,"Atkinson Lawn Care Service
We will cut your lawn so you dont have to.
We are Atkinson Lawn Care Service. Call us at 801-512-1762 or email... 
more
Salt Lake Area, Salt Lake City, Utah 84116
www.facebook.com/RealAtkinsonLawnCareService?mibextid=ZbWKwL",https://www.instagram.com/atkinsonlawncareservice/,United States,yes,
richard.lawnpro,82 posts,"1,631 followers",55 following,"LawnPro
richard.lawnpro
Seasonal lawn treatment services
218 Roberts street, Pretoria, South Africa 0184",https://www.instagram.com/richard.lawnpro/,South Africa,yes,
butterflyphase20,551 posts,331 followers,576 following,"Butterflyphase
We are a service company in the greater Houston area that takes pride in rewarding people for doing business with us... 
more",https://www.instagram.com/butterflyphase20/,United States,no,
simplelawnsolutions,"2,134 posts",61.5K followers,"1,163 following","Simple Lawn Solutions
⛳️ Liquid Nutrients For your Lawn & Garden
📦 Commercial Turf & Agriculture Fertilizer Blends to your doorstep
🇺🇸... 
more
simplelawnsolutions.refersion.com and 3 more",https://www.instagram.com/simplelawnsolutions/,United States,yes,
vinedresserlawnandlandscape,"2,183 posts",553 followers,477 following,"Vinedresser lawn and landscape
Landscape Company
🌿 Faith-rooted, family-owned lawn care in Wilmington—guaranteed service with integrity.
5106 Lord Tennyson Rd., Wilmington, North Carolina 28405
linktr.ee/Vinedresser and 1 more",https://www.instagram.com/vinedresserlawnandlandscape/,United States,yes,
ultimateoneuk,187 posts,604 followers,79 following,"Ultimate One
We are an online supplier of carefully selected garden, fencing and landscaping products.
Visit our website at the link... 
more
Pink House, Estuary Road, King's Lynn, Norfolk PE30 2HJ
linktr.ee/ultimateone",https://www.instagram.com/ultimateoneuk/,United Kingdom,yes,
micah8p,73 posts,78 followers,75 following,micah,https://www.instagram.com/micah8p/,unknown,no,
yourgreenpal,"2,612 posts",26.5K followers,"6,614 following","GreenPal
GreenPal is a mobile app connecting homeowners with local lawn care services nationwide. Download GreenPal on the App... 
more
www.yourgreenpal.com and 1 more",https://www.instagram.com/yourgreenpal/,United States,yes,
wassonsince1977,"2,253 posts","4,720 followers",572 following,"Wasson
wassonsince1977
Home Improvement
Outdoor Design Build, Lawn & Landscape Services, and Garden Centers. Family owned and operated since 1977, serving East... 
more
wasson1977.com/lawn-care-service-form and 4 more",https://www.instagram.com/wassonsince1977/,United States,yes,
malvernlawncare,692 posts,"1,097 followers",223 following,"Malvern Lawn Care LLC
malvernlawncare
Landscape Company
We are a family owned & operated landscape service provider located in Chester County, PA.
⭐️Full Property Maintenance... 
more
19355
malvernlawncare.com",https://www.instagram.com/malvernlawncare/,United States,yes,
mannsellfmade,26 posts,557 followers,"1,507 following","Dee Harris Jr.
Public Figure",https://www.instagram.com/mannsellfmade/,unknown,no,
monson_lawn_and_landscaping,397 posts,614 followers,562 following,"Monson Lawn & Landscaping
Dependable. Local. Built for MN. Specializing in commercial & residential lawn care, snow removal and landscaping in the... 
more
monsonlawnandlandscape.com",https://www.instagram.com/monson_lawn_and_landscaping/,United States,yes,
thelawnsmithuk,884 posts,"6,978 followers","1,723 following","Lawnsmith | Lawn care experts
thelawnsmithuk
Home & Garden Website
🌱 Lawn Care Experts since 2003
⭐️ Over 10,000 verified reviews
📦 Same Day Dispatch & Next Day Delivery
✉️ DM for advice... 
more
linktr.ee/lawnsmithuk and 1 more",https://www.instagram.com/thelawnsmithuk/,United Kingdom,yes,
leerowansgardenworld,"1,043 posts","1,717 followers",478 following,"Lee Rowan's Gardenworld
Garden Center
Nursery and yard located at Warners Bay. Featuring Gardenia Cafe overlooking our lush nursery.
#landscapesupplies... 
more
www.leerowans.com.au",https://www.instagram.com/leerowansgardenworld/,Australia,yes,
dragonflyfarmservices,464 posts,"1,071 followers",390 following,"Dragonfly Farm LLC
Landscape Company
DESIGN | BUILD | MAINTAIN
Farm: @dragonflyfarmllc
dragonflyfarmservices.com",https://www.instagram.com/dragonflyfarmservices/,unknown,yes,
prolawncareuk,643 posts,"2,379 followers",442 following,"ProLawnCare UK | Professional Lawn Care Training & Consultancy 🌱
Providing Bespoke Lawn Care Training for:
☘️ Existing Lawn Care Professionals
☘️ Lawn Care Start Ups
Contact us today!... 
more
www.prolawncareuk.com",https://www.instagram.com/prolawncareuk/,United Kingdom,yes,
danawalden.realtor,"1,233 posts",281 followers,441 following,"Dana Walden - REALTOR
danawalden.realtor
Real Estate Agent
CB Realtor helping solve your home needs.
▪️DM me 4 FREE home evaluations
▪️Start your home search now 👇🏻
danasellsil.com",https://www.instagram.com/danawalden.realtor/,United States,no,
trugreenuk,"1,384 posts",427 followers,129 following,"TruGreen Professional LawnCare
trugreenuk
Product/service
We help create beautiful lawns for our customers across the UK #lawncare
ServiceMaster House, Leicester, United Kingdom LE18 4WS
www.trugreen.co.uk/trugreen-lawncare-services/seasonal-information",https://www.instagram.com/trugreenuk/,United Kingdom,yes,
houstonlandscapepros,267 posts,805 followers,477 following,"Houston Landscape Pros
Landscape Company
Transforming your outdoor spaces into functional works of art is our passion! 🏡🎨✨
💧Drainage
💡Lighting
🚿Sprinkler... 
more
9801 Westheimer Rd #300, Houston, Texas 77042
www.houstonlandscapepros.com",https://www.instagram.com/houstonlandscapepros/,United States,yes,
groupe_cz,300 posts,687 followers,538 following,"Groupe CZ
Landscape Company
Laval’s most capable landscapers. Contact us today for a free estimate for any and all of your lawncare and landscaping... 
more
groupecz.com",https://www.instagram.com/groupe_cz/,Canada,yes,
stingerequip,275 posts,"2,382 followers",75 following,"Stinger Equipment
300 Envoy Circle, Louisville, Kentucky
zurl.co/89uJ and 1 more",https://www.instagram.com/stingerequip/,United States,yes,
carolinatopdressing,583 posts,350 followers,226 following,"Carolina Topdressing - Upstate SC Turf Care
Local service
Leading advanced turf care service provider in📍 Upstate, SC— Offering Sod, Aeration, Top Dressing, Overseeding,... 
more
carolinatopdressing.com and 1 more",https://www.instagram.com/carolinatopdressing/,United States,yes,
weedmanbillings,"1,913 posts",430 followers,228 following,"Weed Man Billings
Your Billings area lawn care specialists
#weedmanbillings @weedmanbillings Fertilizing, Weed Control, Aeration,... 
more
2170 Shackelford Ln, Billings, Montana 59101
www.youtube.com/watch?v=CvE3G2Y6WvI",https://www.instagram.com/weedmanbillings/,United States,yes,
masport_ltd,472 posts,"3,944 followers",609 following,"Masport
Lawnmowers | BBQs | Outdoor Power Equipment Winner - Trusted Brands NZ Lawnmowers 2024
Since 1910
lnk.bio/masport and 1 more",https://www.instagram.com/masport_ltd/,New Zealand,yes,
jaspersonsod,138 posts,725 followers,289 following,"Jasperson Sod Farm
Landscape Company
60 years and counting of Premium Sod production Located... 
more
22901 Burmeister Rd, Union Grove, Wisconsin 53182
www.jaspersonsod.com and 2 more",https://www.instagram.com/jaspersonsod/,United States,yes,
mehrzad_paimany,720 posts,"1,003 followers","4,345 following","Mehrzad Paimany
mehrzad_paimany
Real Estate
14811 N. Kierland Blvd., Suite 700, Scottsdale, Arizona 85254",https://www.instagram.com/mehrzad_paimany/,United States,yes,
bethany__m__x,271 posts,,,"Bethany Marsh
🖤
👱🏼‍♂️👧🏼",https://www.instagram.com/bethany__m__x/,United States,no,
kdlandscapinginc,270 posts,452 followers,445 following,"K.D. Landscaping Inc | Concrete | Sod | Decks | Patio
Landscape Company
Creating Your Custom Landscape Designs!
A Christ-centered company, we are the source for all your landscaping needs... 
more
17377 Little Eagle Creek, Westfield, Indiana 46074
www.kdlandscapinginc.com and 1 more",https://www.instagram.com/kdlandscapinginc/,United States,yes,
arbor_nomics_turf,395 posts,477 followers,15 following,"Arbor-Nomics Turf
Atlanta’s lawn care pros for 40+ years. Team up with us for the lawn care treatments, services and tips you need to gain... 
more
651 Langford Dr, Norcross, Georgia 30071
linktr.ee/arbornomics",https://www.instagram.com/arbor_nomics_turf/,United States,yes,
es_soll_rasen,25 posts,247 followers,204 following,"David
🌱 Rasen Neuanlage '23
🏡 Garten 100% Eigenleistung
🏠 Hausbau '21",https://www.instagram.com/es_soll_rasen/,Germany,no,
dreamgardens_,79 posts,"1,171 followers",100 following,"DreamGardens
Gardener
Does your garden need TLC?
Here at Dream Gardens we offer professional gardening services to tailor your requirements... 
more
www.facebook.com/1dreamgardens and 1 more",https://www.instagram.com/dreamgardens_/,unknown,yes,
ezilawns,227 posts,"1,643 followers","2,886 following","Ezi Lawns
ezilawns
Landscape Company
Growing premium instant lawn (TifTuf Hybrid Bermuda, Sir Walter DNA Certified & Eureka Kikuyu) for backyards and... 
more
www.ezilawns.com.au",https://www.instagram.com/ezilawns/,Australia,yes,
heathersellsms,"1,266 posts",475 followers,525 following,"Heather Barnes®️
heathersellsms
Real Estate Agent
Experienced Real Estate Agent with a demonstrated history of working in the real estate industry. Skilled in Buyer... 
more
Heather Barnes",https://www.instagram.com/heathersellsms/,unknown,no,
rickysgardenservices,513 posts,"1,199 followers",934 following,"Ricky’s Garden Services
Gardener
🍃Gardener doing Gardener things🍂
🌿RHS Qualified.
🍀Gardeners Guild Member
Regular Garden and Grounds Maintenance
🇬🇧South... 
more
rickysgardenservices.co.uk",https://www.instagram.com/rickysgardenservices/,United Kingdom,yes,
vinedresserlawnandlandscape,"2,183 posts",553 followers,477 following,"Vinedresser lawn and landscape
Landscape Company
🌿 Faith-rooted, family-owned lawn care in Wilmington—guaranteed service with integrity.
5106 Lord Tennyson Rd., Wilmington, North Carolina 28405
linktr.ee/Vinedresser and 1 more",https://www.instagram.com/vinedresserlawnandlandscape/,United States,yes,
thetorocompany,"2,193 posts",78.6K followers,370 following,"The Toro Company
Worldwide provider of turf & landscape equipment, irrigation tech, & outdoor lighting.
Use #ToroMowers to be featured!... 
more
8111 Lyndale Ave South, Bloomington, Minnesota 55420
like2b.uy/thetorocompany",https://www.instagram.com/thetorocompany/,United States,yes,
trugreenuk,"1,384 posts",427 followers,129 following,"TruGreen Professional LawnCare
trugreenuk
Product/service
We help create beautiful lawns for our customers across the UK #lawncare
ServiceMaster House, Leicester, United Kingdom LE18 4WS
www.trugreen.co.uk/trugreen-lawncare-services/seasonal-information",https://www.instagram.com/trugreenuk/,United Kingdom,yes,
leerowansgardenworld,"1,043 posts","1,717 followers",478 following,"Lee Rowan's Gardenworld
Garden Center
Nursery and yard located at Warners Bay. Featuring Gardenia Cafe overlooking our lush nursery.
#landscapesupplies... 
more
www.leerowans.com.au",https://www.instagram.com/leerowansgardenworld/,Australia,yes,
thelawnsmithuk,884 posts,"6,978 followers","1,723 following","Lawnsmith | Lawn care experts
thelawnsmithuk
Home & Garden Website
🌱 Lawn Care Experts since 2003
⭐️ Over 10,000 verified reviews
📦 Same Day Dispatch & Next Day Delivery
✉️ DM for advice... 
more
linktr.ee/lawnsmithuk and 1 more",https://www.instagram.com/thelawnsmithuk/,United Kingdom,yes,
topturflawncare,620 posts,"3,783 followers",474 following,"Top Turf ® Lawn & Pest Control
Product/service
The best lawn care for a green lawn that’s healthy, green and weed free.
We also offer Pest Control, and many more... 
more
www.topturf.net",https://www.instagram.com/topturflawncare/,unknown,yes,
greensleeves_uk,"1,781 posts","2,459 followers","1,506 following","Greensleeves
Product/service
Greensleeves is one of the largest established lawn treatment companies 🌱 Delivering high quality, affordable lawn care ... 
more
linktr.ee/greensleeveslawncare",https://www.instagram.com/greensleeves_uk/,United Kingdom,yes,
weedmanbillings,"1,913 posts",430 followers,228 following,"Weed Man Billings
Your Billings area lawn care specialists
#weedmanbillings @weedmanbillings Fertilizing, Weed Control, Aeration,... 
more
2170 Shackelford Ln, Billings, Montana 59101
www.youtube.com/watch?v=CvE3G2Y6WvI",https://www.instagram.com/weedmanbillings/,United States,yes,
longcreek_lawncare,30 posts,401 followers,461 following,"1st Year Lawn Care Operation, call for FREE Estimates at 410-920-3103🏡
Located in Chesapeake City, MD
Help Support ... 
more",https://www.instagram.com/longcreek_lawncare/,United States,yes,
decoraltd,"1,325 posts",914 followers,40 following,"Decora
Shopping & retail
Hidden Gem nestled in the Banks of the River Lossie with everything for your Home & Garden
LossieBank Mills, Bridge Street, Elgin, Moray IV30 4DE
diydecora.com",https://www.instagram.com/decoraltd/,United Kingdom,yes,
greenacres_turf_group,186 posts,676 followers,74 following,"Greenacres Turf Group
Landscape Company
WA’s largest turf farm
Lot 503 Henderson Road, Serpentine, Western Australia 6125
www.greenacresturfgroup.com.au",https://www.instagram.com/greenacres_turf_group/,Australia,yes,
reellowdad,"1,296 posts","2,457 followers",615 following,"Reel Low Dad
reellowdad
Reel creator
Focusing on reel low grass for that awesome manicured golf course look while giving insight and ideas to improve your... 
more
linktr.ee/reellowdad",https://www.instagram.com/reellowdad/,unknown,no,
equitechrenewables,45 posts,469 followers,340 following,"Equitech Renewables Ltd
Solar Energy Company
Empowering a new generation
Fronius Service Partner (FSP)
31 3rd Lane Welches Terrace, St Thomas, Bridgetown, Barbados bb22025
equitechrenewables.com",https://www.instagram.com/equitechrenewables/,Barbados,yes,
weedmanfresno,679 posts,449 followers,225 following,"Weed Man Fresno
Product/service
A lawn fertilization and weed control company located in Fresno, CA.
""We care for your lawn""
1900 S Van Ness Ave, Fresno, California 93721
fresno.weedmanusa.com",https://www.instagram.com/weedmanfresno/,United States,yes,
rj_lawn_landscape,295 posts,"1,217 followers",144 following,"RJ Lawn & Landscape: Des Moines
Landscape Company
Ridiculous standards. Meticulous results.
#wemakeyoulookgood
www.rjlawnandlandscape.com
www.rjlawnandlandscape.com and 1 more",https://www.instagram.com/rj_lawn_landscape/,United States,yes,
haugheybrotherslandscaping,571 posts,"2,218 followers",562 following,"Haughey Brothers Landscape and Design LLC
Landscape Company
Family Owned & Operated
•Landscape & hardscape design & install
•Lighting & water features
⭐️Transforming Dreams into... 
more
linktr.ee/haugheybrotherslandscaping",https://www.instagram.com/haugheybrotherslandscaping/,unknown,yes,
cl.gardening,494 posts,"5,598 followers","6,548 following","CL Gardening
Entrepreneur
Lawn care and garden maintenance
Based in the West Yorkshire area",https://www.instagram.com/cl.gardening/,United Kingdom,yes,
the_stripelife,"8,846 posts",78.4K followers,"2,793 following","Stripe Life
🟩Creator of the Stripe Life. 🔻Ferris Factory Team Leader. Join our Facebook group (75k+ members) 🚨PM us your best... 
more
linktr.ee/stripelife",https://www.instagram.com/the_stripelife/,unknown,yes,
oregreen_gardening,"3,880 posts","1,173 followers","1,681 following","Oregreen Gardening
Gardening and landscape maintenance service in Portland Oregon. Since 2005. For service call 503-680-6441
oregreengardening.com",https://www.instagram.com/oregreen_gardening/,United States,yes,
jnjlawncareservices,313 posts,"1,262 followers",621 following,"J&J Lawn Care LLC (203) 695-7790
Landscape Company
“Cultivating Greatness One Property At A Time”
-Servicing Lower Fairfield County📍
-Landscaping Services Year Round 🍂🌷
Ow... 
more
www.jnjlawncarellc.com",https://www.instagram.com/jnjlawncareservices/,United States,yes,
lacelawncare,14 posts,372 followers,59 following,"THE LAWN IS YOURS🌎
-Land scaping
-Power washing
-Trash removal
“We do what others cant get done”🤷‍♂️
... 
more",https://www.instagram.com/lacelawncare/,United States,yes,
willowstlawns,473 posts,390 followers,690 following,"Willow St. Lawns
willowstlawns
Landscape Company
🌱 Planting seeds of hope in 1K cities.
📲 Contact Us for Lawncare & Spring Services: 479-957-3148
👇 Get a free estimate... 
more
www.willowstlawns.com",https://www.instagram.com/willowstlawns/,United States,yes,
vinedresserlawnandlandscape,"2,183 posts",553 followers,477 following,"Vinedresser lawn and landscape
Landscape Company
🌿 Faith-rooted, family-owned lawn care in Wilmington—guaranteed service with integrity.
5106 Lord Tennyson Rd., Wilmington, North Carolina 28405
linktr.ee/Vinedresser and 1 more",https://www.instagram.com/vinedresserlawnandlandscape/,United States,yes,
leerowansgardenworld,"1,043 posts","1,717 followers",478 following,"Lee Rowan's Gardenworld
Garden Center
Nursery and yard located at Warners Bay. Featuring Gardenia Cafe overlooking our lush nursery.
#landscapesupplies... 
more
www.leerowans.com.au",https://www.instagram.com/leerowansgardenworld/,Australia,yes,
innesrealtyteam,"1,494 posts","1,175 followers","2,244 following","Lyn Innes, Realtor
Life is good! ❤️❤️ I'm passionate about helping others find their dream homes and real estate investments. Commercial or... 
more
itsproperties.com",https://www.instagram.com/innesrealtyteam/,unknown,no,
lawnpride,"1,198 posts",807 followers,280 following,"Lawn Pride
Turn to the Central Indiana lawn experts. Locally Owned. Locally Grown. #LawnPride
7740 Johnson Rd, Indianapolis, Indiana 46250
www.lawnpride.com",https://www.instagram.com/lawnpride/,United States,yes,
mad_gardener_,"1,339 posts",211K followers,139 following,"Madhavi Guttikonda
mad_gardener_
Reel creator
Grow your food.
Tedx Speaker🎈
🇮🇳 Gardening tips, ideas& inspiration
754k YouTube family
#madgardener
Mad gardener and 3 more",https://www.instagram.com/mad_gardener_/,India,no,
brotanical_gasbro,331 posts,"6,444 followers","2,733 following","Sam
Reel creator
Garden. Cook. Do it yourself projects & staying creative 🫠🫑🪴🛠️🔪🌼
www.botanicalinterests.com/STHOOK and 1 more",https://www.instagram.com/brotanical_gasbro/,unknown,yes,
yourorganiclydia,"1,126 posts",89.8K followers,"1,031 following","Your Organic Lydia 🌱
Personal blog
🌿 Growing food, herbs & more
🍂 Seasonal living with nature
🪴 Medical Herbalist, PT & mama
📍 English countryside... 
more",https://www.instagram.com/yourorganiclydia/,United Kingdom,no,
carmelbellafarm,897 posts,104K followers,984 following,"Lisa Troutner
carmelbellafarm
Farm
👩🏼‍🌾 Owner of Carmel Bella Farm
🍅 Heirloom Tomato Producer
🌈 Plant Based Food Artist
🦄 Rare Seed Shop
linktr.ee/carmelbellafarm and 1 more",https://www.instagram.com/carmelbellafarm/,United States,yes,
gardening_ka_keeda,762 posts,38.4K followers,312 following,"Dr meena singh
gardening_ka_keeda
Digital creator
👉 Tips for begginer friendly gardening
👉 Budget friendly gardening
👉 DM for promotion / collaboration
👉 DIY for... 
more
youtube.com/@gardeningkakeeda?si=xGwbXqcF2PcTG_q2",https://www.instagram.com/gardening_ka_keeda/,India,no,
ionutneicutescu,6 posts,86 followers,152 following,"Ionut Neicutescu
ionutneicutescu",https://www.instagram.com/ionutneicutescu/,Romania,no,
ravenscourtmontessori,172 posts,492 followers,235 following,"Ravenscourt Park Montessori
Our nursery school in the park passionately committed to Montessori learning and the great outdoors.
www.ravenscourtmontessori.co.uk and 1 more",https://www.instagram.com/ravenscourtmontessori/,United Kingdom,no,
gardening_igbax,"2,554 posts",295K followers,"4,340 following","gardening_igbax
Reel creator
Follow us for more 💕",https://www.instagram.com/gardening_igbax/,unknown,no,
sweetlifegarden,"1,700 posts","6,117 followers","2,246 following","Jill Green
We are a little urban farm in Phoenix AZ. We grow peaches, roses, veggies and chickens! Home of Arcadia Edible Garden... 
more
85018
slgarden.blogspot.com",https://www.instagram.com/sweetlifegarden/,United States,yes,
creative_gardening1,"9,876 posts",244K followers,12 following,"Creative Gardening
creative_gardening1
lnk.bio/creativegardening",https://www.instagram.com/creative_gardening1/,unknown,yes,
southmooregarden,568 posts,"5,543 followers",619 following,"South Moore Garden 🌻
southmooregarden
Experimenting with dahlia cultivation, virus removal through tissue culture, and growing year-round in my grow tent... 
more",https://www.instagram.com/southmooregarden/,unknown,yes,
gardenplanning,"2,347 posts",557K followers,74 following,"Garden Planning
🪻| Welcome to Instagram’s biggest garden club
🌷| Sharing gardening tips, laughs, and inspo
👇| Download our app for... 
more
apps.apple.com/us/app/bloom-buddy-plant-care/id6742810956",https://www.instagram.com/gardenplanning/,United States,yes,
bulimba_farmer,777 posts,"3,762 followers",389 following,"Bulimba_Farmer
Urban Farm
Steve
Urban Farmer Est. 2018
Sustainable urban farming in Brisbane focusing on growing edibles & flowers to support... 
more",https://www.instagram.com/bulimba_farmer/,Australia,yes,
sandiaseed,"3,321 posts","8,816 followers","5,955 following","Sandia Seed Company
sandiaseed
Peppers of the World: 🌶️🌱Seed Company with 100+ pepper seeds including Hatch chile, super hot peppers and sweet... 
more
www.sandiaseed.com/pages/links",https://www.instagram.com/sandiaseed/,United States,yes,
simplyrootedgardenco,205 posts,"5,723 followers",85 following,"Tabatha Davies | Kitchen Gardener
Eat What You Grow 💚 Sharing everyday joy from a backyard kitchen garden. |📍Simpsonville, SC
🌿Herb Bundles + Guides... 
more
simplyrootedgarden.com",https://www.instagram.com/simplyrootedgardenco/,United States,yes,
stevie_funfur,"2,529 posts",12K followers,59 following,"Steve Upin Hali
🌱🦌🎣🍄🌲🛶✍️🎵🍁🇨🇦
linktr.ee/stevie_funfur",https://www.instagram.com/stevie_funfur/,Canada,no,
rhythmseedfarm,419 posts,"4,745 followers",500 following,"Rhythm Seed Farm
rhythmseedfarm
🌼501c3 nonprofit PDX seed farm🌻
We grow seeds for our community and educate about seed saving and sharing.
🌱For every pa... 
more
beacons.ai/rhythmseedfarm",https://www.instagram.com/rhythmseedfarm/,United States,yes,
cassiemarieedwards,"1,847 posts","1,594 followers","1,555 following","Cassie Marie Edwards
cassiemarieedwards
Painter. Animating the Inanimate. Wisconsinite.
www.cassiemarie.com",https://www.instagram.com/cassiemarieedwards/,United States,no,
transylvanian.wildflowers,543 posts,"1,268 followers",786 following,"Regenerative Textile Atelier
weaver
plant-dyer
documentary filmmaker... 
more
transylvanianwildflowers.org",https://www.instagram.com/transylvanian.wildflowers/,Romania,yes,
gardening_igbax,"2,554 posts",295K followers,"4,340 following","gardening_igbax
Reel creator
Follow us for more 💕",https://www.instagram.com/gardening_igbax/,unknown,no,
greendodoblog,179 posts,857 followers,"1,150 following","Green Dodo
🌳Permaculture
🍀Herbalism
🥦Organic food
🐝Pollinators
🍄Mu... 
more
taplink.cc/greendodo and 1 more",https://www.instagram.com/greendodoblog/,unknown,yes,
islandcrofter,"2,398 posts","5,116 followers","2,485 following","Crofter
Trying to live sustainably on our windswept Isle of Skye croft. Homebaking, woodland, veg growing, breadhead, honesty... 
more
islandcrofter.substack.com",https://www.instagram.com/islandcrofter/,United Kingdom,no,
ionutneicutescu,6 posts,86 followers,152 following,"Ionut Neicutescu
ionutneicutescu",https://www.instagram.com/ionutneicutescu/,Romania,no,
myhomeveggiepatch,453 posts,"2,807 followers",536 following,"Renee
🌱 Growing food in my backyard 🍎
🐛 Organic gardening
🦋 Place to share my love for growing
🇦🇺 Brisbane, subtropical... 
more",https://www.instagram.com/myhomeveggiepatch/,Australia,no,
desiurbangreenery,72 posts,"1,008 followers",60 following,"Varsha Taragi
desiurbangreenery
Gardener
Organic gardening | DIY hacks | Sustainable living ♻️
🪴 Learning & growing - fails included!
Let's grow together! 💚... 
more
www.facebook.com/share/1EBhP6e1bY and 3 more",https://www.instagram.com/desiurbangreenery/,India,no,
ucmastergardenerssolano,371 posts,949 followers,195 following,"UC Master Gardeners Solano
UC Master Gardeners are here to provide free research-based home gardening information to the public.
502 Texas Street, first floor, Fairfield, California 94533
ucanr.edu/site/uc-master-gardeners-solano-county and 3 more",https://www.instagram.com/ucmastergardenerssolano/,United States,no,
subuadina,898 posts,"1,124 followers","1,414 following","Costea Adina (Subu)
Amateur mom 👩‍🍼
Amateur gardener 👩🏻‍🌾
In love with country life 🐓🌻🍉",https://www.instagram.com/subuadina/,Romania,no,
homeandgardenparadise,434 posts,118K followers,78 following,"Gardening & Plant Care
🪴 Understand what your plants are really saying
🌱 Calm, confident care for any plant parent
👇 Speak plant with Bloom... 
more
apps.apple.com/us/app/bloom-buddy-plant-care/id6742810956",https://www.instagram.com/homeandgardenparadise/,United States,yes,
tips_4_home,"10,398 posts",362K followers,"4,432 following","Tips4home
tips_4_home
lnk.bio/tips4home",https://www.instagram.com/tips_4_home/,unknown,yes,
idigherbs,"1,917 posts",15K followers,"1,459 following","🍅
Living my dream ✌🏼Sharing my Bounty 👩🏻‍🌾 Homegrown Handmade Organic Herbals ✨🌿Vancouver island 🇨🇦 💚👨‍👩‍👧🌱🌲🐶🐱🦆🐣🐓🐔🍁🌊
idigherbsapothecary.etsy.com",https://www.instagram.com/idigherbs/,Canada,yes,
greenstrokesofmylife,303 posts,"2,077 followers",899 following,"My Small Green World
greenstrokesofmylife
Juhi
🇬🇧
All about the joy of gardening ☘️
Small space gardening 🌻
Documenting my gardening journey📝
youtube.com/@greenstrokesofmylife?si=qYwqf8oGlBNiyZR1",https://www.instagram.com/greenstrokesofmylife/,United Kingdom,no,
planted.gardens,786 posts,939 followers,909 following,"Pete Wilson
Horticulturist & educator with a shameless sustainability and biodiversity bias
Team leader, School of Horticulture,... 
more",https://www.instagram.com/planted.gardens/,unknown,no,
gardenerd1,"2,402 posts",46.3K followers,"1,059 following","Gardenerd | Vegetable Gardener
gardenerd1
Home Improvement
Grow your own food with classes, consulting & food garden design. 👩🏻‍🌾💚
Author 📚: Garden Variety, Grow Your Own Mini... 
more
lnk.bio/Gardenerd",https://www.instagram.com/gardenerd1/,unknown,yes,
akhil_bhandari_photography,153 posts,"1,717 followers",109 following,"akhil bhandari
nature & wildlife photographer, chef , Gardening, Farming
food videos -@akhil_bhandari1",https://www.instagram.com/akhil_bhandari_photography/,India,no,
thermaland.oaks,"2,502 posts",700K followers,"1,576 following","Christina Heinritz • Homesteading & Non-toxic Lifestyle
Farm Mom • Non-toxic lifestyle • Healthy recipes
Amazon home finds • Seasonal DIY & holistic hacks
Simple living, cozy... 
more
urlgeni.us/amzn/shopsalelinks",https://www.instagram.com/thermaland.oaks/,United States,yes,
hopestillfarm,404 posts,"1,052 followers",62 following,"Hopestill Farm
Certified organic produce grown here on the farm. 117 Mill St., Sherborn MA
www.hopestill.com",https://www.instagram.com/hopestillfarm/,United States,yes,
reshgala,"1,937 posts",309K followers,"1,905 following","Resh Gala | Organic Gardener
reshgala
New Jersey, US
Garden Designer & Coach - Creating Organic Food Gardens in NJ & PA @hundredtomatoes
Author, Vegetable... 
more
www.reshgala.com and 2 more",https://www.instagram.com/reshgala/,United States,yes,
merseybeet_gardening,"1,957 posts",910 followers,596 following,"Catherine and Philip
Nestling in the shadow of Quarry Bank; John Lennon’s old school😊 We’ve worked our plot for 20+ yrs. We are one of the... 
more
www.youtube.com/channel/UCtb5_o4xldq8IW6COFVOB3A",https://www.instagram.com/merseybeet_gardening/,United Kingdom,yes,
squarefootgardening,"1,579 posts",20.8K followers,302 following,"Square Foot Gardening
Nonprofit organization
Our best-selling book + online course show gardeners the fun, efficient way to grow vegetables in less space with Mel... 
more
P.O. Box 2205, Halesite, New York 11743
linktr.ee/squarefootgardening",https://www.instagram.com/squarefootgardening/,United States,no,
jamesasinclair,812 posts,18.9K followers,830 following,"James Alexander-Sinclair - Landscape and Garden Design
he/him
jamesasinclair
Designer
Garden designer,writer & Jack of all Trades. @the_rhs Vice President & Judge, @the_sgld Fellow. Columnist & podcaster... 
more
linktr.ee/jamesasinclair and 1 more",https://www.instagram.com/jamesasinclair/,United Kingdom,yes,
parsleyandturnips,91 posts,"3,842 followers","3,716 following",Baking🍞🍰 Organic 🍎🍞🍏 Selfsufficient 🍏🍞🌿🍎Garden 🏡Eifel 🌞☔☘️,https://www.instagram.com/parsleyandturnips/,Germany,yes,
vego_garden,"2,627 posts",247K followers,"4,742 following","Vego Garden
🌱 We help gardeners grow their own food so they can live healthier, more sustainable lives!
🆕 DM ‘LAUNCH’ to peek new... 
more
sprout.link/vego_garden",https://www.instagram.com/vego_garden/,unknown,yes,
idigherbs,"1,917 posts",15K followers,"1,459 following","🍅
Living my dream ✌🏼Sharing my Bounty 👩🏻‍🌾 Homegrown Handmade Organic Herbals ✨🌿Vancouver island 🇨🇦 💚👨‍👩‍👧🌱🌲🐶🐱🦆🐣🐓🐔🍁🌊
idigherbsapothecary.etsy.com",https://www.instagram.com/idigherbs/,Canada,yes,
gardening_igbax,"2,554 posts",295K followers,"4,340 following","gardening_igbax
Reel creator
Follow us for more 💕",https://www.instagram.com/gardening_igbax/,unknown,no,
garden_ninja_lee,"3,401 posts",44.6K followers,969 following,"Garden Ninja: Lee Burkhill
Public figure
🥷Garden Designer🥷
🌈LGBTQ+🌈
🎤#Gardenrescue TV Presenter🎤
🌿Garden YouTuber🌿
👌Type1 ... 
more
www.gardenninja.co.uk and 2 more",https://www.instagram.com/garden_ninja_lee/,United Kingdom,no,
thepinehillcottage,911 posts,327K followers,"2,378 following","Reena 🌲 Master Gardener/ Frugal DIY Creator/ Vertical Gardening
Gardening, Foraging, Food preserving
Country Cottage in the Pines
Herbs & Wild Medicinals
Creator/Host... 
more
linktr.ee/thepinehillcottage",https://www.instagram.com/thepinehillcottage/,unknown,yes,
eventually_42,128 posts,596 followers,478 following,"Reshma Pradhan
Photographer
Lerner
👉my own content and edits👈
Founder @reshma.pradhan.14019
www.shutterstock.com/g/Reshma+Pradhan14?rid=267074732&utm_medium=email&utm_source=ctrbreferral-link",https://www.instagram.com/eventually_42/,India,no,
scottishveggiegarden,"1,055 posts",13.5K followers,929 following,"Suz 🌿 Kitchen Garden
she/her
scottishveggiegarden
Blogger
Tales from our organic kitchen garden.
Growing food slowly, simply & seasonally in Scotland.
Mum & Teacher Life.
Making... 
more
www.scottishveggiegarden.co.uk",https://www.instagram.com/scottishveggiegarden/,Scotland,no,
ionutneicutescu,6 posts,86 followers,152 following,"Ionut Neicutescu
ionutneicutescu",https://www.instagram.com/ionutneicutescu/,Romania,no,
gramma_carol,"10,371 posts",854 followers,"1,901 following","Carol Tilson Wright
Jesus is the reason 🙌",https://www.instagram.com/gramma_carol/,unknown,no,
xpop_04,14 posts,,,"Poppy Summers
💚 The Outdoors 🏄‍♀️🧗‍♀️
} 20 ✨",https://www.instagram.com/xpop_04/,unknown,no,
gardenplanning,"2,347 posts",557K followers,74 following,"Garden Planning
🪻| Welcome to Instagram’s biggest garden club
🌷| Sharing gardening tips, laughs, and inspo
👇| Download our app for... 
more
apps.apple.com/us/app/bloom-buddy-plant-care/id6742810956",https://www.instagram.com/gardenplanning/,United States,yes,
thehomegarden,"1,652 posts",109K followers,414 following,"Donna | Home Gardener
🐝Organic Gardening 🐞
🍊Growing Food In My Backyard 🇦🇺
🌱Sharing Info, Ideas and Inspiration💡
www.thehomegarden.com",https://www.instagram.com/thehomegarden/,Australia,yes,
jencaputomurphy,706 posts,"1,830 followers","1,513 following","Jen
I cook the food, he (@murph.adam) shakes the drinks. I grow the veggies, he grows the fruit.
NW Suburban Chicago, IL,... 
more
linktr.ee/jencaputomurphy",https://www.instagram.com/jencaputomurphy/,United States,yes,
abb_smythe,"1,052 posts",311 followers,838 following,"Abbey Smythe
I’m not like a regular mum, I’m a dog mum
🐶🐶🐶🐶
Founder @ellee_thelabel
Adventures with @pepperandpals_au 🐶",https://www.instagram.com/abb_smythe/,Australia,yes,
pkoffsky,644 posts,516 followers,944 following,"Paula Koffsky
pkoffsky
Evolution of a garden",https://www.instagram.com/pkoffsky/,unknown,no,
brunis_tomatengarten,258 posts,"6,271 followers","6,267 following","Bruni
Niedersachsen
Foxterrierliebe 🐕 🐕🐕
Alle Tomaten wurden mit viel Liebe 🧡 von mir angebaut und stammen aus meinem Garten... 
more",https://www.instagram.com/brunis_tomatengarten/,Germany,yes,
centraltxbuckeye,997 posts,"1,481 followers","4,314 following","Dawn
In my IDGAF era. Health First!!!
Don't eat crap-Lift heavy-Age strong! 💪
Retired at 50
Living happily ever after in... 
more",https://www.instagram.com/centraltxbuckeye/,unknown,no,
growyourownfood_22,89 posts,331 followers,466 following,"A Horta do Oliveira
growyourownfood_22
Gardener
Grow food 🌱
Organic gardener and method no dig
Photography 📸
Since May 2020
P... 
more",https://www.instagram.com/growyourownfood_22/,unknown,yes,
_the_veggie_patch,59 posts,277 followers,274 following,"The Veggie Patch
All about veggie gardening 🌶️🧄🥬
Raised beds and in-ground gardening🐝
North West SA 🇿🇦
Soil Science 🪱 and Agronomy Studen... 
more",https://www.instagram.com/_the_veggie_patch/,South Africa,yes,
theknottygarden,"1,573 posts",263K followers,"2,186 following","Erin Berkyto | 🪴Garden Fresh Inspiration🪴
she/her
theknottygarden
🏡 Seasonal Living & Homegrown Inspiration
🪴 Speaker, Educator & Canadian Creator
🇨🇦 Vancouver, Canada YVR
🤝... 
more
stan.store/theknottygarden",https://www.instagram.com/theknottygarden/,Canada,yes,
marjxowisno,"1,050 posts","1,935 followers","2,300 following","Marj
she/her
Plantita [plan-ti-ta] — noun. A leafy-loving lady with soil in her nails, sunshine in her soul, and way too many pots... 
more",https://www.instagram.com/marjxowisno/,Philippines,yes,
josiecorrales18,"1,876 posts",461 followers,921 following,"Josie Corrales
josiecorrales18
Product/service",https://www.instagram.com/josiecorrales18/,unknown,yes,
gardenofvera,319 posts,"3,023 followers",501 following,"Lyndsie | Backyard Gardener
gardenofvera
🌻Crazy Plant Lady
🌿Working To Be More Sustainable & Organic
👱🐕 Mom
🌎 Wilmington, DE
🌱 Zone 7a",https://www.instagram.com/gardenofvera/,United States,no,
retrosuburbiaofficial,626 posts,56.7K followers,203 following,"RetroSuburbia
Community
A movement to transform the suburbs into productive & resilient places. With Permaculture co-originator David Holmgren &... 
more
treelink.retrosuburbia.com",https://www.instagram.com/retrosuburbiaofficial/,Australia,no,
thebeginnersgarden,"1,896 posts",40.2K followers,"1,223 following","Jill McSheehy
🎧 The Beginner’s Garden Podcast
👩🏼‍🌾 Gardening tips at a beginner’s level
🔍Peek into my garden
👇And get inspiration... 
more
journeywithjill.net/ig",https://www.instagram.com/thebeginnersgarden/,United States,no,
morenaj01,"2,498 posts",820 followers,750 following,"Jhem G. Marquez
morenaj01
Personal blog
🇵🇭 🇴🇲🇭🇰 🇦🇪🇺🇸
مورينا
Psalm 20:4
Founder: Lets Unite as One
~I cook🔪🥘... 
more
youtube.com/@morenadefilipinas and 2 more",https://www.instagram.com/morenaj01/,Philippines,no,
resiliencedesign,"1,984 posts","3,521 followers","1,285 following","Resilience Design
Landscape Design
Botany & Ecology Courses
Nursery & Seeds
Chinook land (Portland, Oregon)
linktr.ee/resiliencedesign",https://www.instagram.com/resiliencedesign/,United States,yes,
kassiolino,"2,986 posts",14.3K followers,92 following,"Tini Vogt - Selbstversorgerin
Author
Minifarming,selfsufficient,800sqm, plantbased, bees, permaculture, Germany,Hameln 🇩🇪🇸🇪🇬🇧
📖 12 Monate Gemüse ernten
📖... 
more
www.kassiolino.de",https://www.instagram.com/kassiolino/,Germany,no,
gardening_igbax,"2,554 posts",295K followers,"4,340 following","gardening_igbax
Reel creator
Follow us for more 💕",https://www.instagram.com/gardening_igbax/,unknown,no,
ionutneicutescu,6 posts,86 followers,152 following,"Ionut Neicutescu
ionutneicutescu",https://www.instagram.com/ionutneicutescu/,Romania,no,
devonandearth,"1,272 posts",85.3K followers,"1,173 following","Rhiannon | vegetable gardener, founder of Devon Dig and Donate
she/her
Digital creator
Vegetable grower, educator, self-sufficiency.
Founder of @devon_dig_and_donate community garden.
Email for... 
more
devonandearth--impactbundles.thrivecart.com/homestead-bundle and 2 more",https://www.instagram.com/devonandearth/,United Kingdom,yes,
susa.gardening.sanctuary,558 posts,"1,650 followers",588 following,"Sue Crosse Susa’s Gardening Sanctuary 🌱
At Susa's Gardening Sanctuary we offer workshops to inspire our community to create their own sustainable, serene,... 
more
mailchi.mp/6ce497da817f/susas-gardening-sanctuary",https://www.instagram.com/susa.gardening.sanctuary/,unknown,yes,
homesteadingindenver,303 posts,"9,029 followers",751 following,"Homesteading in Denver, CO
🌾From parking lot to backyard farm
Chronicling our sustainability journey♻️
🌱organic ⬇️waste ✊food equity 🌏climate... 
more
www.homesteadingindenver.com",https://www.instagram.com/homesteadingindenver/,United States,yes,
created_by_amie,568 posts,"1,180 followers","1,971 following","Created by Amie
40 something homesteader- organic farming family.
Hearing aids, glasses + unruly hair.
A bit crunchy, a bit normie.",https://www.instagram.com/created_by_amie/,United States,no,
khilyaabrori,27 posts,967 followers,"1,107 following","Khilyaa_
Full Time Mom and Wife 🥰
📍 Yogyakarta",https://www.instagram.com/khilyaabrori/,Indonesia,no,
my_acupuncturist,"2,184 posts",625 followers,849 following,"MY Acupuncturist
Acupuncturist
Acupuncture has the ability to heal the body, mind, and spirit so healing may be experienced on all levels of your... 
more
1213A Montauk Highway, Oakdale, New York 11769
www.myacudocli.com",https://www.instagram.com/my_acupuncturist/,United States,yes,
coastalgardenerbrad,"2,120 posts","1,502 followers","3,671 following","Bradley Rymph
coastalgardenerbrad
🌈 organic gardening (zone 8A) 🍅🥕 native plants 🌻🌿 baking, pickling, jam-making, etc. 🍞🥒 the beach (Rehoboth Beach,... 
more",https://www.instagram.com/coastalgardenerbrad/,United States,yes,
nikkikat_gal,"1,530 posts","1,301 followers",953 following,"Nik Nikki Nicole
Kids, cars, baking, gardening.
Little squares of our life.
@cam_warde ❤
@ace_man_28 💙
... 
more",https://www.instagram.com/nikkikat_gal/,unknown,no,
gardenerblind,322 posts,387 followers,805 following,"Gardener Blind
gardenerblind
Gardener
Visually impaired gardener who loves nothing more than growing my own fruit, vegetables, herbs & flowers.
Gardener Blind and 1 more",https://www.instagram.com/gardenerblind/,unknown,no,
keen_gardener,103 posts,743 followers,955 following,"keen_gardener
📚🖍💕Early years teacher, passionate about nature🌳🌱flowers 🌸🌷🌻bees🐝
Organically growing my own fruits & vegetables... 
more",https://www.instagram.com/keen_gardener/,unknown,no,
rosefarmmoi,"2,153 posts",572 followers,"1,464 following","Rosefarmmoi
Personal blog
Hi! I live on an organic hobby farm in Australia & enjoy crafts & gardening! See the creations available:
linktr.ee/rosefarmmoi",https://www.instagram.com/rosefarmmoi/,Australia,yes,
simone_maudsley,"1,614 posts",588 followers,"2,283 following","Simone Maudsley
she/they
simone_maudsley
Intuitive Alchemy Holistic's
🏳️‍🌈Holistic therapist, Herbalist 🌱
Energetic Alchemist ✨💫 Fibre Artist
Loving who &... 
more",https://www.instagram.com/simone_maudsley/,unknown,yes,
l_costuna,806 posts,194 followers,104 following,"Lina Costuna
Lina Costuna",https://www.instagram.com/l_costuna/,unknown,no,
raoastrid_,709 posts,"1,648 followers","1,360 following","Astrid Rao
raoastrid_
Tree freak, gardener, permaculturist, mother. Owns @nativeplacekamshet guesthouse & @flynirvana paragliding school
Astrid Rao and 1 more",https://www.instagram.com/raoastrid_/,India,yes,
theplanttechie,"1,276 posts",113K followers,"1,469 following","Josh Gardens
theplanttechie
🌱 Master Gardener & Fruit Tree Grower
🏡 Homesteader in USA, Zone 8a
💻 Tech Enthusiast & Teacher
⬇️ Learn More Here
linktr.ee/unclejoshgardens",https://www.instagram.com/theplanttechie/,USA,yes,
phildudmangardening,"1,373 posts",41.4K followers,588 following,"Phil Dudman Gardening
🌱 Teaching simple, sustainable ways to grow organic food
🎙️ Presenter ABC Radio & garden magazines
🌿 Workshops &... 
more
linktr.ee/phil_dudman_gardening",https://www.instagram.com/phildudmangardening/,Australia,yes,
oldenorganics,218 posts,783 followers,424 following,"Olden Organics
Everything Veggies - Certified Organic Retail/Wholesale, Farmer’s Markets. Serving Northeast Wisconsin, Madison,... 
more
www.oldenorganics.com",https://www.instagram.com/oldenorganics/,United States,yes,
jenglazegregory,76 posts,"1,118 followers","3,517 following","Jenn Gregory
Agriculture
🌿 POST OAK FARM
🐄 Pasture-raised beef (coming soon)
👩🏻‍🌾 Garden, goats & seasonal food
📍Mississippi | Zone 8a
🛒... 
more
linktr.ee/jenglazegregory",https://www.instagram.com/jenglazegregory/,United States,yes,
amy_lynn213,462 posts,335 followers,571 following,Amy Lynn,https://www.instagram.com/amy_lynn213/,unknown,no,
kassiolino,"2,986 posts",14.3K followers,92 following,"Tini Vogt - Selbstversorgerin
Author
Minifarming,selfsufficient,800sqm, plantbased, bees, permaculture, Germany,Hameln 🇩🇪🇸🇪🇬🇧
📖 12 Monate Gemüse ernten
📖... 
more
www.kassiolino.de",https://www.instagram.com/kassiolino/,Germany,no,
the.gourmanticgarden,"1,219 posts","3,283 followers",664 following,"Cocktail Gardener | Author
by @CorinneMossati
📚 Author GROW YOUR OWN COCKTAIL GARDEN, SHRUBS & BOTANICAL SODAS, AUSTRALIAN NATIVE EDIBLES 📷© Get... 
more
thegourmanticgarden.com/product/australian-native-edibles-grow-it-eat-it-drink-it and 4 more",https://www.instagram.com/the.gourmanticgarden/,Australia,yes,
asuburbangardener,"3,300 posts",33.3K followers,414 following,"A Suburban Gardener
Just another suburban gardener in zone 7a -MD! I love to tinker with a bit of everything & this page is dedicated to my... 
more
linktr.ee/asuburbangardener",https://www.instagram.com/asuburbangardener/,United States,no,
pawpawridge,"2,539 posts",241K followers,267 following,"PawPaw Ridge Homestead
Reel creator
Small Homestead in Coastal Virginia
linktr.ee/pawpawridge",https://www.instagram.com/pawpawridge/,United States,no,
quakedavid,5 posts,375 followers,814 following,"Quake David
Business service",https://www.instagram.com/quakedavid/,unknown,yes,
gardening_igbax,"2,554 posts",295K followers,"4,340 following","gardening_igbax
Reel creator
Follow us for more 💕",https://www.instagram.com/gardening_igbax/,unknown,no,
catoctinfarmwitch,"1,932 posts",418 followers,"2,193 following","Ashley Kniss
she/her/hers
catoctinfarmwitch
Running in Virginia, but an Oregonian at heart. Marathoner, English prof, maker, sewist, urban homesteader, and lover of... 
more
thewhineyrunner.wordpress.com",https://www.instagram.com/catoctinfarmwitch/,United States,no,
stresscake,"6,270 posts","1,259 followers","1,754 following","Kathy Skutecki
stresscake
Product conceptor, recipe developer/tester, food marketing consultant, pastry chef, food stylist and meat grrl with a... 
more
www.stresscake.com",https://www.instagram.com/stresscake/,unknown,yes,
our_40_acre_life,"1,207 posts","1,020 followers","1,358 following","our_40_acre_life
Digital creator
💛𝐋𝐞𝐚𝐧𝐧𝐞 -𝐅𝐮𝐧𝐜𝐭𝐢𝐨𝐧𝐚𝐥 N𝐮𝐭𝐫𝐢𝐭𝐢𝐨𝐧𝐢𝐬𝐭
💙𝐃𝐚𝐯𝐞 - 𝐌𝐞𝐜𝐡𝐚𝐧𝐢𝐜
🌿Organic Gardening
💚Growing food and living sustainably
🏠on 40 acres... 
more",https://www.instagram.com/our_40_acre_life/,unknown,no,
vermontcompost,510 posts,10.5K followers,"1,974 following","Vermont Compost Company
Providing the highest quality compost and potting soils to growers for organic vegetable and flower production... 
more
1996 Main St, Montpelier, Vermont 05602
linktr.ee/vermontcompost",https://www.instagram.com/vermontcompost/,United States,yes,
