postUrl,keyword,profileUrl,username,caption,hashtags,likes,views,postDate,timeAgo
https://www.instagram.com/p/DO9UlSpEvXG/,fallgardening,https://www.instagram.com/whiteflowerfarm/,whiteflowerfarm,"🍂 Thinking of cutting back your garden this fall? Hold off on these beauties! Many varieties produce nutritious seed heads and their structure provides shelter for birds all winter long. 🐦❄️

✨ Plants to leave standing:
- Agastache
- Andropogon
- Carex (Sedges)
- Coreopsis
- Echinacea 
- Eragrostis (Purple Love Grass)
- Eutrochium (Joe Pye Weed)
- Helenium 
- Heliopsis 
- Liatris 
- Muhlenbergia
- Rudbeckia 
- Sporobolus (Prairie Dropseed)
- Symphyotrichum (Asters) 

💚 By leaving these plants standing, you’re giving birds a winter buffet and adding beauty to your snowy garden.

👉 Save this post to keep the list handy for fall cleanup.
👉 Share it with a friend who gardens to help more birds this winter!

#BirdFriendly #FallGardening #WildlifeHabitat #GardenForBirds","#BirdFriendly,#FallGardening,#WildlifeHabitat,#GardenForBirds",1089,,2025-09-23T20:30:51.000Z,2 w
https://www.instagram.com/p/DPKTJdvEnoE/,fallgardening,https://www.instagram.com/oaktreecottage17/,oaktreecottage17,"It’s a lovely Fall day in my garden. It’s time to stop, sit and enjoy what remains in the gardens before shorter days and the cold sets in. #myperennialgarden #gardenview #gardenvignette #myflowergarden#fallgarden#fallgardening#beautifulgarden#downthegardenpath#gardentea#teatime#tea_cup_tuesday #antiques_r_us #vintage#vintagegarden #vintagegardenstyle","#myperennialgarden,#gardenview,#gardenvignette,#myflowergarden,#fallgarden,#fallgardening,#beautifulgarden,#downthegardenpath,#gardentea,#teatime,#tea_cup_tuesday,#antiques_r_us,#vintage,#vintagegarden,#vintagegardenstyle",693,,2025-09-28T21:25:21.000Z,1 w
https://www.instagram.com/p/DPCBbABgJ6w/,fallgardening,https://www.instagram.com/nashvillegrows/,nashvillegrows,"Just what a little ole urban community garden is capable of.
.
.
#FarmInTheCityNashville #urbancommunitygarden #littlethi gsmatter #nashvillegardening #fallgardening #urbangardening #gardeni ginsmallspaces","#FarmInTheCityNashville,#urbancommunitygarden,#littlethi,#nashvillegardening,#fallgardening,#urbangardening,#gardeni",77,,2025-09-25T16:16:39.000Z,1 w
https://www.instagram.com/p/DPRGfJnDmAv/,fallgardening,https://www.instagram.com/oscseeds/,oscseeds,"Hello, October! 🍂✨

These are my very first homegrown butternut squashes and they’re almost ready to harvest! 🎉

Does my backyard look like a jungle right now? 🌿 YES.

But are these squashes SUPER CUTE? Also, yes. 😍
 
(These are the Honey Baby squash from OSC seeds.)

Bonus: a photo of a dahlia 🌸 that’s been loving the weather lately.

What’s left to harvest in your own garden?

#FallGarden #ButternutSquash #HomegrownHarvest #OctoberVibes #CozySeason #GardenToTable #BackyardGarden #FallGardening #GrowYourOwnFood #GardenJoy","#FallGarden,#ButternutSquash,#HomegrownHarvest,#OctoberVibes,#CozySeason,#GardenToTable,#BackyardGarden,#FallGardening,#GrowYourOwnFood,#GardenJoy",34,,2025-10-01T12:49:24.000Z,1 w
https://www.instagram.com/p/DOY_gOTDls_/,fallgardening,https://www.instagram.com/gardensavvyusa/,gardensavvyusa,"Fall veggies loading … 🍂🍁🍃🫜

Have you started your fall season? Comment below 👇 

#gardensavvy #gardendesign #gardenplanner #gardening #garden #gardener #gardenplanner #gardeninspiration #SpringGardening #GardenDesign #fallplantingseason #fallgardening","#gardensavvy,#gardendesign,#gardenplanner,#gardening,#garden,#gardener,#gardenplanner,#gardeninspiration,#SpringGardening,#GardenDesign,#fallplantingseason,#fallgardening",8,,2025-09-09T17:50:55.000Z,4 w
https://www.instagram.com/p/DIrKMl9xQ22/,fallgardening,https://www.instagram.com/creative.minds4447/,creative.minds4447,"Butternut beauty in the making 🎃🌿
This squash is almost ready for harvest—and there’s nothing quite like growing your own. Butternut squash is easy to grow, stores well, and makes the coziest soups and roasts all fall long.

If you're planning your garden, don’t skip the winter squash section!

#butternutsquash #growyourownveggies #homegarden #wintersquashseason #backyardgardening #vegetablegarden #gardentotable #fallgardening #gardeninglife #squashgoals","#butternutsquash,#growyourownveggies,#homegarden,#wintersquashseason,#backyardgardening,#vegetablegarden,#gardentotable,#fallgardening,#gardeninglife,#squashgoals",30,,2025-04-20T16:02:18.000Z,24 w
https://www.instagram.com/p/DNAuDkbSIkq/,fallgardening,https://www.instagram.com/figmentcottagegardens/,figmentcottagegardens,"Save money, time, and water on bare roots!

You can find so many more varieties of bare roots than live plants. And most perennials ship as bare roots in fall or spring!

Here’s my extended list with varieties I recommend:

Aster: New England (5’), October skies
Astilbe: Visions and Deutschland 
Baptisia: Lemon meringue, ivory, indigo
Bearded iris: Beverly Sills, Sea of Love
Liatris (blazing star)
Bleeding Heart: try the white and red varieties!
Clematis: Sweet Summer Love, Montana Maylene
Coneflower: Melon, Buttercream, Butterfly Kisses
Eryngium: Rattlesnake Master
Echinops: Veitch’s Blue
Foxtail Lily: Shelfords Hybrids Mix, Robustus Pink
Penstemon: Husker Red, Midnight Masquerade 
Peony: Old Faithful, Karl Rosenfeld
Sedum: Night embers
Yarrow: Colorado Mix, Moonshine

What are you planting this fall? Stay tuned for my post about essential bulbs! You can also download my Cottage Cutting Garden Handbook now to prep yourself for fall and winter seed starting for perennials; biennials, and hardy annuals.

#fallgardening #fallgarden #cottagegarden","#fallgardening,#fallgarden,#cottagegarden",2550,,2025-08-06T11:13:01.000Z,9 w
https://www.instagram.com/p/DPh4NGFDFzP/,fallgardening,https://www.instagram.com/marythemini/,marythemini,"MN Garage when there is a frost warning!!! It’s too early, give us more time!  #mnfall #fallinmn #frostadvisory #fall #fallgardening #weneedmoretime #freeze #onlyinmn #mn #minnesota","#mnfall,#fallinmn,#frostadvisory,#fall,#fallgardening,#weneedmoretime,#freeze,#onlyinmn,#mn,#minnesota",18,,2025-10-08T01:11:41.000Z,1 d
https://www.instagram.com/p/DN8JqQhEcG3/,fallgardening,https://www.instagram.com/creeksidegardensil/,creeksidegardensil,"It’s beginning to look and feel like fall around here! Stop by this weekend for a little autumn inspiration! 🎃🌼🍁

#fallgardening #hardymums #chrysanthemum #locallygrownflowers #autumnvibes","#fallgardening,#hardymums,#chrysanthemum,#locallygrownflowers,#autumnvibes",13,,2025-08-29T13:01:41.000Z,5 w
https://www.instagram.com/p/DO00r7oDh8g/,fallgardening,https://www.instagram.com/contained_creations/,contained_creations,"🙋‍♀️Who’s planting fall container gardens this weekend? ➡️ Swipe for some autumn urn inspiration. 

Have questions about any of these designs? Ask below…

#containergardeningideas #fallporchdecor #autumndecor #fallgardening #curbappeal #gardenurns","#containergardeningideas,#fallporchdecor,#autumndecor,#fallgardening,#curbappeal,#gardenurns",1668,,2025-09-20T13:15:07.000Z,2 w
https://www.instagram.com/p/DOyvTaAjb4w/,fallgardening,https://www.instagram.com/growingwithbeccalynne/,growingwithbeccalynne,"Every clove, crown, and tuber you bury this fall is a quiet promise to your future self: that abundance doesn’t need complexity, and that even as the days shorten, life underground is already beginning next year’s harvest.

#fallgarden #fallgardening #backyardgarden #urbangardener","#fallgarden,#fallgardening,#backyardgarden,#urbangardener",40,,2025-09-19T17:49:36.000Z,2 w
https://www.instagram.com/p/DPhmg4kjNem/,fallgardening,https://www.instagram.com/heemans/,heemans,"Isn't October just so beautiful? 🥰 Along with the stunning scenery, it also brings with it some new gardening tasks to finish up. With some milder weather in the forecast for the next few days, maybe you can spend some time in the gardens! 🏡

🍂 October Garden Checklist 🍂
🔘 Plant spring flowering bulbs.
🔘 Divide spring/summer blooming perennials
🔘 Transplant shrubs or young trees to new locations.
🔘 Cut diseased areas out of perennials. Do not compost.
🔘 Remove all vegetable plants and fallen fruit.
🔘 Remove dead annuals from the garden, after a frost.
🔘 Cut back perennial foliage (like hostas) if desired.
🔘 Leave flowers with seeds (like coneflowers) for the birds.
🔘 Continue watering trees and shrubs as needed until the ground freezes.
🔘 Sharpen lawn mower blade and pruners.
🔘 Dig up tender bulbs such as dahlia, canna and gladiola. Store in a cool, dry and dark space.
🔘 Prep areas to sow seeds that require cold stratification (like poppies or milkweed).

Want some more ideas on how to get your garden ready for the next season? Comment ""checklist"" and we'll send you our full Fall Gardening Checklist!
.
.
.
#fallgardening #gardeningtasks #getgardenready #winteriscoming #gardentodo #checklist #gardenguide #helpfulheemans #yourhappyplace","#fallgardening,#gardeningtasks,#getgardenready,#winteriscoming,#gardentodo,#checklist,#gardenguide,#helpfulheemans,#yourhappyplace",,,2025-10-07T22:37:07.000Z,1 d
https://www.instagram.com/p/DNOqvTEvY74/,fallgardening,https://www.instagram.com/prairiegardens/,prairiegardens,"We spy with our little eyes, the first fall mums blooming. 👀💜

#PrairieGardens #FallGarden #FallMums #FallGreenhouse #FallGardening #GardenCenter","#PrairieGardens,#FallGarden,#FallMums,#FallGreenhouse,#FallGardening,#GardenCenter",24,,2025-08-11T21:05:40.000Z,8 w
https://www.instagram.com/p/DPR58_3EV9P/,fallgardening,https://www.instagram.com/theurbangardenher/,theurbangardenher,"Hello October. 🍂 May this month continue to bring abundance. 🧺 

#fall #fallgardening","#fall,#fallgardening",,,2025-10-01T20:19:48.000Z,1 w
https://www.instagram.com/p/DPHsewBATfO/,fallgardening,https://www.instagram.com/mystic.sister/,mystic.sister,"Fall gardening checklist today on this breezy 91 degree afternoon:

🌳 Pruning back the bean trees (Mesquite + Huisache) and removing their pods from the veggie beds. 

🦆 Removing ducks and their nests from veggie beds…

👩🏼‍🌾 Tearing up the beds with my badass Japanese hoe - gotta be handy with the steel, if ya know what I mean … lol

🪱 Adding layers of compost + red wigglers
 
🌼 Planting Calendula, Fennel, Parsley, Chinese Cabbage, Kale, Broccoli, Swiss Chard, Thyme, Chives, Bok Choy + Cilantro.

🫑 Harvesting Poblano Peppers 
 

Who else is digging in the dirt this weekend?

#gardening #gardener #organicgardening #permaculture #veggiegarden #herbgarden #raisedbedgardening #fallgardening #texasgardening 
927","#gardening,#gardener,#organicgardening,#permaculture,#veggiegarden,#herbgarden,#raisedbedgardening,#fallgardening,#texasgardening",,,2025-09-27T21:08:59.000Z,1 w
https://www.instagram.com/p/DOqZtlbjXSu/,fallgardening,https://www.instagram.com/the_retired_housewife/,the_retired_housewife,"☕️ It’s a rainy Tuesday here so I’m sharing a little sunshine! The last sunflower of the year opened in the vegetable patch yesterday. I always wish I had planted more! I staggered planting them this year which I will definitely do again. It’s fun to get new blooms so late in the season. 

Now the veggie patch has cool weather plants plus my cucumber plant that has been a champ all summer! 

Are you growing anything now? Do you like sunflowers? 🌻 

Hope your day is full of sunshine,
Faith 😊

#AWarmDrinkInACuteMugIsLikeAHug91525

#theretiredhousewife #sunflowers #sunflower #inmygardentoday #homeandgarden #fallgarden #fallgardening

.
.
Hello September!!!","#AWarmDrinkInACuteMugIsLikeAHug91525,#theretiredhousewife,#sunflowers,#sunflower,#inmygardentoday,#homeandgarden,#fallgarden,#fallgardening",135,,2025-09-16T14:39:47.000Z,3 w
https://www.instagram.com/p/DPUfPiYEhgq/,fallgardening,https://www.instagram.com/thefloweringfarmhouse/,thefloweringfarmhouse,"The first year I dug my dahlias, I lost every single one… except one clump.
 They rotted. Shriveled. Molded. I cried.

11 years later, I grow and store over 4,000 plants a year — and I want to help you avoid the painful mistakes I made. 🌸

That’s why I’m hosting a free live webinar this week:

👉 The 4 Costly Mistakes Dahlia Growers Make When Digging, Dividing & Storing Tubers

You’ll learn: ✔️ Why digging too early leads to tuber loss
✔️ What happens if you divide the wrong way
✔️ The biggest storage mistakes (and how to avoid them)
✔️ Why some growers lose their entire stock in just one winter

🗓️Friday @ 4pm PST (Replay available through Sunday!)

Want the link? Just comment LESSON below 👇 and I’ll DM it to you instantly.

#dahlias #growingdahlias #diggingdahlias #fallgardening #pnwdahlias","#dahlias,#growingdahlias,#diggingdahlias,#fallgardening,#pnwdahlias",199,,2025-10-02T20:23:28.000Z,6 d
https://www.instagram.com/p/DOjT1AbCQ_N/,fallgardening,https://www.instagram.com/gardenplanning/,gardenplanning,"🍂 Fall is coming—don’t leave your garden unprepared!
The change of season is the perfect time to refresh, protect, and set the stage for a thriving garden next year. Here’s how:

🌱 Clean up spent plants to stop pests from overwintering
🌱 Refresh the soil with compost or organic matter
🌱 Plant cool-season crops like kale, spinach, and garlic
🌱 Protect perennials and shrubs with mulch and pruning
🌱 Support pollinators by leaving seed heads and brush piles
🌱 Care for your tools and lawn before frost hits

✨ Pro Tip: A little fall prep now means less stress and bigger rewards come spring.

📲 Want help tracking all these seasonal tasks?
Bloom Buddy keeps your garden organized, sends care reminders, and even tells you when it’s time to plant.
Comment “BLOOM” below and we’ll send you the app link!

#FallGardenPrep #SeasonalGardening #GardenPlanning #BLOOM🌱 #GardeningTips #FallGarden #FallGardening","#FallGardenPrep,#SeasonalGardening,#GardenPlanning,#BLOOM🌱,#GardeningTips,#FallGarden,#FallGardening",1215,,2025-09-13T18:00:36.000Z,3 w
https://www.instagram.com/p/DNJGD1XODUC/,fallgardening,https://www.instagram.com/creeksidegardensil/,creeksidegardensil,"OUR BIGGEST MUM SELECTION EVER!

We’ve grown more mums than ever, and are stocked with a huge assortment of varieties, colors, and sizes. Come snag your favorites and get a head start on your fall gardening!

#locallygrownflowers #fallgardening #hardymums","#locallygrownflowers,#fallgardening,#hardymums",18,,2025-08-09T17:08:58.000Z,8 w
https://www.instagram.com/p/DPbk8w5FY7C/,fallgardening,https://www.instagram.com/fieldstonegardens/,fieldstonegardens,"🍂 Fall Chores in Full Swing 🍂

Even though the weather feels more like August, the fall cleanup continues! Beds and pots are getting cut back, filling the compost bins once again. And in that wonderful full-circle rhythm of the garden — previous year’s compost now goes back to nourish the beds for next season’s growth. 🌱💚
.
.
 #composting #compost #compostgarden #fallgarden #FallGarden #fallgardening #fallgardenprep #fallgardencleanup #fallgardeningtips #fallgardenchores #fallcutbacks #fallcutback #recyclereuse #recyclereusereduce #recyclereusereduce♻ #mainegardens #plantsomethingmaine #mainegardening #gardeninglife #gardensofmaine #perennialseller #perennialsofinstagram #horticulture #horticulturist #fieldstonegardens #gardener #happygarden #gardeninglove #gardenstyle #mainegardeners","#composting,#compost,#compostgarden,#fallgarden,#FallGarden,#fallgardening,#fallgardenprep,#fallgardencleanup,#fallgardeningtips,#fallgardenchores,#fallcutbacks,#fallcutback,#recyclereuse,#recyclereusereduce,#recyclereusereduce♻,#mainegardens,#plantsomethingmaine,#mainegardening,#gardeninglife,#gardensofmaine,#perennialseller,#perennialsofinstagram,#horticulture,#horticulturist,#fieldstonegardens,#gardener,#happygarden,#gardeninglove,#gardenstyle,#mainegardeners",8,,2025-10-05T14:27:59.000Z,3 d
https://www.instagram.com/p/DOwEAjJEZFY/,fallgardening,https://www.instagram.com/prairiegardens/,prairiegardens,"A greenhouse full of fall pretties 🍂✨

#PrairieGardens #FallGarden #GardenCenter #Greenhouse #FallGardening","#PrairieGardens,#FallGarden,#GardenCenter,#Greenhouse,#FallGardening",18,,2025-09-18T16:52:49.000Z,2 w
https://www.instagram.com/p/DPeo-GmAJGU/,fallgardening,https://www.instagram.com/kidsherbalism/,kidsherbalism,"🌿 October in the Garden 🌿

October in the garden — a time to harvest, plant, and prepare for the seasons ahead. 

Here’s what we’re working on this month:

🍁 Harvest: Gather your fall harvest such as Maypop passionfruit, hibiscus, ginger or other roots that aren’t cold hardy, squash, pumpkins, and hawthorn berries. These can be stored, dried, or turned into syrups and teas to last through winter.

🌱 Plant: Get garlic and spring bulbs in the ground before frost. Sow cool-weather greens like kale, cabbage, chard, and broccoli — they’ll thrive as temperatures drop. Create weather protecion such as row cover for them.

🪴 Protect: Pot up tender herbs and non-cold-hardy plants to overwinter indoors. Compost fallen leaves and garden scraps to feed next season’s soil.

🐝 Support Wildlife: Leave some leaf litter and seed heads for beneficial insects and birds. Set up a feeder or brush pile for shelter during colder months.

🌾 Save: Collect and label seeds from favorite flowers and herbs for next year’s planting.

💬 Tell us — what’s happening in your garden this October? Are you planting garlic, saving seeds, or composting leaves? Share your fall garden plans below!

💚 Our Bloom Membership includes brand new classes each month as well as instant access to over 150 herbalism, gardening, and seasonal living classes in our Bloom Library!

Sign up today to join our growing community — comment BLOOM below and we’ll send you the link!

#WildGingerHerbalCenter #OctoberGarden #FallGardening #Herbalism #GrowYourOwnHerbs #HerbalEducation #SeasonalGardening #HomegrownHerbalist #CommunityHerbalism #SeedSaving #PlantGarlic #OrganicGardening","#WildGingerHerbalCenter,#OctoberGarden,#FallGardening,#Herbalism,#GrowYourOwnHerbs,#HerbalEducation,#SeasonalGardening,#HomegrownHerbalist,#CommunityHerbalism,#SeedSaving,#PlantGarlic,#OrganicGardening",49,,2025-10-06T19:00:05.000Z,2 d
https://www.instagram.com/p/DOTLn1SjkYP/,fallgardening,https://www.instagram.com/wesmabry/,wesmabry,"Hands in the dirt 🪴🤎 and hearts full of joy 🫶🏽🌻 planting our happy fall garden 🪏🌱 to welcome in the autumn season!! 🚜🍂 Love these sweet fall-lovin’ babies 🤱🧡👶🏼 and little country life of ours so!! 🏡🌾🛻 Happy Sunday, y’all!! 👩‍🌾🌿🌼🥦💐🥬🥕✨ #fallgarden #fallgardening #happyfallgarden #firstweekendofseptember #falltradition #growgoodthings #falltraditions #gardeningwithlittles #happyharvestseason #fallisintheair #happyfallyall #fallgardentime 

| Motherhood | Country Living | Homemaker | Chickens | Gardening | Stay at Home Mom | Chasing Dreams | Land and Babies | Raising Country Boys | Farm Sweet Farm | Joyful Motherhood | Faith | Baby and Toddler Days | Boy Mama x 2 | SAHM | These are the Days | Life with Littles | Life with a Baby and Toddler | Full Hands Fuller Hearts | Sweet September Days | Fall with Littles | Fall with a Baby and Toddler | Fall Traditions | Fall is in the Air | Fall Garden | Gardening with Littles | Fall Gardening

…

#emilysayswes #judsoncarpentermabry #levirhettmabry #familyoffour #mommyblogger #stayathomemommy #twounderthree #boymamax2 #boymamalife #mommyblogger #mamaoflittles #sahm #mamaoftwo #sweetseptemberdays #stayathomemom #septembermemories #LTKFall #LTKfamily #LTKBaby @shop.ltk https://liketk.it/5np3L","#fallgarden,#fallgardening,#happyfallgarden,#firstweekendofseptember,#falltradition,#growgoodthings,#falltraditions,#gardeningwithlittles,#happyharvestseason,#fallisintheair,#happyfallyall,#fallgardentime,#emilysayswes,#judsoncarpentermabry,#levirhettmabry,#familyoffour,#mommyblogger,#stayathomemommy,#twounderthree,#boymamax2,#boymamalife,#mommyblogger,#mamaoflittles,#sahm,#mamaoftwo,#sweetseptemberdays,#stayathomemom,#septembermemories,#LTKFall,#LTKfamily,#LTKBaby",,,2025-09-07T11:46:19.000Z,4 w
https://www.instagram.com/p/DO9vGSmga6C/,fallgardening,https://www.instagram.com/greenseedgardens/,greenseedgardens,"Autumn in the native garden is quieter than summer, but no less full of life. Instead of big, flashy blooms, native flowers carry an understated beauty—soft purples, warm yellows, airy seedheads—each one alive with late pollinators stocking up before winter.

This week in the garden, we’re spotting some of our favorite fall natives in still in bloom:

🌻 Nuttall’s Sunflower
💜 Douglas Aster
🌼 Common Madia
🤍 Naked Buckwheat
💗 Cutleaf Penstemon
💛 Coast Goldenrod

We can’t wait to share the garden with you this weekend during the @CascadeNurseryTrail Colors of Fall! Come see how native plants keep the season glowing right to the very end. 🌿✨

Save this post as a reminder for fall planting!

#nativeplants #planttips #fallgardening #planting","#nativeplants,#planttips,#fallgardening,#planting",38,,2025-09-24T04:22:38.000Z,2 w
https://www.instagram.com/p/DPTpmAxEXt-/,fallgardening,https://www.instagram.com/my_woodlandwonders/,my_woodlandwonders,"~🍁~ Let’s revisit a corner of our gardens with the richest autumn vibes. From the porch view ~ to a foggy early morning, these colorful textures make my eyes dance daily. 
Come dance with me!

🍂🌾🍁♥️🍁🌾🍂

#autumngardens #autumngardendays #fallgardens #fallgardening #gardendesign #octobergarden #octobergardening #woodlandgardens #todayinmygarden #mygardentoday #autumncolors🍁 #fallcolors🍁🍂 
#autumncolors🍁🍂🍃☀️","#autumngardens,#autumngardendays,#fallgardens,#fallgardening,#gardendesign,#octobergarden,#octobergardening,#woodlandgardens,#todayinmygarden,#mygardentoday,#autumncolors🍁,#fallcolors🍁🍂,#autumncolors🍁🍂🍃☀️",711,,2025-10-02T12:34:39.000Z,6 d
https://www.instagram.com/p/DPByq99DLKa/,fallgardening,https://www.instagram.com/rustbeltnatives/,rustbeltnatives,"Our last Murrysville Farmers Market today has been CANCELLED due to field conditions. Isn’t that more of a sports thing?? 🤔 Sorry that we won’t be heading out east HOWEVER the trays have been organized, the plants are labeled, so I’ll be set up today from 2-7pm at Hazelwood so you can shop my market selection on my covered front porch! PM me if you’d like to stop by! The good news is that every plant at the nursery will be available instead of just my usual truckload since they’re all grown right here! 😃 

#plantshopping #plantshoppingday #fallplanting #fallgarden #fallgardening #popupplantshop #backyardnursery #nativeplantnursery","#plantshopping,#plantshoppingday,#fallplanting,#fallgarden,#fallgardening,#popupplantshop,#backyardnursery,#nativeplantnursery",16,,2025-09-25T14:07:38.000Z,1 w
https://www.instagram.com/p/DPg62WSj3qm/,fallgardening,https://www.instagram.com/greenhouse_garden_center/,greenhouse_garden_center,"Top Ten Gardening Tip #4
Don’t put away that hose yet! Lawns, trees, and perennials still need water in October. A deep soak now = a healthier spring.
Download our watering guide on our website!

#WaterWisely #FallGardening #TopTenGardeningTips #HighDesertGardening","#4,#WaterWisely,#FallGardening,#TopTenGardeningTips,#HighDesertGardening",6,,2025-10-07T17:15:21.000Z,1 d
https://www.instagram.com/p/DPi8_bTEdtR/,fallgardening,https://www.instagram.com/landsburg_nursery/,landsburg_nursery,"🧄 Fall is garlic planting season! Get those cloves in the ground now for a big, flavorful harvest next summer. Stop in for seed garlic and planting tips — your future self (and your recipes) will thank you! 

#FallPlanting #GarlicSeason #landsburglandscapenursery #GardenCenter #FallGardening #GrowYourOwn #lakesproud #brainerdlakesarea","#FallPlanting,#GarlicSeason,#landsburglandscapenursery,#GardenCenter,#FallGardening,#GrowYourOwn,#lakesproud,#brainerdlakesarea",3,,2025-10-08T11:12:45.000Z,23 h
https://www.instagram.com/p/DPgyYCIj0sV/,fallgardening,https://www.instagram.com/niftyhoops/,niftyhoops,"🌱 Don’t let frost catch you off guard! Learn the best crops to plant in your high tunnel this fall and keep fresh veggies coming well into winter.
💡 Get planting tips here: https://www.niftyhoops.com/learn/what-to-plant-high-tunnel
#HighTunnel #FallGardening #CropRotation #MidwestGardening","#HighTunnel,#FallGardening,#CropRotation,#MidwestGardening",2,,2025-10-07T16:01:44.000Z,1 d
https://www.instagram.com/p/DBjj8qySyvu/,fallgardening,https://www.instagram.com/nativefoodsnursery/,nativefoodsnursery,"How has your Fall gardening been going? If you need a checklist to make sure you’ve got an eye on all the seasonal tasks to be done, check out our blog! 🔗 in b!o

#fallgarden #fallgardening #ediblelandscape #ediblegarden #nativefoods #pnw #pnwgardening 

📸 @thiscraftycritter","#fallgarden,#fallgardening,#ediblelandscape,#ediblegarden,#nativefoods,#pnw,#pnwgardening",,,2024-10-25T17:33:38.000Z,49 w
https://www.instagram.com/p/DO_GOQcFGG0/,fallgardening,https://www.instagram.com/hcgplants/,hcgplants,"Fall is underway, and many of us are focused on getting our gardens ready for their winter rest. But our gardens never really stop working. We must care for our landscapes to benefit the creatures that share our environment, and our maintenance methods are just as important as our plant choices.

Learn more about pruning, mulching, and when to leave your gardens alone. 

Comment FALL for tips on maintaining your garden to maximize its value as habitat.

 #FallGardening #GardenMaintenance #PruningTips #WildlifeHabitat #GardenTips #HabitatGardening","#FallGardening,#GardenMaintenance,#PruningTips,#WildlifeHabitat,#GardenTips,#HabitatGardening",55,,2025-09-24T13:00:52.000Z,2 w
https://www.instagram.com/p/DMz_Wd2gRez/,fallgardening,https://www.instagram.com/gardengirlstx/,gardengirlstx,"It’s August and we are planning our fall gardens.  This month, we will be planting tomatoes and cucumbers for a fall harvest.  And, as the temperatures cool down into September and October, we can plant favorites like- broccoli, kale, lettuce, chard and radishes.

Tell us, what will you plant in your fall garden this year?

#fallgardening #houstongardens","#fallgardening,#houstongardens",52,,2025-08-01T12:26:16.000Z,9 w
https://www.instagram.com/p/DPg_9MOjJHH/,fallgardening,https://www.instagram.com/hinsdalenurseries/,hinsdalenurseries,"Add instant curb appeal with custom containers designed by our experts. Call to order yours today: 630-323-1411 (option 3).

#customcontainers #fallgardening","#customcontainers,#fallgardening",7,,2025-10-07T17:00:11.000Z,1 d
https://www.instagram.com/p/DPhWgrUgTEs/,fallgardening,https://www.instagram.com/sparkyjoneshats/,sparkyjoneshats,"Excusey Moi :: whilst I have a catch up on ‘life’ day 🤣.
.
Wowzer I’ve really neglected lotsa things lately, been so busy in the ⚡️Shoppe - minor things like … food shopping, meal prepping, housey stuff + my sweet lovely garden! 
.
So this morning I’m tackling … ‘Death Alley’ I call it.  Rose, blackberries + all things unsightly.  I’ve always had a love/hate thing for this little space, so TODAY … clean up, plotting, planning + enjoying it 🤓.
.
To be continued…
.
 ✌️❤️+ ⚡️Sparky J",,11,,2025-10-07T20:17:16.000Z,1 d
https://www.instagram.com/p/DNYXZUY16au/,fallgardening,https://www.instagram.com/rvacrosscreeknursery/,rvacrosscreeknursery,"It’s time to start planning your fall veggie garden! 🥬🥦🌱 From rich raised bed mix to cell packs of your favorite crops, we’ve got you covered. Think crisp cabbage, fresh broccoli, lettuce, and so much more!

Check out our handy schedule for when to start seeds indoors, direct sow, and harvest your fall favorites. Happy gardening! 🌿✨ We're open till 6pm.
#CrossCreekNursery #FallGardening #GrowYourOwnFood #FallVeggies #SeedStarting #DirectSow  #GardenTips #CoolSeasonCrops #VegetableGardening #HappyGardening #GardenPlanning #FallHarvest #PlantNowHarvestLater","#CrossCreekNursery,#FallGardening,#GrowYourOwnFood,#FallVeggies,#SeedStarting,#DirectSow,#GardenTips,#CoolSeasonCrops,#VegetableGardening,#HappyGardening,#GardenPlanning,#FallHarvest,#PlantNowHarvestLater",30,,2025-08-15T15:31:18.000Z,7 w
https://www.instagram.com/p/DOhImweEZoj/,fallgardening,https://www.instagram.com/mr_chooseylovher/,mr_chooseylovher,"September is here, and it’s time for harvesting! 🍂 

As the air is starts to crisp and the nights begin to chill, September is one of the most important months in the garden. As we plan for the fall and prepare for the spring! Here is a list of things to do for September. 

1. Round-Up Summer’s Harvest
Tomatoes, Peppers, Green Beans, Cucumbers, Beans, Sweet Potatoes. 

2. Plants
Divide (Summer Perennials)
Coneflowers, Black Eyed Susan, 

Transplant (Fall Perennials)
Panies, Irises, Asters

3. Refresh Around the House & Garden Beds
Transplant & Clean Old / New Containers
Deadhead and Tidy (For a Continuous Bloom)

4. Plan Spring Bulbs & Perennials
Daffodils, Alliums. 

5. Turn, Amend & Refresh Your Compost Soil
Aerate your Compost Pile and Add Any Amendments For Spring

What are you most excited to do in the garden this September?

Let us know in the comments! 👇

#SeptemberGardening #GardenToDoList #FallGardening #NCGardening #GardeningTips #Zone8a #GardenLife","#SeptemberGardening,#GardenToDoList,#FallGardening,#NCGardening,#GardeningTips,#Zone8a,#GardenLife",5,,2025-09-12T21:45:46.000Z,3 w
https://www.instagram.com/p/DPd51z1DfGO/,fallgardening,https://www.instagram.com/gardenfork/,gardenfork,"Cleaning out the garden beds and planting garlic to grow through the cold seasons. 🌿🧄💪🏾

#doneisbetterthanperfect #fallgardening","#doneisbetterthanperfect,#fallgardening",17,,2025-10-06T12:09:01.000Z,2 d
https://www.instagram.com/p/DBtvpYRzxlE/,fallgardening,https://www.instagram.com/whisperinghillsgardencenter/,whisperinghillsgardencenter,"🍂 Fall is here, and it’s time to prep your garden for the colder months ahead! Use this checklist to make sure your garden stays healthy and ready for spring. Stop by Whispering Hills for all your fall gardening needs! 🌱

 #FallGardening #WhisperingHills #GardenTips","#FallGardening,#WhisperingHills,#GardenTips",2,,2024-10-29T16:28:17.000Z,49 w
https://www.instagram.com/p/DOUY0LTEjUP/,fallgardening,https://www.instagram.com/gardening.paeet/,gardening.paeet,"A palace cannot make you rich but a cottage in the woods can! We become rich only through simpleness and modestness! 💐💜💐💜💐
Repost from @potagerblog
.

#backyardgardening #gardeninglife #homegardening #organicgardening #indoorgardening #gardening101 #patiogardening #californiagardening #kitchengardening #gardeningfun #gardeninggoals #guerrillagardening #gardeninghelp #squarefootgardening #instagardening #citygardening #gardeningadventures #gardeningtip #gardeningnewbie #wintergardening #xtremegardening #communitygardening #happygardeninglife #lockdowngardening #gardeningrocks #fallgardening #happygardening #smallspacegardening #desertgardening","#backyardgardening,#gardeninglife,#homegardening,#organicgardening,#indoorgardening,#gardening101,#patiogardening,#californiagardening,#kitchengardening,#gardeningfun,#gardeninggoals,#guerrillagardening,#gardeninghelp,#squarefootgardening,#instagardening,#citygardening,#gardeningadventures,#gardeningtip,#gardeningnewbie,#wintergardening,#xtremegardening,#communitygardening,#happygardeninglife,#lockdowngardening,#gardeningrocks,#fallgardening,#happygardening,#smallspacegardening,#desertgardening",206,,2025-09-07T22:55:53.000Z,4 w
https://www.instagram.com/p/DN5tWqtFVq2/,fallgardening,https://www.instagram.com/greatgardenplants/,greatgardenplants,"🌸 What to Plant with Coneflowers 🌸

Looking to create a long-blooming garden that pops and supports pollinators? These companion plants will make your coneflowers look and feel complete! ➡️ Swipe through to see our favorite combinations for color, texture, and charm. 🌿🐝

⭐ Bonus: Coneflowers are highly adaptable to nearly any sunny environment, including gardens with high heat and humidity, which is why these companion plants are equally as tough.

Which pairing is your favorite? Tell us in the comments! 👇💬

#Coneflowers #GardenDesign #PollinatorGarden #CompanionPlanting #PerennialGarden #Echinacea #FallGardening","#Coneflowers,#GardenDesign,#PollinatorGarden,#CompanionPlanting,#PerennialGarden,#Echinacea,#FallGardening",476,,2025-08-28T14:15:57.000Z,5 w
https://www.instagram.com/p/DOzsuxLDgQY/,fallgardening,https://www.instagram.com/creeksidegardensil/,creeksidegardensil,"🎃 Pumpkin season is here! From gourds to pumpkins, we’ve got every shape, size, and color waiting for you! 🎃

#fallgardening #pumpkindecor #pumpkinseason","#fallgardening,#pumpkindecor,#pumpkinseason",19,,2025-09-20T02:46:22.000Z,2 w
https://www.instagram.com/p/DCZhcWUvdIR/,fallgardening,https://www.instagram.com/gardenworkscanada/,gardenworkscanada,"Ready, set, winterize! ❄️ This weekend is a fantastic time to begin prepping your garden for the months ahead!

Here are 5 tips to ensure your garden beds are winter-ready:

🌱 Trim & Tidy: Prune away dead or overgrown branches to encourage healthy growth and prevent winter damage.

🌱 Harvest & Hibernate: Gather the last of your garden harvest before the frost arrives.

🌱 Hydrate: Give your plants deep water before the frost sets in to keep them well-hydrated during the coming weeks. 

🌱 A Layer of Comfort: Provide your plants with a cozy blanket by adding 1-2 inches of processed compost, mushroom manure, or sea soil to the top of your garden beds. Cover with mulch for extra protection.

🌱 Cozy Containers: If you have potted plants, move them to sheltered areas or wrap them in burlap to shield them against the winter winds.

Have you winterized your garden yet? Comment below and let us know if you have questions!

#winterizeyourgarden #wintergardening #fallgardening #fallgardentips #gardencare #gardeningtips","#winterizeyourgarden,#wintergardening,#fallgardening,#fallgardentips,#gardencare,#gardeningtips",,,2024-11-15T16:31:42.000Z,46 w
https://www.instagram.com/p/DNjIWiUSwyS/,fallgardening,https://www.instagram.com/yamagamisgardencenter/,yamagamisgardencenter,"Join us for our Fall gardening class!🍂
This class is free and signups can be placed in person or over the phone! 

#fallgardening #fallharvest #august #bayarea #gardencenter #fallveggies #gardening","#fallgardening,#fallharvest,#august,#bayarea,#gardencenter,#fallveggies,#gardening",21,,2025-08-19T19:49:14.000Z,7 w
https://www.instagram.com/p/DPGx5pOjRZG/,fallgardening,https://www.instagram.com/cbilliot122/,cbilliot122,Fixing to be some greens in the  pot today ! #fallgardening,#fallgardening,3,,2025-09-27T12:37:06.000Z,1 w
https://www.instagram.com/p/DPeCU1pAABf/,fallgardening,https://www.instagram.com/mgardener_ia/,mgardener_ia,"Turn Fall Leaves Into Free Mulch! 

Instead of bagging up leaves this fall, put them to work in your landscape! Leaves are a free, natural resource that can improve soil, suppress weeds, and feed your plants.

Two easy ways to use them:
1. Shred with a mower: Chop dry leaves right on your lawn or collect them to mulch garden beds. Shredded leaves break down quickly, adding nutrients and organic matter to the soil.
2. Pile them up: Whole leaves will slowly decompose into leaf mold, a rich soil amendment that improves structure and moisture retention.

Want to know more about turning leaves into mulch? Check out the link in our bio! 

#Education #LeafMulch #Mulch #FallGardening
@isuextension @isuanrext @isuyardandgarden @isu_hort @iastate_cals @isuanswerline","#Education,#LeafMulch,#Mulch,#FallGardening",7,,2025-10-06T13:23:10.000Z,2 d
https://www.instagram.com/p/DPcd2-3AYho/,fallgardening,https://www.instagram.com/northwestseedandpet/,northwestseedandpet,"🍂 Fall is here, and so are the savings!

Take advantage of our October nursery sales—roses, fruit trees, pond plants, perennials, shrubs & more all discounted. It’s the perfect time to add beauty to your garden and lay a solid foundation for spring 2026. 🌿✨

📍 2422 E Sprague | Mon–Sat: 8–7, Sun: 9–6
📍 7302 N Division | 9–6 Daily

#SpokanePlants #FallGardening #GardenSale #NorthwestSeedAndPet","#SpokanePlants,#FallGardening,#GardenSale,#NorthwestSeedAndPet",,,2025-10-05T22:45:16.000Z,3 d
https://www.instagram.com/p/DPe9nKFDQvQ/,fallgardening,https://www.instagram.com/forrestgreenfarm/,forrestgreenfarm,"🌿 Learn gardening tips from Forrest Green Farm! 

#FallGardenTips #GardenInspiration #ForrestGreenFarm #FallGardening
#GardenTips #GrowWithUs #FallVibes
#GardeningSeason #GardenLife #NatureInspired #FarmFreshLiving #SustainableGardening #GrowYourOwn","#FallGardenTips,#GardenInspiration,#ForrestGreenFarm,#FallGardening,#GardenTips,#GrowWithUs,#FallVibes,#GardeningSeason,#GardenLife,#NatureInspired,#FarmFreshLiving,#SustainableGardening,#GrowYourOwn",6,,2025-10-06T22:01:15.000Z,2 d
https://www.instagram.com/p/DPWidwflf3C/,fallgardening,https://www.instagram.com/bayside_historical_society/,bayside_historical_society,"Dig into this gorgeous autumn weather with our #FallGardening session! Join us at The Castle tomorrow morning, October 4, from 10 AM to 12 PM. 

#autumngardening #gardenmaintenance #baysidehistoricalsociety #forttottenpark","#FallGardening,#autumngardening,#gardenmaintenance,#baysidehistoricalsociety,#forttottenpark",3,,2025-10-03T15:30:06.000Z,5 d
https://www.instagram.com/p/DPbs8kDkSXi/,fallgardening,https://www.instagram.com/createtime4youhomeservices/,createtime4youhomeservices,Autumn is here.  Grasses come and grasses go. #gardening #garden #fallgarden #fallgardening #fallgardens #autumn #createtime4you,"#gardening,#garden,#fallgarden,#fallgardening,#fallgardens,#autumn,#createtime4you",5,,2025-10-05T15:37:52.000Z,3 d
https://www.instagram.com/p/DPh294SiTm4/,fallgardening,https://www.instagram.com/themustardseedinc/,themustardseedinc,"Tuesday Tips! 🌷🪻 Ready to secure a gorgeous spring garden in Minnesota? The best time to plant your spring-blooming bulbs is NOW—typically from late September through October.

Here's a quick guide for getting those beautiful blooms ready for next spring:

⏰ The Minnesota Timing Window
When: Mid-September to mid-October is prime time. Planting now gives your bulbs several weeks to establish strong roots before the ground freezes solid.
The Late Exception: You can often plant Tulips as late as you can still dig a hole, even into early November, but earlier is always better for most bulbs.

💡 Quick Planting Tips for MN Success
Check the Bulb: Only plant bulbs that are firm and heavy for their size—toss any that are soft or moldy.
Plant Deep: A general rule is to plant the bulb about 3 times its height deep. Large bulbs (Daffodils, Tulips) go 6-8 inches deep; smaller bulbs (Crocus, Muscari) go 3-4 inches deep.
Pointy Side Up: Place the bulb with the pointed tip facing up and the flatter, root-end down.
Group for Impact: Skip the straight lines! Plant bulbs in clusters of 5, 7, 9, or more for a lush, natural look.
Water & Mulch: Water thoroughly after planting. After the ground freezes, cover the area with a 2-3 inch layer of mulch (like straw or leaves) for extra insulation.

🌿Happy planting! We have a selection of bulbs in our store and more are coming in. You'll thank your past self when the snow melts and your spring garden explodes with color. 

#MinnesotaGardening #MNLife #PlantingBulbs #FallGardening #SpringBlooms #GardenHacks #Tulips #Daffodils #Crocus #Zone4Gardening #MidwestGarden #Minnesota #TheWaitingGameForSpring","#MinnesotaGardening,#MNLife,#PlantingBulbs,#FallGardening,#SpringBlooms,#GardenHacks,#Tulips,#Daffodils,#Crocus,#Zone4Gardening,#MidwestGarden,#Minnesota,#TheWaitingGameForSpring",1,,2025-10-08T01:00:53.000Z,1 d
https://www.instagram.com/p/DPg5RPVk5R_/,fallgardening,https://www.instagram.com/bobvila/,bobvila,"The gardener's best-kept secret? Spring growing doesn't start in spring - it starts now. 

#plantingbulbs #fallgardening #springblooms #gardenprep #bulbgardening #gardeningtips #homegarden #cozygarden #plantlove #gardenvibes #autumngarden #gardeningideas #seasonalgarden #bulblove #gardenprojects","#plantingbulbs,#fallgardening,#springblooms,#gardenprep,#bulbgardening,#gardeningtips,#homegarden,#cozygarden,#plantlove,#gardenvibes,#autumngarden,#gardeningideas,#seasonalgarden,#bulblove,#gardenprojects",4,,2025-10-07T16:01:50.000Z,1 d
https://www.instagram.com/p/DPc_D94jRMo/,fallgardening,https://www.instagram.com/elkhorninn/,elkhorninn,"A late harvest of hot peppers & tomatoes- including a few greenies to make fried green tomatoes!
#garden #gardening #fallgardening #fallgarden #tomatoseason #tomatoes #tomatoes🍅","#garden,#gardening,#fallgardening,#fallgarden,#tomatoseason,#tomatoes,#tomatoes🍅",2,,2025-10-06T03:35:24.000Z,3 d
https://www.instagram.com/p/DPhNVNNiRSL/,fallgardening,https://www.instagram.com/bekahs_backyard/,bekahs_backyard,"My October Planting List (Your Future Self Will Thank You):

🧄 Garlic: Plant now to enjoy it in May/June. Garlic is the ultimate ""set it, and forget it"" crop. AND it actually needs the cold and frost to split into cloves, so I recommend planting around Halloween. 🎃

🌸 Poppies: For a gorgeous spring bloom. These also need the cold to germinate! 🥶

🥕 Carrots: There's still time for a late season round of carrots. 

🥬 Lettuce: Don't give up on tasty summer salads! Add some craisins and keep enjoying my favorite thing to grow (I say this about everything though...). 

👇🏼What are YOU planting before winter? Let me know in the comments. 

#octoberplanting #fallgardening #garlic #gardeninghacks #growyourownfood #autumnvibes
#vegetablegarden #homegrown #farmher #yardstead","#octoberplanting,#fallgardening,#garlic,#gardeninghacks,#growyourownfood,#autumnvibes,#vegetablegarden,#homegrown,#farmher,#yardstead",8,,2025-10-07T18:57:03.000Z,1 d
https://www.instagram.com/p/DOL1kynDW8q/,fallgardening,https://www.instagram.com/usuextension_utahco/,usuextension_utahco,"Fall is in the air 🍂 Before you hang up the rake, consider these tips from USU Extension's Gardeners Almanac! Visit extension.usu.edu for the full checklist! #gardenstips #fallgardeningtips #fallgardening","#gardenstips,#fallgardeningtips,#fallgardening",4,,2025-09-04T15:21:05.000Z,4 w
https://www.instagram.com/p/DCo1UrwM0-z/,fallgardening,https://www.instagram.com/nebraskastatewidearboretum/,nebraskastatewidearboretum,"We admit, leaving the leaves and perennial stalks and stems does make for a slightly messier looking yard throughout the fall and winter. But, we think the benefits outweigh the drawbacks for sure! Leaving leaf ""litter"" provides food for birds, shelter for moth and butterfly larvae, habitat for our frog and toad friends, material for bird and squirrel nests and places for insects to snuggle in for the winter. Plus, as the leaves slowly decompose, they add valuable nutrients to our soil and help to feed the plants and trees.

So what do you say: this year let's embrace a messier yard for a healthier yard! 

#leavetheleaves #fallgardening #insecthabitat","#leavetheleaves,#fallgardening,#insecthabitat",49,,2024-11-21T15:13:04.000Z,45 w
https://www.instagram.com/p/DPi_vJ7jqA3/,fallgardening,https://www.instagram.com/whitediamondlandscapenursery/,whitediamondlandscapenursery,"Need more color in your garden? We have the solution! 

30% off all plants, flowers and palms! 

Support your local nursery today. We’re open 9-2. 🌴☀️ #palmettoflorida #parrishflorida #FallGardening #GardenGlowUp #NativePlantsMatter #pollinatorfriendly #growlocal #CurbAppeal","#palmettoflorida,#parrishflorida,#FallGardening,#GardenGlowUp,#NativePlantsMatter,#pollinatorfriendly,#growlocal,#CurbAppeal",1,,2025-10-08T11:36:45.000Z,23 h
https://www.instagram.com/p/DNayIcxOdRf/,fallgardening,https://www.instagram.com/cozynsgg/,cozynsgg,"Fall planters are out and… WOW, just wow! 🍂 They’re packed with every autumn favourite you could imagine, and the prices? Even better. We’ve got mixes of some gorgeous, one-of-a-kind pairings. Perfect if you’re a grab-and-go kind of person. All you need to do is take one home and enjoy! 
#fall #fallgardening #fallplants #ontariocanada","#fall,#fallgardening,#fallplants,#ontariocanada",35,,2025-08-16T14:01:09.000Z,7 w
https://www.instagram.com/p/DPhUpb2kvDk/,fallgardening,https://www.instagram.com/petalpusherssantafe/,petalpusherssantafe,"Join me on Sunday, October 19 from 10am-11:30am for a workshop dedicated to fall gardening. I’ll share tips on planting bulbs, prepping soil, digging and storing tubers and putting your garden to bed for the winter. Register at the link in bio or on petalpusherssantafe.com.

#fallgardening #santafe #cutflowers #growyourown","#fallgardening,#santafe,#cutflowers,#growyourown",2,,2025-10-07T20:00:59.000Z,1 d
https://www.instagram.com/p/DPhKk0oAVIP/,fallgardening,https://www.instagram.com/lawnscapenursery/,lawnscapenursery,"🌾 October Garden To-Do’s! 🍂
Fall is one of the best times to get your garden in shape for next season. From planting garlic and spring bulbs to testing your soil and cleaning up summer beds, there’s plenty to do before winter sets in!
Save this list so you don’t miss a task 👩‍🌾🧄🌼

#OctoberGarden #FallPlanting #GardenTips #FallGardening #GardenToDoList #TexasGarden #NurseryLife #PlantNowBloomLater #FallGardenPrep #LawnscapeNursery","#OctoberGarden,#FallPlanting,#GardenTips,#FallGardening,#GardenToDoList,#TexasGarden,#NurseryLife,#PlantNowBloomLater,#FallGardenPrep,#LawnscapeNursery",7,,2025-10-07T18:32:58.000Z,1 d
https://www.instagram.com/p/C-xWcHri8xb/,fallgardening,https://www.instagram.com/alittlefarmandnursery/,alittlefarmandnursery,"Fall veggies! Brussels sprouts, broccoli, cabbage, kale, lettuce, arugula, and turnips are ready for your fall gardening!🥬🥦🥬 #fallgarden #FallGardening #plantnursery #plantnurserylife #growyourownfood #growyourfood","#fallgarden,#FallGardening,#plantnursery,#plantnurserylife,#growyourownfood,#growyourfood",,,2024-08-17T12:31:02.000Z,59 w
https://www.instagram.com/p/DPhyv7Bkr2a/,fallgardening,https://www.instagram.com/greenthumb_landscaping_canada/,greenthumb_landscaping_canada,Pansies are a great choice if you’re refreshing your garden for fall. Replace your summer plants and bring fresh colour and life to your autumn garden. #pansis #fallgardening,"#pansis,#fallgardening",12,,2025-10-08T00:24:01.000Z,1 d
https://www.instagram.com/p/DPZMze-DQAv/,fallgardening,https://www.instagram.com/habeshainc/,habeshainc,"October is the season of preparation and care. The work we put in now lays the foundation for abundance in the seasons ahead. 🍂✨

Here’s a thoughtful October Garden To-Do Guide to set your garden up for winter rest and spring success.

💚 This is the time to honor the cycle of rest and renewal. A little effort now ensures a thriving, abundant garden in the seasons to come.

👉 What’s on your garden checklist this month?

#OctoberGarden #FallGardening #GardenWisdom #HABESHA #CommunityRoots #SeasonalCycles","#OctoberGarden,#FallGardening,#GardenWisdom,#HABESHA,#CommunityRoots,#SeasonalCycles",,,2025-10-04T16:18:31.000Z,4 d
https://www.instagram.com/p/DO_vqdAk_ZD/,fallgardening,https://www.instagram.com/deannaschmudde.realtor/,deannaschmudde.realtor,"Mums aren’t just pretty fall decor—they’re perennials! That means with the right care, they’ll come back year after year, adding color to your garden season after season. 🍂✨

Tip: Plant them in well-drained soil, water consistently, and watch your mums thrive for years to come!

#FallFlowers #PerennialMums #GardenTips #FallGardening #DeannaSchmuddeRealtor","#FallFlowers,#PerennialMums,#GardenTips,#FallGardening,#DeannaSchmuddeRealtor",6,,2025-09-24T19:04:18.000Z,2 w
https://www.instagram.com/p/DOHILTpEv8b/,fallgardening,https://www.instagram.com/wigglewayfarm/,wigglewayfarm,"Fall starts are here!!! 
.
. 
All of our fall starts are from @wigglewayfarm - maybe you remember Ash from the community spotlight post we did last fall. 😉💚
.
🌱Radicchio 6pk
🌱Kale 6pk
🌱Collards 6pk
🌱Broccoli 6pk 
🌱Cabbage 6pk 
.
.
💵All fall 6-packs are $7 each 
. 
.
Concentrates Showroom Hours: 
📅M-F, 9AM-5PM 
📅Sat, 9AM-4PM
.
. 
#concentrates_nw #pnwgardening #milwaukieoregon #pnwgarden #fallgardening #wigglewayfarm","#concentrates_nw,#pnwgardening,#milwaukieoregon,#pnwgarden,#fallgardening,#wigglewayfarm",27,,2025-09-02T19:20:22.000Z,5 w
https://www.instagram.com/p/DPO68hVkkGv/,fallgardening,https://www.instagram.com/true_organic_/,true_organic_,"Autumn in the garden is all about setting up for what comes next. 🧤🍂These 5 fall tips will help you transition your beds, nourish your soil, and savor the season.

Tidy up, feed your soil, plant cool-weather crops, and prepare for a beautiful spring ahead! Tag a garden buddy who needs to start thinking about their fall garden today. 🧄

#FallGardening #GrowWithTrue #TrueOrganic #GardenTips #GoOrganic #GardenGram #OrganicGardening #FallGarden #GardensOfInstagram #OrganicallyGrown","#FallGardening,#GrowWithTrue,#TrueOrganic,#GardenTips,#GoOrganic,#GardenGram,#OrganicGardening,#FallGarden,#GardensOfInstagram,#OrganicallyGrown",11,,2025-09-30T16:30:10.000Z,1 w
https://www.instagram.com/p/DOorCQYkrgs/,fallgardening,https://www.instagram.com/smartpots/,smartpots,"Fall garden lineup:
Carrots, parsnips, turnips, plus greens like lettuce, spinach, and bok choy.  Add radishes and microgreens for fast snacks. 🥗

Start now while the soil is warm, enjoy the cool-season harvests.

Grown in BPA and lead free Smart Pots, safe for growing food.

Find a retailer near you: SmartPots.com/where-to-buy/

#smartpot #garden #fallgardening #carrot","#smartpot,#garden,#fallgardening,#carrot",13,,2025-09-15T19:59:54.000Z,3 w
https://www.instagram.com/p/DOrcE52D7Gm/,fallgardening,https://www.instagram.com/parkseedco/,parkseedco,"🍂 Fall Garden Swaps: Make the Most of Your Space! 🌱

As summer crops finish up, it’s a great time to replant with cool-season veggies that thrive in the months ahead. Here’s a simple guide to what you can plant next and why these swaps work so well:

🔁 Tomatoes ➡️ Peas
Peas can climb the same trellis and naturally add nitrogen back to the soil

🔁 Cucumbers ➡️ Spinach or Kale
These leafy greens love cooler weather and grow fast in cucumber-sized spaces

🔁 Zucchini ➡️ Carrots or Radishes
The loose, fertile soil left by zucchini is ideal for root crops to develop

🔁 Beans ➡️ Broccoli
Broccoli benefits from the nitrogen-rich soil beans leave behind

🔁 Peppers ➡️ Garlic or Onions
Alliums help discourage pests that may be lingering after peppers

🔁 Melons ➡️ Mustard Greens
Mustard acts as a natural soil cleanser, helping reduce pests and disease

🔁 Basil ➡️ Cilantro or Parsley
These herbs prefer cooler temps and are great for fall cooking

Planning your next planting with crop rotation in mind can improve your harvest and support healthier soil for seasons to come! 🌿

👉 Swipe through to see each swap!

#FallGarden #CoolSeasonVegetables #letsgrowsomethinggood #GardenPlanning #ParkSeed #FallPlanting #GrowYourOwn #SustainableGardening #HomeGrownFood #fallgardening","#FallGarden,#CoolSeasonVegetables,#letsgrowsomethinggood,#GardenPlanning,#ParkSeed,#FallPlanting,#GrowYourOwn,#SustainableGardening,#HomeGrownFood,#fallgardening",16,,2025-09-16T21:46:55.000Z,3 w
https://www.instagram.com/p/DN5krkBFRQ1/,fallgardening,https://www.instagram.com/landsburg_nursery/,landsburg_nursery,"As we embrace the beauty of fall, discover our fantastic selection of annuals, expert advice on lawn care, and exclusive discounts like 50% off Red Jewel Crabapple Trees. Plus, don't miss out on our houseplant sale! #LandsburgNursery #FallAnnuals #FallGardening #LawnCare #PlantSale 

https://conta.cc/45WuVo3","#LandsburgNursery,#FallAnnuals,#FallGardening,#LawnCare,#PlantSale",3,,2025-08-28T13:00:19.000Z,5 w
https://www.instagram.com/p/DPhvsXkEsL4/,fallgardening,https://www.instagram.com/bylorijo/,bylorijo,#bylorijo #fallgardening #littlefarm #bitterrootvalley,"#bylorijo,#fallgardening,#littlefarm,#bitterrootvalley",8,,2025-10-07T23:57:19.000Z,1 d
https://www.instagram.com/p/DOqne6vDrug/,fallgardening,https://www.instagram.com/greatgardenplants/,greatgardenplants,"Which fall bloomer are you planting this season? 🌿🍂

Swipe to vote ➡️➡️ Let’s settle this once and for all! What’s your favorite late-season showstopper? Tell us below! 👇 

#FallPlanting #GardenPoll #GardenGlowUp #FallGarden #FallFlower #GardenDesignIdeas #GardenGoals #FallGardening #GreatGardenPlants","#FallPlanting,#GardenPoll,#GardenGlowUp,#FallGarden,#FallFlower,#GardenDesignIdeas,#GardenGoals,#FallGardening,#GreatGardenPlants",99,,2025-09-16T14:07:22.000Z,3 w
https://www.instagram.com/p/DOPcgXIE11Z/,fallgardening,https://www.instagram.com/your_growfriend/,your_growfriend,"🍂 Fall Gardening Made Simple! 🍂

Before winter hits, give your garden the love it needs. From cleaning up dead plants to mulching your beds, these simple steps will protect your soil and set you up for a thriving spring. 🌱✨

Swipe through this checklist and start prepping today—your future garden will thank you! 🌿💛

Follow us @your_growfriend for more amazing plant care tips and tricks!🌿 

#growfriend #fallgardening #gardeningtips #gardenchecklist #greenthumb #gardenprep #composting #organicgardening #plantlover #growyourownfood #gardeninglife","#growfriend,#fallgardening,#gardeningtips,#gardenchecklist,#greenthumb,#gardenprep,#composting,#organicgardening,#plantlover,#growyourownfood,#gardeninglife",2,,2025-09-06T00:51:56.000Z,4 w
https://www.instagram.com/p/DPdx9uSAb0T/,fallgardening,https://www.instagram.com/conrtainergardeningebk/,conrtainergardeningebk,"Okay, container gardeners! 👋 

Time to fess up... are you dreading the end-of-season cleanup as much as we are? 😅 Don't worry, our 7-step checklist makes it a breeze! Plus, discover late-blooming flowers that defy the chill of autumn! What's YOUR favorite fall flower to keep your garden looking vibrant? Tell us in the comments! 👇 (And click the link for the full checklist!) 

#ContainerGardening #FallGardening #AutumnFlowers #GardeningCommunity #EndofSeason #GardenGoals #FlowerLover #GardeningLife","#ContainerGardening,#FallGardening,#AutumnFlowers,#GardeningCommunity,#EndofSeason,#GardenGoals,#FlowerLover,#GardeningLife",,,2025-10-06T11:00:12.000Z,3 d
https://www.instagram.com/p/DPhlwttCJtH/,fallgardening,https://www.instagram.com/jerrasgarden/,jerrasgarden,"🌿 Join Me LIVE in the Garden This Sunday! 🌿

Hey friends! I’m hosting a LIVE garden class this Sunday, October 12th at 12PM EST on my YouTube channel! 🌱

We’ll be planting my fall garden together — I’ll walk you through how I plan the layout, choose crops, and transplant or direct sow everything for a productive and beautiful fall garden. 🍂

Whether you’re a beginner or seasoned gardener, this will be a fun and educational “come plant with me” session. 

👉 Find the class on the ""Live"" section of my YouTube channel or direct link in my LinkTree. Set a reminder so you don’t miss it! I can’t wait to see you all in the live chat.

#fallgardening #livegardenclass #jerrasgarden #howtogrowfood #gardeningtips #gardeningcommunity","#fallgardening,#livegardenclass,#jerrasgarden,#howtogrowfood,#gardeningtips,#gardeningcommunity",7,,2025-10-07T22:31:14.000Z,1 d
https://www.instagram.com/p/DPPREWZkUVU/,fallgardening,https://www.instagram.com/kalamazooflowergroup/,kalamazooflowergroup,"Fall decorating is effortless with our Ready Refill Containers. Each one is thoughtfully arranged with a mix of autumn favorites, creating a lush display full of color, texture, and charm all in one pot.

From the vibrant blooms of mums to the bold foliage of coleus, paired with the trailing greenery of lysimachia and the rich tones of echinacea, every container is designed to shine the moment you set it out. Perfect for porches, patios, or entryways, these pre-planted arrangements take the guesswork out of pairing plants.

Pick up a few in your favorite styles this week!

#fall #fallplanting #fallgardening #falldecor #grownfreshforyou","#fall,#fallplanting,#fallgardening,#falldecor,#grownfreshforyou",21,,2025-09-30T19:43:22.000Z,1 w
https://www.instagram.com/p/DPhNuMaimte/,fallgardening,https://www.instagram.com/heritagenurserymi/,heritagenurserymi,"Due to popular demand, Heritage Nursery is now open during the week! ⁠
⁠
⏰ Hours: 10 a.m. – 4 p.m.⁠
💚 Plus, take 25% off all plant stock while it lasts!⁠
⁠
Stop in and snag your favorites!",,1,,2025-10-07T19:00:49.000Z,1 d
https://www.instagram.com/p/DN8r-OEDBCK/,fallgardening,https://www.instagram.com/ritasroots/,ritasroots,"Fall gardening means an abundance of beautiful flowers will soon be available to us, but it can be confusing knowing when to plant your flowers and which varieties will only bloom for fall vs. which will last over winter.

…as you might have guessed, we’ve got you covered 😉

Swipe for all the info you need to plan your fall flower garden!

 #fallgardening #fallflowers #growyourownflowers #flowergardener","#fallgardening,#fallflowers,#growyourownflowers,#flowergardener",35,,2025-08-29T18:01:30.000Z,5 w
https://www.instagram.com/p/DObMBWXkTMU/,fallgardening,https://www.instagram.com/growing.in.the.garden/,growing.in.the.garden,"The freshest compost and worm castings? The ones you make yourself. Ready to learn how? I’ve got resources for that.

Low desert friends It’s also time to prune those perennial herbs and roses. A little care now means a tastier, more beautiful fall garden. Don’t skip it.

Want the full September Task List and links to the “How-To” guides for these tasks and more? Comment SEPTEMBER LIST and I’ll send them to you.

#SeptemberGarden #DesertGardening #FallGardenPrep #WormComposting #ArizonaGardening #LowDesertGarden #GrowingInTheGarden #GardenTasks #FallGardening #CompostMagic #RaisedBedGarden #GardenChecklist #OrganicGardening","#SeptemberGarden,#DesertGardening,#FallGardenPrep,#WormComposting,#ArizonaGardening,#LowDesertGarden,#GrowingInTheGarden,#GardenTasks,#FallGardening,#CompostMagic,#RaisedBedGarden,#GardenChecklist,#OrganicGardening",187,,2025-09-10T23:01:31.000Z,4 w
https://www.instagram.com/p/DPiNsjNkaWl/,fallgardening,https://www.instagram.com/welcome.localfarm/,welcome.localfarm,"New season, new seeds to sow, same quality product @westcoastseeds ✨ 

Have you seen our selection and grabbed your free 2025 Gardening Guide yet? 

#fallgardening #kitsilano #fallplanting #free","#fallgardening,#kitsilano,#fallplanting,#free",3,,2025-10-08T04:19:29.000Z,1 d
https://www.instagram.com/p/DPEdOSbjiCx/,fallgardening,https://www.instagram.com/bigyellowbag/,bigyellowbag,"🍂 Fall gardening is all about cool-season crops! Here’s when & what to plant based on your zone:

⸻

Zones 3–4

 • ✅ Plant garlic in October for next summer’s harvest.

Zones 5–6
	•	Still time for quick growers: radishes, spinach, arugula, lettuce.
	•	✅ Plant garlic in October.

⸻

Zones 7–8
	•	Great planting window now!
	•	Kale, collards, mustard greens
	•	Broccoli, cabbage, cauliflower
	•	Lettuce, spinach, arugula, radishes, carrots, beets, turnips, peas
	•	Cilantro, parsley, dill

⸻

Zones 9–10
	•	Main cool-season planting begins now through November.
	•	Lettuce, spinach, kale, Swiss chard
	•	Broccoli, cauliflower, cabbage
	•	Carrots, beets, radishes, onions, peas
	•	Cilantro, parsley, dill, oregano, mint

⸻

Zones 11–13
	•	Peak planting season!
	•	Lettuce, kale, chard, beans, cucumbers, okra
	•	Tomatoes, peppers
	•	Cilantro, parsley, basil, mint

⸻

👉 Tip: Check your first frost date to fine-tune planting times.

#FallPlanting #FallGarden #FallGardening #FallGardenTips #CoolSeasonCrops #FallHarvest #AutumnGarden #PlantThisFall #GrowInFall #FallVegetables #HealthySoil #SoilMatters #GardenSoil #CompostLovers #SoilHealth #SoilIsLife #DirtToSoil #EnrichYourSoil #SoilGoals #BigYellowBag #GardenInspo #GardenersOfInstagram #GardenLove #GrowYourOwnFood #EdibleGarden #UrbanGarden #BackyardGarden #GrowWithUs #GardenMagic #soilhealthy","#FallPlanting,#FallGarden,#FallGardening,#FallGardenTips,#CoolSeasonCrops,#FallHarvest,#AutumnGarden,#PlantThisFall,#GrowInFall,#FallVegetables,#HealthySoil,#SoilMatters,#GardenSoil,#CompostLovers,#SoilHealth,#SoilIsLife,#DirtToSoil,#EnrichYourSoil,#SoilGoals,#BigYellowBag,#GardenInspo,#GardenersOfInstagram,#GardenLove,#GrowYourOwnFood,#EdibleGarden,#UrbanGarden,#BackyardGarden,#GrowWithUs,#GardenMagic,#soilhealthy",12,,2025-09-26T14:57:57.000Z,1 w
https://www.instagram.com/p/DOyjRW6kZiC/,fallgardening,https://www.instagram.com/frontrangegardens/,frontrangegardens,"Spring bulbs are in!! It’s the perfect time to get these little beauties in the ground for a breathtaking Spring reunion!

#frontrangegardens #notboutiquebutunique #denvergardening #frontrangegardening #gardencentersofcolorado #springbulbs #fallgardening","#frontrangegardens,#notboutiquebutunique,#denvergardening,#frontrangegardening,#gardencentersofcolorado,#springbulbs,#fallgardening",50,,2025-09-19T16:04:28.000Z,2 w
https://www.instagram.com/p/DNT2yVXS750/,fallgardening,https://www.instagram.com/gardnerliving/,gardnerliving,"Save this fall planting cheat sheet so you know which plants to start in trays vs which ones to plant directly into the garden. What are you most excited to grow in fall? 
#fallgarden #fallgardening #coolseason #gardeningtip #gardening101 #socalgardening #zone10","#fallgarden,#fallgardening,#coolseason,#gardeningtip,#gardening101,#socalgardening,#zone10",10,,2025-08-13T21:27:09.000Z,8 w
https://www.instagram.com/p/DPhYCTDAWJp/,fallgardening,https://www.instagram.com/elmdirt/,elmdirt,"Plant now, harvest bigger! 🧄✨

Fall is the secret to growing jaw-dropping garlic and onions. Get those cloves in the ground now and give them a boost with Elm Dirt Plant Juice—your bulbs will thank you come summer with serious size and flavor.

Who else is getting their fall garden going? Drop a 🧄 if you're team garlic!

#FallGardening #GarlicGrowing #OrganicGardening #GardenTips #PlantNow #HomeGrown #FallPlanting #GardenLife #GrowYourOwn","#FallGardening,#GarlicGrowing,#OrganicGardening,#GardenTips,#PlantNow,#HomeGrown,#FallPlanting,#GardenLife,#GrowYourOwn",6,,2025-10-07T20:30:39.000Z,1 d
https://www.instagram.com/p/DMxRQhLSjJi/,fallgardening,https://www.instagram.com/figmentcottagegardens/,figmentcottagegardens,"Save this ultimate fall/winter planted cut flower garden guide!

I’ve have grown hundreds of varieties of flowers over the years, and have whittled them down to some tried and true annuals, perennials, biennials, and hardy annuals! The following are my favorites and the ones that do best when sowed in winter and fall.

Now is the time to stock up on your hardy annual, biennial, and perennial seeds so you can sow them this fall and winter. Trust me, popular varieties will sell out the closer we get to the cool weather.

Of course, I have more flowers than a carousel will accommodate. So here is my extended list below of what you can start for your cutting garden this fall and winter—organized by minimum survival temperature. They all benefit from being under frost cloth except the yarrow.

-10° / -20
Foxglove, feverfew, bupeurlum, Canterbury bells, yarrow

0°
Larkspur, lisianthus, nigella, poppy (Iceland), snapdragon, Orlaya, Chinese forget me not, bachelor buttons, hollyhocks

10°
Baby’s breath, bells of Ireland, Billy balls, queen Anne’s lace, Honeywort, Scabiosa, calendula, ammi, soapwort, starflower, strawflower, sweet pea

20° 
Ammobium, stock, statice, godetia

#cuttinggarden #flowergarden #gardening #wintergardening #wintersowing #cottagegarden #fallgardening","#cuttinggarden,#flowergarden,#gardening,#wintergardening,#wintersowing,#cottagegarden,#fallgardening",1002,,2025-07-31T11:06:58.000Z,10 w
https://www.instagram.com/p/DOwISUuD33O/,fallgardening,https://www.instagram.com/mahoneysgarden/,mahoneysgarden,"Fall is the perfect time to plant something new! 🍁 Join us this weekend at Concord, Winchester and Osterville for our Make-N-Take: Fall Container Garden Workshop. Design your own seasonal planter with celosia, dichondra, ornamental peppers, zinnias & more. All materials (15″ pot, soil & plants) included. Spots are limited—reserve today in our #linkinbio!⁠
⁠
#MahoneysGarden #FallGardening #ContainerGarden #GardenWorkshop #DIYPlanters #Celosia #Zinnias #OrnamentalPeppers #FallPlants","#linkinbio,#MahoneysGarden,#FallGardening,#ContainerGarden,#GardenWorkshop,#DIYPlanters,#Celosia,#Zinnias,#OrnamentalPeppers,#FallPlants",26,,2025-09-18T17:30:26.000Z,2 w
https://www.instagram.com/p/DPKCzTck3Qf/,fallgardening,https://www.instagram.com/ferraginegreenhouses/,ferraginegreenhouses,"What's your favourite Chrysanthemum colour?

#chrysanthemums #fallmums #fallgardening #ferraginegreenhouses","#chrysanthemums,#fallmums,#fallgardening,#ferraginegreenhouses",10,,2025-09-28T19:02:31.000Z,1 w
https://www.instagram.com/p/DPgvtgSgA-6/,fallgardening,https://www.instagram.com/thelittlehalfacre/,thelittlehalfacre,"And it just keeps coming!! This is what I'm still harvesting from the summer garden (except for the radishes) every three to four days. And the fall garden is giving me spinach, kale and Swiss Chard. 
#fallharvest
#fallgardening 
#gardening","#fallharvest,#fallgardening,#gardening",5,,2025-10-07T14:38:14.000Z,1 d
https://www.instagram.com/p/DNn7shaRUGN/,fallgardening,https://www.instagram.com/westurfnursery/,westurfnursery,"Autumn is sneaking its way into Westurf, slowly but surely 🍂 Pansies, Violas, Snapdragons, Mums, and veggies are beginning to appear on the tables!
.
.
.
#autumn #fallgardening #fallflowers #gardening #modesto","#autumn,#fallgardening,#fallflowers,#gardening,#modesto",30,,2025-08-21T16:34:51.000Z,6 w
https://www.instagram.com/p/DPMryZAgWVP/,fallgardening,https://www.instagram.com/metrolinaghs/,metrolinaghs,"Fall decorating has never been easier with our enriching, ready-to-go combos. Each container is thoughtfully planted with a mix of seasonal favorites. The result? A full and vibrant display that brings together layers of color, texture, and style all in one pot. 

From the bold blooms of mums and calibrachoa to the trailing greenery of lysimachia and the rich foliage crotons, our combos are designed to look stunning the moment you set them out. Perfect for porches, patios, or garden entrances, these pre-planted arrangements take the guesswork out of combining plants while ensuring you get a balanced mix that thrives through the season. Simply place them in a sunny spot, water regularly, and enjoy weeks of color and interest well into fall. As blooms fade, just pinch them back to keep the displays looking fresh and full. 

Pick up a few in your favorite styles this week!

#fallcombos #fallplants #fallgardening #falldecor #GrownFreshforYou #plants #greenhouses","#fallcombos,#fallplants,#fallgardening,#falldecor,#GrownFreshforYou,#plants,#greenhouses",81,,2025-09-29T19:39:08.000Z,1 w
https://www.instagram.com/p/DB1I9GHPPdv/,fallgardening,https://www.instagram.com/igrowgroceries/,igrowgroceries,I was too late to the tomatoes. 🍅 the bugs and I’m assuming birds beat me. They looked good too. 🤤 #tomatoes #gardening #fallgardening,"#tomatoes,#gardening,#fallgardening",11,,2024-11-01T13:24:07.000Z,48 w
https://www.instagram.com/p/DOdqW1VDcfW/,fallgardening,https://www.instagram.com/gambrillsflowerfarm/,gambrillsflowerfarm,Cloudy ⛅️ morning sunshine! 💛 #gardencenter #opendaily #familybusiness #falliscoming #fallgardening #mumstheword,"#gardencenter,#opendaily,#familybusiness,#falliscoming,#fallgardening,#mumstheword",5,,2025-09-11T13:22:19.000Z,3 w
https://www.instagram.com/p/DPeUeDHEwiL/,fallgardening,https://www.instagram.com/bobvila/,bobvila,"Nothing worse than spending money on the perfect pumpkins only to find them half-eaten by squirrels the next morning. Here's how to actually keep them intact this fall. 

#fallseason #autumnvibes #halloweendecor #pumpkins #cozyhome #pumpkinproblems #squirreltips #keepingsquirrelsaway #pumpkinhacks #fallprep #pumpkincare #diydecorideas #backyardtips #fallgardening #seasonaldecor","#fallseason,#autumnvibes,#halloweendecor,#pumpkins,#cozyhome,#pumpkinproblems,#squirreltips,#keepingsquirrelsaway,#pumpkinhacks,#fallprep,#pumpkincare,#diydecorideas,#backyardtips,#fallgardening,#seasonaldecor",15,,2025-10-06T16:02:27.000Z,2 d
https://www.instagram.com/p/DPgvcnMjURB/,fallgardening,https://www.instagram.com/greatgardenplants/,greatgardenplants,"Feeling fall foliage? 🎃🍁

Swipe to transition to fall ➡️

You really can’t beat the fall foliage transformation from Kodiak® Orange Diervilla. Imagine seeing this vivid autumnal display in your own backyard! If you need an attractive, deer resistant, and drought-tolerant shrub, diervilla is a fantastic option.

Here’s why gardeners love it:
✅ Native to North America
✅ Pollinator-friendly
✅ Grows in sun, part, sun, and shade
✅ Easy-care & cold-tolerant

⭐ PRO TIP: While sometimes called bush honeysuckle, this diervilla is not invasive.

If you can name a better fall foliage transition, we’d love to hear from you! Drop your favorites in the comments. 👇

#TransformationTuesday #FallFoliage #FallPlanting #Diervilla #FallColor #FallGarden #FallGardening #Shrub #FallPlant #GardenGlowUp #GardenGoals","#TransformationTuesday,#FallFoliage,#FallPlanting,#Diervilla,#FallColor,#FallGarden,#FallGardening,#Shrub,#FallPlant,#GardenGlowUp,#GardenGoals",48,,2025-10-07T14:35:57.000Z,1 d
https://www.instagram.com/p/DPeiEW-D4yy/,fallgardening,https://www.instagram.com/greenhouse_garden_center/,greenhouse_garden_center,"Top Ten Gardening Tip #5
Winter burn can sneak up on broadleaf evergreens. Spray with Cloud Cover or Wilt Stop now to lock in moisture. 
Grab our Top Ten Gardening Tips for October on our blog!

#TopTenGardeningTip
#ProtectYourPlants #WinterPrep #FallGardening","#5,#TopTenGardeningTip,#ProtectYourPlants,#WinterPrep,#FallGardening",3,,2025-10-06T18:00:45.000Z,2 d
https://www.instagram.com/p/DPSNvt6jO_N/,fallgardening,https://www.instagram.com/backyarddiscovery/,backyarddiscovery,"Fall is prime planting time — and the Bellerose Greenhouse makes it easy to extend your harvest. Compact to XL sizes, cedar framing and commercial 4-wall polycarbonate panels lock in warmth, while easy-open windows plus a temperature-activated exhaust fan keep airflow just right. Built for real gardeners and backed by our 5-year warranty, it’s the simple, low-fuss way to grow longer into the season.

Explore the Bellerose collection and start planning your fall garden. 🌱

#BelleroseGreenhouse #FallGardening #ExtendYourSeason #HomegrownGoodness #GreenhouseLife #BackyardDiscovery","#BelleroseGreenhouse,#FallGardening,#ExtendYourSeason,#HomegrownGoodness,#GreenhouseLife,#BackyardDiscovery",7,,2025-10-01T23:12:07.000Z,1 w
https://www.instagram.com/p/DNVfmbdxwAJ/,fallgardening,https://www.instagram.com/southlandsnurseryvancouver/,southlandsnurseryvancouver,"Great plant combo suggestions from our staff. 

With @hobbs_thomasvancouver 

#southlandsnursery 
#southlandsnurseryvancouver 
#thomashobbs
#southlandsnurseryvirtualtour 
#southlandsnurseryvignettes 
#perennials
#perennialgarden 
#fallgarden 
#fallflowers 
#fallgardening 
#greatplantcombos 
#greatplantcombinations","#southlandsnursery,#southlandsnurseryvancouver,#thomashobbs,#southlandsnurseryvirtualtour,#southlandsnurseryvignettes,#perennials,#perennialgarden,#fallgarden,#fallflowers,#fallgardening,#greatplantcombos,#greatplantcombinations",27,,2025-08-14T12:43:02.000Z,7 w
https://www.instagram.com/p/DPg2frkkXWc/,fallgardening,https://www.instagram.com/gnoaka/,gnoaka,"🍁 Fall Gardening Vibes! 🌿

Fall isn't the end it’s a fresh start for your garden!

Plant cool-weather crops like kale and spinach, mulch to protect roots, and tuck in some spring bulbs now for a surprise bloom later. 🍃

Compost those fallen leaves and give your tools some TLC before winter sets in! 🛠️

What’s growing in your fall garden? 🍂

#akagno #aka1908 #tuneinsar #gnoenhanceourenvironment
#FallGardening #GardenReady #GreenThumbSeason #AutumnPlanting","#akagno,#aka1908,#tuneinsar,#gnoenhanceourenvironment,#FallGardening,#GardenReady,#GreenThumbSeason,#AutumnPlanting",8,,2025-10-07T15:37:30.000Z,1 d
https://www.instagram.com/p/DBw5X2AT7QN/,fallgardening,https://www.instagram.com/costa.verde/,costa.verde,"Our gardening trucks blend right in this autumn season in Victoria, BC 🍁🍂💛 Connect with us today about your fall garden plans! 

📷 by @earthmason 

#autumnvibes #fallgardening #victoriabc #fallgarden #victoriabcgardens #gardenmaintenance","#autumnvibes,#fallgardening,#victoriabc,#fallgarden,#victoriabcgardens,#gardenmaintenance",22,,2024-10-30T21:50:59.000Z,49 w
https://www.instagram.com/p/DObr21LiUGG/,fallgardening,https://www.instagram.com/wassonsince1977/,wassonsince1977,"This past weekend, we loved diving into all things bulbs (and seeds) with you!

The lesson we walked away with? Fall is the moment to plant if you want a head-turning spring garden. From tulips and daffodils to fragrant hyacinths, what you plant now will be your spring reward.

Shop bulbs and bulb-planting accessories at any Wasson Garden Center and start building next season’s g#gardencenter
-
-
#springbulbs #fallplanting #fallgardening #fallprep #gardeningtips #gardening #gardencenter","#gardencenter,#springbulbs,#fallplanting,#fallgardening,#fallprep,#gardeningtips,#gardening,#gardencenter",3,,2025-09-10T18:56:57.000Z,4 w
https://www.instagram.com/p/CWk-3LDF17U/,organicfertilizer,https://www.instagram.com/humic_fulvic_acid_/,humic_fulvic_acid_,"Khumic Fertiplus NPK organic fertilizer 

NPK Humic Amino Compound Organic Fertilizer AMINO HUMIC SHINY BALLS 
(Organic material 30% 50% 70%, Amino Acid 10 %, Humic Acid 15%,NPK12-1-1,NPK 12-3-3,15-6-9,16-6-8, 12-6-12 Amino,Humic ,NPK content all can custom) ，1000KG BULK BAG ,25kg bag with custom design logo , Cheap Price, Low cost organic , suitable for machine sowing farm/field crops, Base fertilizer,
obvious effect of base fertilizer, improve soil acid and alkaline and soil consolidation,increase yield and increase income, improvecropquality,Available sample ,price list ,have any questions , contact freely ,whatsapp/wechat :+8615093239579 Email:Greer@khumic.com
website:www.khumic.com
ZHENGZHOU SHENGDA KHUMIC BIOTECHNOLOGY CO.,LTD

#fertilizer
#Watersolublefertilizer
#asamhumat
#Khumic
#grass
#granularorganicfertilizer
#chemicalfertilizer
#BIOSTIMULANTS
#BlackGoldHumicAcid
#Potato
#Vegetables
#fruit
#Basefertilizer
#blendedfertilizer
#Gardenfertilizer 
#Landscape
#organicfertilizer
#liquidorganicfertilizer
 #humicacidfertilizer
#humic
#humicacid
#Potassiumhumate
#aminoacids
#aminoacid
#fulvicacids
#seaweed
#seaweedextracts
#seaweedextractfertilizer
#seaweedextractbiostimulants
#seaweedextract","#fertilizer,#Watersolublefertilizer,#asamhumat,#Khumic,#grass,#granularorganicfertilizer,#chemicalfertilizer,#BIOSTIMULANTS,#BlackGoldHumicAcid,#Potato,#Vegetables,#fruit,#Basefertilizer,#blendedfertilizer,#Gardenfertilizer,#Landscape,#organicfertilizer,#liquidorganicfertilizer,#humicacidfertilizer,#humic,#humicacid,#Potassiumhumate,#aminoacids,#aminoacid,#fulvicacids,#seaweed,#seaweedextracts,#seaweedextractfertilizer,#seaweedextractbiostimulants,#seaweedextract",,,2021-11-22T12:18:18.000Z,202 w
https://www.instagram.com/p/DOf46PhjMQY/,organicfertilizer,https://www.instagram.com/msandsonsoverseas/,msandsonsoverseas,"🌾 From Farm Waste to Global Solution 🌍
What was once considered farm waste is now powering the future of sustainable agriculture. Cow dung powder isn’t just organic fertilizer—it’s a natural soil enricher that restores fertility, supports beneficial microbes, and protects our planet from chemical overuse.

At MS & Sons Overseas, we transform raw cow dung into a high-quality, export-ready product that helps farmers worldwide boost yields while protecting the environment. From Gujarat’s fields to global markets, we’re proud to turn a traditional practice into a modern eco-solution.

💡 Why it matters:
✔ 100% Natural & Chemical-Free
✔ Improves Soil Health & Water Retention
✔ Supports Sustainable Farming Practices
✔ Reduces Carbon Footprint

Let’s make farming greener, together. 🌱
📩 DM us for partnership or inquiries.

📌 Recommended Hashtags

#FromFarmWasteToGlobalSolution #CowDungPowder #OrganicFertilizer #SustainableFarming #EcoFriendly #SoilHealth #OrganicFarming #GreenAgriculture #GlobalTrade #MSandSonsOverseas#uaelife#navratrivibes❤️","#FromFarmWasteToGlobalSolution,#CowDungPowder,#OrganicFertilizer,#SustainableFarming,#EcoFriendly,#SoilHealth,#OrganicFarming,#GreenAgriculture,#GlobalTrade,#MSandSonsOverseas,#uaelife,#navratrivibes❤️",23,,2025-09-22T15:52:14.000Z,2 w
https://www.instagram.com/p/DFMobJaTXzE/,organicfertilizer,https://www.instagram.com/brandz.co.in/,brandz.co.in,"Our design for Nisargah premium organic fertilizer is a testament to harmony with the earth. The textures evoke a sense of wholesomeness, while the modern geometric pattern adds a touch of sophistication. A perfect blend of organic charm and premium quality! 

#Nisargah #OrganicFertilizer #PackagingDesign #EcoFriendly #SustainableLiving #DesignInspiration""","#Nisargah,#OrganicFertilizer,#PackagingDesign,#EcoFriendly,#SustainableLiving,#DesignInspiration",10,,2025-01-24T05:55:48.000Z,36 w
https://www.instagram.com/p/DK33S0UxGjs/,organicfertilizer,https://www.instagram.com/rudranurseryamritsar/,rudranurseryamritsar,"🌿 Ready to give your garden the ultimate natural boost? 🌱 We're spilling the secrets on 9 incredible organic fertilizer sources that will make your plants thrive! From compost to worm castings, bone meal to seaweed, discover how easily you can nourish your soil and grow healthier, happier plants. Ditch the chemicals and embrace the power of nature! Which one will you try first? 👇 #OrganicFertilizer #GardenLife #SustainableGardening #EcoFriendly #PlantFood #HealthySoil #GrowYourOwn #NaturalGardening #Compost #WormCastings #BoneMeal #BloodMeal #FishEmulsion #SeaweedFertilizer #Manure #CoverCrops #AlfalfaMeal #GardenTips #GreenThumb #UrbanGardening #Permaculture #OrganicGardening #HomeGarden #GardenInspiration #PlantLove #NoChemicals #rudranursery #indoorplantsdecorgardening #organicbeauty #verticalgardenindoor","#OrganicFertilizer,#GardenLife,#SustainableGardening,#EcoFriendly,#PlantFood,#HealthySoil,#GrowYourOwn,#NaturalGardening,#Compost,#WormCastings,#BoneMeal,#BloodMeal,#FishEmulsion,#SeaweedFertilizer,#Manure,#CoverCrops,#AlfalfaMeal,#GardenTips,#GreenThumb,#UrbanGardening,#Permaculture,#OrganicGardening,#HomeGarden,#GardenInspiration,#PlantLove,#NoChemicals,#rudranursery,#indoorplantsdecorgardening,#organicbeauty,#verticalgardenindoor",15,,2025-06-14T07:30:54.000Z,16 w
https://www.instagram.com/p/DLWmAg5vSIO/,organicfertilizer,https://www.instagram.com/coco_and_coir/,coco_and_coir,"💚 Our fertilizers are:
✅ Eco-Friendly
✅ Safe for All Plants
✅ Rich in Natural Nutrition
✅ Budget-Friendly Solution

🪴 Give your plants the love they deserve with 100% organic care.

📞 Order Now: +91 76239 25206
.
.
.
#GoOrganic  #CocoAndCoir #OrganicFertilizer #GardeningIndia #SustainableLiving #PlantParent #EcoFriendlyGardening #HealthySoilHealthyPlants

.
✅fertilizer for all plants
✅buy organic fertilizer online
✅best fertilizer for home plants","#GoOrganic,#CocoAndCoir,#OrganicFertilizer,#GardeningIndia,#SustainableLiving,#PlantParent,#EcoFriendlyGardening,#HealthySoilHealthyPlants",3,,2025-06-26T05:55:28.000Z,15 w
https://www.instagram.com/p/DOoVotlk8aQ/,organicfertilizer,https://www.instagram.com/orgenik_kheti/,orgenik_kheti,"🌾 Organic Farming Enthusiast | ઓર્ગેનિક ફાર્મિંગ પ્રેમી 
♻️ Organic Fertilizer | Vermicompost | Biofertilizer 
🌱 Sustainable Agriculture & Natural Farming 
📍 India 🇮🇳 | #OrganicFarming #OrganicFertilizer 
📩 DM for Collaboration & Farming Tips

#organicfertilizer #organicfarming #vermicompost  #composting #organicmanure #biofertilizer #compost
#organicfarmingindia #zerowastefarming #naturalFertilizer","#OrganicFarming,#OrganicFertilizer,#organicfertilizer,#organicfarming,#vermicompost,#composting,#organicmanure,#biofertilizer,#compost,#organicfarmingindia,#zerowastefarming,#naturalFertilizer",21,,2025-09-15T16:52:57.000Z,3 w
https://www.instagram.com/p/DDrDh8eNyLJ/,organicfertilizer,https://www.instagram.com/btnlnigeria/,btnlnigeria,"Why Choose Organic Fertilizer for Your Crops? 🌱
In today’s world, the choice of fertilizer can make or break your farming efforts.

Organic fertilizers are not just an eco-friendly option they are a game-changer for sustainable agriculture.

Here’s why
1.Soil Health First
  Organic fertilizers improve soil structure, allowing it to retain water and nutrients more effectively. Unlike chemical fertilizers that may degrade soil over time, organic fertilizers enhance the soil’s natural fertility. 

2.Better Crop Yield 
  Organic fertilizers release nutrients gradually, ensuring that your crops receive a steady supply over time. This leads to healthier, more robust plants and higher yields. 

3.Environmentally Safe
  By choosing organic fertilizers, you reduce the risk of water contamination, soil degradation, and harmful chemical runoff. It’s a win for your crops and the environment! 

4.Improved Nutritional Value 
  Crops grown with organic fertilizers often have better nutritional quality, which is key for feeding your family, community, or market with healthier produce. 

5.Cost-Effective in the Long Run
  While chemical fertilizers may offer short-term gains, organic fertilizers improve soil health long-term, reducing the need for additional inputs year after year. 

WHY BTNL ORGANIC FERTILIZER? 

At BIOFIL TECHNOLOGIES NIGERIA LIMITED, we understand the importance of sustainable farming. That’s why we’ve developed BTNL Organic Fertilizer—an innovative, nutrient-rich solution made from organic waste materials. 

100% Organic:Free of harmful chemicals. 
Rich in Nutrients:Formulated to meet the nutritional needs of all crop types. 
Eco-Friendly:A product you can feel good about using. 
Versatile:Perfect for vegetables, grains, fruits, and more. 
Cost-Efficient:Invest in your soil’s long-term productivity. 

Switch to BTNL Organic Fertilizer today for healthier crops, improved yields, and a greener planet. 

📞 Contact Us Now:+2348183524505
🌐 Visit Our Website:www.btnlnigeria.com
#sustainableagriculture #organicfertilizer
#Btnlnigeria #Circulareconomy #agriculture #Lagosnigeria","#sustainableagriculture,#organicfertilizer,#Btnlnigeria,#Circulareconomy,#agriculture,#Lagosnigeria",6,,2024-12-17T08:27:05.000Z,42 w
https://www.instagram.com/p/DMNLplET60d/,organicfertilizer,https://www.instagram.com/naturecarefertilizers/,naturecarefertilizers,"Chemical fertilizer: Instant satisfaction, lasting damage. ☠️""
Organic fertilizer: Steady growth, long-term health. 💚
What’s your pick?

#fertilizer #organicfertilizer #organic_fertilizer #fertilizerorganic #fertilizers #organicfertilizers #naturalfertilizer #gardeninghacks #indoorplants #gardencare #gardeningtips #gardendiys #diy #naturelovers #nature #flowerstagram
#OrganicGarden

[fertilizerorganic, fertilizers, natural fertilizer gardening hacks, indoorplants, garden care, gardening tips, garden diys]","#fertilizer,#organicfertilizer,#organic_fertilizer,#fertilizerorganic,#fertilizers,#organicfertilizers,#naturalfertilizer,#gardeninghacks,#indoorplants,#gardencare,#gardeningtips,#gardendiys,#diy,#naturelovers,#nature,#flowerstagram,#OrganicGarden",5,,2025-07-17T10:43:22.000Z,12 w
https://www.instagram.com/p/DNfDTzrzyMk/,organicfertilizer,https://www.instagram.com/emacefoundation/,emacefoundation,Progress update: Our BeeVeda project beneficiaries continue their work in organic fertilizer production and beekeeping. 🌱🐝 A few snapshots of their efforts are shared here – every contribution matters.#sustainablefarming #beekeeping #organicfertilizer #beeveda #srilankan #emacefoundation #australianaid,"#sustainablefarming,#beekeeping,#organicfertilizer,#beeveda,#srilankan,#emacefoundation,#australianaid",9,,2025-08-18T05:48:14.000Z,7 w
https://www.instagram.com/p/DNnKHcEKd9e/,organicfertilizer,https://www.instagram.com/esarbharatfuelcorporation/,esarbharatfuelcorporation,"क्या आप जानते हैं कि आपका everyday organic waste अब ऊर्जा और कमाई का जरिया बन सकता है? Esar Bharat Fuel Corporation के Bio CNG Plant के साथ आप सिर्फ स्वच्छ और renewable fuel ही नहीं बनाते, बल्कि पर्यावरण संरक्षण, sustainable energy और economic growth में भी योगदान देते हैं।

मुख्य फायदे:

Renewable Energy – Organic waste से लगातार बनती है eco-friendly और pollution-free fuel।

Govt Support – SATAT और अन्य सरकारी schemes के माध्यम से financial incentives और guidance।

Low-Cost Fuel – Traditional fuels की तुलना में कम लागत में clean energy प्राप्त करें।

Bonus: Plant operation से आप organic fertilizer और local employment opportunities भी प्राप्त कर सकते हैं।

💡 Join Esar Bharat Bio CNG Plant today!
Transform waste into profit, power, and a cleaner planet.

Visit Us:
Registered Office: B1-518, DLF My Pad, Vibhuti Khand, Gomti Nagar, Lucknow, UP – 226010, India

Email: info@esarbiofuel.com
Contact: +91 8810705954 | +91 8810705951 | +91 8810705952
Toll Free: 1800-889-7456 | Landline: 0522-464-1247

#BioCNG #CleanEnergy #RenewableEnergy #GreenEnergy #SustainableFuel #WasteToWealth #EsarBharat #EcoFriendly #GovernmentSupport #LowCostFuel #GreenIndia #ClimateAction #Sustainability #SmartInvestment #OrganicFertilizer #PollutionFreeEnergy","#BioCNG,#CleanEnergy,#RenewableEnergy,#GreenEnergy,#SustainableFuel,#WasteToWealth,#EsarBharat,#EcoFriendly,#GovernmentSupport,#LowCostFuel,#GreenIndia,#ClimateAction,#Sustainability,#SmartInvestment,#OrganicFertilizer,#PollutionFreeEnergy",1,,2025-08-21T09:21:39.000Z,7 w
https://www.instagram.com/p/DO-L0ZZiIMC/,organicfertilizer,https://www.instagram.com/pathares_exim_traders/,pathares_exim_traders,"Choose organic, choose growth! 🌱 Pathare’s Organic Fertilizer is 100% natural, chemical-free, and perfect for healthy, thriving crops. Feed your soil, boost yields, and nurture the earth the sustainable way. Premium quality you can trust—grow the future today!

#OrganicFertilizer #OrganicFarming #SoilHealth #ChemicalFree #NaturalFarming #HealthySoil #Compost #Fertilizer #RegenerativeAgriculture #OrganicProducts #GreenFarming #SustainableAgriculture #FarmLife #AgriBusiness #Garden #Farming #FarmToTable #GrowYourOwn #OrganicGardening #FarmersMarket #AgriTech #SoilScience #PlantNutrition","#OrganicFertilizer,#OrganicFarming,#SoilHealth,#ChemicalFree,#NaturalFarming,#HealthySoil,#Compost,#Fertilizer,#RegenerativeAgriculture,#OrganicProducts,#GreenFarming,#SustainableAgriculture,#FarmLife,#AgriBusiness,#Garden,#Farming,#FarmToTable,#GrowYourOwn,#OrganicGardening,#FarmersMarket,#AgriTech,#SoilScience,#PlantNutrition",4,,2025-09-24T04:30:27.000Z,2 w
https://www.instagram.com/p/DN-q10bjakT/,organicfertilizer,https://www.instagram.com/stanesofficial/,stanesofficial,"Apoorvam – A natural 6-in-1 organic fertilizer that enhances soil health and supports sustainable agriculture with a rich blend of organic resources including bio-fertilizers and vermicompost.

👉 Learn more: www.tstanes.com

#Stanes #Apoorvam #OrganicFertilizer #SoilHealth #SustainableFarming #EcoFriendlyFarming #BioFertilizer #Vermicompost","#Stanes,#Apoorvam,#OrganicFertilizer,#SoilHealth,#SustainableFarming,#EcoFriendlyFarming,#BioFertilizer,#Vermicompost",12,,2025-08-30T12:30:06.000Z,5 w
https://www.instagram.com/p/DI3iuKGoknG/,organicfertilizer,https://www.instagram.com/ba_prerna_cleanearth/,ba_prerna_cleanearth,"Feed your plants and the planet with Nisarg Poshan Organic Fertilizer! 🌍🌸 Experience the magic of organic gardening and watch your garden bloom like never before.

#OrganicFertilizer #gardenmagic #bloomwithnature #ecofriendlygardening #SustainableGrowth #plantlove #sustainableliving #organicgardening #baprerna","#OrganicFertilizer,#gardenmagic,#bloomwithnature,#ecofriendlygardening,#SustainableGrowth,#plantlove,#sustainableliving,#organicgardening,#baprerna",16,,2025-04-25T11:27:31.000Z,23 w
https://www.instagram.com/p/DBDQv72KI8W/,organicfertilizer,https://www.instagram.com/sanjivaniagromachinery/,sanjivaniagromachinery,"🌿🌱 Revolutionize Your Garden with World’s #1 Organic Fertilizer with Biochar! 🌱🌿
Are you ready to take your gardening/Farming to the next level? Introducing our premium organic fertilizer, now enhanced with the power of biochar! 🌏✨
🔹 Why Biochar?
Biochar is a game-changer for your soil! It improves soil health, boosts nutrient retention, and enhances water holding capacity, giving your plants the ultimate growing environment. Plus, it’s eco-friendly and helps reduce carbon emissions! 🌍🌱
🔹 Benefits You’ll Love:
✅ Healthier, stronger plants
✅ Improved soil structure
✅ Enhanced nutrient absorption
✅ Increased crop yields
✅ Environmentally sustainable

Join the green revolution and give your garden the love it deserves! 🌿💚

#OrganicFertilizer #Biochar #SustainableFarming #GreenGardening #EcoFriendly #HealthySoil #GardenRevolution","#1,#OrganicFertilizer,#Biochar,#SustainableFarming,#GreenGardening,#EcoFriendly,#HealthySoil,#GardenRevolution",5,,2024-10-13T04:30:12.000Z,51 w
https://www.instagram.com/p/CXoWg7IFGPB/,organicfertilizer,https://www.instagram.com/groworganically.tt/,groworganically.tt,"Gift a Premium Organic Fertilizer to your loved ones this season! OR Gift yourself and treat your garden this Christmas.🎄🎁
 
Call or DM to order - Delivery Available

#organicfertilizer #trinidadandtobago #shoplocal #organic #soilhealth #growingplants #fertilizer #groworganicallytt","#organicfertilizer,#trinidadandtobago,#shoplocal,#organic,#soilhealth,#growingplants,#fertilizer,#groworganicallytt",,,2021-12-18T16:18:01.000Z,198 w
https://www.instagram.com/p/DND7iD1stCs/,organicfertilizer,https://www.instagram.com/mortimernursery/,mortimernursery,"🍂 Fall is Coming — Don’t Forget to Fertilize! 🍂
Help your plants thrive this season with the right nutrients! Mortimer Nursery has the perfect fertilizer blends for your fall garden prep.

🌿 Choose from our two special formulas made for Northern Arizona:
✅ Tree & Shrub Fertilizer
✅ Starter All-Purpose Fertilizer
Plus, we carry organic fertilizer ideal for fruit trees!

✨ Take advantage of our Moving Sale for great deals while supplies last!

📍 Visit us or call 928-776-8000 for expert advice.

#FallFertilizing #OrganicFertilizer #MortimerNursery #MovingSale #ArizonaGardening #FruitTrees #prescottvalleyaz #prescottaz #chinovalleyaz #az #arizonaphotographer","#FallFertilizing,#OrganicFertilizer,#MortimerNursery,#MovingSale,#ArizonaGardening,#FruitTrees,#prescottvalleyaz,#prescottaz,#chinovalleyaz,#az,#arizonaphotographer",3,,2025-08-07T17:00:45.000Z,8 w
https://www.instagram.com/p/DOF9nsgEWXp/,organicfertilizer,https://www.instagram.com/pehle.jaisa/,pehle.jaisa,"🌱 Why Choose Organic Fertilizer? 🌱

Healthy plants start with healthy soil, and organic fertilizers are nature’s best gift for sustainable farming and gardening. Unlike chemicals, they enrich the soil naturally while keeping your crops and family safe. Here are 5 key benefits of using organic fertilizer:

1️⃣ Improves soil fertility & structure 🌾
2️⃣ Boosts natural plant growth 🌱
3️⃣ Safe for humans, animals & environment 🌍
4️⃣ Enhances water retention 💧
5️⃣ Supports long-term soil health 🌿

Switch to Pehle Jaisa Organic Fertilizer and experience the difference!
🛒 Available on @Amazon, @Flipkart & @Meesho.

#OrganicFertilizer #HealthySoilHealthyLife #GoOrganic #SustainableFarming #PehleJaisa","#OrganicFertilizer,#HealthySoilHealthyLife,#GoOrganic,#SustainableFarming,#PehleJaisa",1,,2025-09-02T08:28:53.000Z,5 w
https://www.instagram.com/p/DPh-KuOEzqm/,organicfertilizer,https://www.instagram.com/aditya_crop_care/,aditya_crop_care,"Do You Know? 🤔
Every time you choose organic fertilizer, you’re not just feeding your crops — you’re healing the Earth! 🌍
🌿 Aditya Gold – The Organic Choice for Healthy Soil.
Let’s grow naturally, let’s grow responsibly. 🌾

📞 Call us: 7377669513
🌐 Visit: www.adityacropcare.com

#AdityaCropCare #AdityaGold #OrganicFarming #HealthySoil #SoilHealth #OrganicFertilizer #SustainableFarming #EcoFriendlyFarming #GoOrganic #FarmingIndia #NaturalFarming #GreenAgriculture #FarmersChoice #SoilCare #CropCare","#AdityaCropCare,#AdityaGold,#OrganicFarming,#HealthySoil,#SoilHealth,#OrganicFertilizer,#SustainableFarming,#EcoFriendlyFarming,#GoOrganic,#FarmingIndia,#NaturalFarming,#GreenAgriculture,#FarmersChoice,#SoilCare,#CropCare",2,,2025-10-08T02:04:03.000Z,1 d
https://www.instagram.com/p/DEhde6rBaG_/,organicfertilizer,https://www.instagram.com/brandz.co.in/,brandz.co.in,"Our design for Nisargah premium organic fertilizer is a testament to harmony with the earth. The textures evoke a sense of wholesomeness, while the modern geometric pattern adds a touch of sophistication. A perfect blend of organic charm and premium quality!

 #Nisargah #OrganicFertilizer #PackagingDesign #EcoFriendly #SustainableLiving #DesignInspiration""","#Nisargah,#OrganicFertilizer,#PackagingDesign,#EcoFriendly,#SustainableLiving,#DesignInspiration",9,,2025-01-07T11:32:51.000Z,39 w
https://www.instagram.com/p/DG5ZW3MsFIZ/,organicfertilizer,https://www.instagram.com/btnlnigeria/,btnlnigeria,"Biofil Technologies Nigeria Limited are proud to promote the use of organic fertilizers as part of our commitment to a greener future.

By adopting organic fertilizers, farmers can improve soil health, protect the environment, and contribute to the fight against climate change. 

Together, we can build a more sustainable agricultural system that benefits both people and the planet.

Contact Us Today to get your BTNL Organic Fertilizer 
Call or whatsapp us on 08183524505
Visit us at 15B Kasumu Street Shangisha Magodo Lagos 

#OrganicFertilizer #SustainableFarming #BiofillTechnologies #WasteToWealth #SoilHealth #EcoFriendlyFarming #circulareconomy
#wastetowealth #lagos #Nigeria #agriculture","#OrganicFertilizer,#SustainableFarming,#BiofillTechnologies,#WasteToWealth,#SoilHealth,#EcoFriendlyFarming,#circulareconomy,#wastetowealth,#lagos,#Nigeria,#agriculture",8,,2025-03-07T11:41:22.000Z,30 w
https://www.instagram.com/p/DOqylPgk0Vb/,organicfertilizer,https://www.instagram.com/orgenik_kheti/,orgenik_kheti,"🌾 Organic Farming Enthusiast | ઓર્ગેનિક ફાર્મિંગ પ્રેમી 
♻️ Organic Fertilizer | Vermicompost | Biofertilizer 
🌱 Sustainable Agriculture & Natural Farming 
📍 India 🇮🇳 | #OrganicFarming #OrganicFertilizer 
📩 DM for Collaboration & Farming Tips

#organicfertilizer #organicfarming #vermicompost  #composting #organicmanure #biofertilizer #compost
#organicfarmingindia #zerowastefarming #naturalFertilizer","#OrganicFarming,#OrganicFertilizer,#organicfertilizer,#organicfarming,#vermicompost,#composting,#organicmanure,#biofertilizer,#compost,#organicfarmingindia,#zerowastefarming,#naturalFertilizer",20,,2025-09-16T15:44:20.000Z,3 w
https://www.instagram.com/p/DDbYJRPSWDp/,organicfertilizer,https://www.instagram.com/true_gardening/,true_gardening,New video how to make best homemade organic fertilizer at home 🤩 #organic #organicfertilizer #fertilizerforplants,"#organic,#organicfertilizer,#fertilizerforplants",19,,2024-12-11T06:19:22.000Z,43 w
https://www.instagram.com/p/DIiVrbiSY6e/,organicfertilizer,https://www.instagram.com/falajgarden/,falajgarden,"Give your plants the best care with Gulf Agro Organic Fertilizer & Manure by Falaj Garden! Specially formulated to enrich soil, enhance plant growth, and boost yield, this 1-liter organic solution ensures healthier, greener plants without harmful chemicals. 

Ideal for home gardens, farms, and landscapes, it promotes sustainable farming while improving soil fertility. Go organic and watch your plants thrive naturally! Order now and cultivate a greener future. 

Visit our website www.falajgarden.com 
To join whatsapp group click Https://wa.me/97158110117

#OrganicFertilizer #GulfAgro #FalajGarden #EcoFriendly #SustainableFarming #HealthyPlants #OrganicGardening #SoilHealth #GreenLiving #PlantCare #ChemicalFree #HomeGardening #FarmLife #GrowOrganic #GardeningEssentials #NaturalFarming #BoostYourYield #GoGreen #GardenLove #ThriveNaturally","#OrganicFertilizer,#GulfAgro,#FalajGarden,#EcoFriendly,#SustainableFarming,#HealthyPlants,#OrganicGardening,#SoilHealth,#GreenLiving,#PlantCare,#ChemicalFree,#HomeGardening,#FarmLife,#GrowOrganic,#GardeningEssentials,#NaturalFarming,#BoostYourYield,#GoGreen,#GardenLove,#ThriveNaturally",2,,2025-04-17T05:49:29.000Z,25 w
https://www.instagram.com/p/DMqLneSt1SE/,organicfertilizer,https://www.instagram.com/mortimernursery/,mortimernursery,"🌱 Looking for the Right Organic Fertilizer? 🌱
At Mortimer Nursery, we have a wide selection of organic fertilizers tailored to your plant’s specific needs — and they’re all discounted for our Moving Sale! 🎉

Whether you're caring for Japanese Maples 🍁 or starting fresh with Jump Start or improving soil health with Cavern Dwellers, we’ve got you covered.

Come in and grab what your garden needs — while supplies last!

📍 Visit us or call 928-776-8000 for recommendations!

#OrganicFertilizer #MortimerNursery #PlantCare #MovingSale #ArizonaGardening #HealthyPlants #JapaneseMaple #GardenSupplies","#OrganicFertilizer,#MortimerNursery,#PlantCare,#MovingSale,#ArizonaGardening,#HealthyPlants,#JapaneseMaple,#GardenSupplies",4,,2025-07-28T17:01:03.000Z,10 w
https://www.instagram.com/p/C-nDMQ1vMJN/,organicfertilizer,https://www.instagram.com/stanesofficial/,stanesofficial,"Anandham is an organic fertilizer made from deoiled non-edible oil cakes. 
It enhances soil fertility, improves nitrogen usage efficiency, and increases water holding capacity. Apply before seed sowing or transplanting.

Learn more at www.tstanes.com

Follow us on Social Media to Stay updated about new arrivals.

#OrganicFertilizer #SoilFertility #SustainableFarming #EcoFriendly","#OrganicFertilizer,#SoilFertility,#SustainableFarming,#EcoFriendly",16,,2024-08-13T12:30:12.000Z,60 w
https://www.instagram.com/p/DMR2FhSxEoc/,organicfertilizer,https://www.instagram.com/gulabpk2/,gulabpk2,"Benefits of Organic Nutrients:

Improved Soil Health 🌱
Boosts Microbial Activity
Increased Water Retention in the soil
Slow and Steady Nutrient Release Enhanced Plant Resilience
Environmental Sustainability
Safer for Living Organisms

Explore our collection of fertilizers on Gulab.pk 
Boost plant growth with 100% organic fertilizer 

Shop now: https://www.gulab.pk/shop/organic-fertilizer

📌 𝗙𝗼𝗿 𝗺𝗼𝗿𝗲 𝗱𝗲𝘁𝗮𝗶𝗹𝘀 & 𝘂𝗽𝗱𝗮𝘁𝗲𝘀, 𝗳𝗼𝗹𝗹𝗼𝘄 𝘂𝘀 𝗵𝗲𝗿𝗲:

𝐖𝐞𝐛𝐬𝐢𝐭𝐞: www.gulab.pk
𝐅𝐚𝐜𝐞𝐛𝐨𝐨𝐤: www.facebook.com/GulabPk2
𝐈𝐧𝐬𝐭𝐚𝐠𝐫𝐚𝐦: www.instagram.com/gulabPk2/
𝐓𝐰𝐢𝐭𝐭𝐞𝐫 (𝐗): x.com/home
𝐋𝐢𝐧𝐤𝐞𝐝𝐈𝐧: www.linkedin.com/company/gulab-pk

📱 𝐖𝐡𝐚𝐭𝐬𝐀𝐩𝐩: 0310-2287710

#gulabpk #onlinenursery #plantnursery #organicfertilizer #fertilizers","#gulabpk,#onlinenursery,#plantnursery,#organicfertilizer,#fertilizers",1,,2025-07-19T06:11:09.000Z,11 w
https://www.instagram.com/p/DNhj7vTRmFj/,organicfertilizer,https://www.instagram.com/mahaguruayurveda/,mahaguruayurveda,"🚜 AGROFARMER
Organic Fertilizer – Nature’s Gift to Farmers 🌾

✅ मिट्टी की उपज क्षमता बढ़ाए
✅ फसल को रोग-मुक्त बनाए
✅ किसान की आमदनी में बढ़ोतरी

🍃 Go Organic, Grow Better! 🍃

#AgroFarmer #OrganicFertilizer #HealthySoil #GreenFarming #HappyFarmer","#AgroFarmer,#OrganicFertilizer,#HealthySoil,#GreenFarming,#HappyFarmer",22,,2025-08-19T05:11:46.000Z,7 w
https://www.instagram.com/p/DIwd_FWProM/,organicfertilizer,https://www.instagram.com/ccoforganic/,ccoforganic,"HAPPY EARTH DAY! 🌎🌱💚

THIS WEEK (4/21- 4/27) Every purchase made on AgroThrive.com will help provide the equivalent volume of AgroThrive organic fertilizer to the CCOF Foundation’s Organic Transition Program farmers.

The CCOF Foundation empowers farmers who are making the shift to organic by providing educational, technical, and financial support to advance organic agriculture for a healthier planet.

Why support the transition?

Organic farming restores soil health, reduces pollution, and strengthens our food systems against the impacts of climate change, but making the switch isn’t easy. Farmers must go through a 3-year transition period where they adopt organic practices without reaping the premium prices that certified organic crops can bring. The cost of organic inputs during this time can be a major hurdle.
 
Together, AgroThrive, the CCOF Foundation, and our partners will lighten the load for farmers who are doing the hard work of healing our planet through sustainable agriculture. 

To learn more, visit agrothrive.com 

(Photo courtesy of the CCOF Foundation)

#earthday #earthday2025 #getonegiveone #happyearthday #ccof #ccoffoundation #groworganic #organicfertilizer #organicgardening #organicgarden #organicveggiegarden #organicvegetablegarden #veggiegarden #soilhealth #agrothrive #agrothrivefertilizer 
#healthygarden #urbangardener #urbangarden","#earthday,#earthday2025,#getonegiveone,#happyearthday,#ccof,#ccoffoundation,#groworganic,#organicfertilizer,#organicgardening,#organicgarden,#organicveggiegarden,#organicvegetablegarden,#veggiegarden,#soilhealth,#agrothrive,#agrothrivefertilizer,#healthygarden,#urbangardener,#urbangarden",14,,2025-04-22T17:45:02.000Z,24 w
https://www.instagram.com/p/DPKzPbkk_2n/,organicfertilizer,https://www.instagram.com/aditya_crop_care/,aditya_crop_care,"Nourish your crops with ADITYA GOLD Organic Fertilizer! 🌱 Give your plants the best start with vigorous root development, enhanced water retention, and improved crop vigor.

#AdityaGold #OrganicFertilizer #CropCare #SustainableFarming #Agriculture #PlantHealth","#AdityaGold,#OrganicFertilizer,#CropCare,#SustainableFarming,#Agriculture,#PlantHealth",,,2025-09-29T02:06:02.000Z,1 w
https://www.instagram.com/p/CGkFHxKnCwp/,organicfertilizer,https://www.instagram.com/lead_sonson/,lead_sonson,"Coffee plant use Eco Farming fertilizer 

Ready to order... The Best organic fertilizer,, [ 100% made from organic ] *
*
*ECO FARMING FERTILIZER work for* -Reducing production cost
-Speed up the harvest period
-Make plant immunity stronger
-Increase soil nutrients
-Maximize crop yields
-Improve the quality of the corp

Ist time to become a smarter farmer  by using ECO FARMING

For more information and booking please contact me below:

Rony Gunawan

WhatsApp: +628112046868
Email: Mr.sonson88@gmail.com
Office: Grand surapati core Blok B9-10.B23-25 Jl.PH.H Mustofa No.39 Bandung Indonesia 40192

#farming #farminglife #fertilizer #fertilize #organic #organicfertilizer #fertilizers #pupukorganik #agriculture #agriculturelife #agricultura #agriculture_global #agricultureworldwide #agricultureworld #agricultureeducation #agricultureaustralia #australianagriculture #fruitfarm #ricefarming #vegetablegrower #agriculturetechnology #ecofarming","#farming,#farminglife,#fertilizer,#fertilize,#organic,#organicfertilizer,#fertilizers,#pupukorganik,#agriculture,#agriculturelife,#agricultura,#agriculture_global,#agricultureworldwide,#agricultureworld,#agricultureeducation,#agricultureaustralia,#australianagriculture,#fruitfarm,#ricefarming,#vegetablegrower,#agriculturetechnology,#ecofarming",,,2020-10-20T11:31:42.000Z,259 w
https://www.instagram.com/p/DBQsG1wpZhn/,organicfertilizer,https://www.instagram.com/agrosempire/,agrosempire,"🤝 Unity is Strength, Collaboration is Power 🔥🔥

Bio Terra Solutions is thrilled to announce a strategic partnership with Agros Empire, a leading service provider in the Malaysian agriculture industry. 💯

Together, we're committed to produce high quality premium grade organic fertilizer, NexGrow. 🌱🌱

To mark this milestone, we recently signed a Memorandum of Understanding (MOU) that outlines our collaborative efforts. 💪🏼💪🏼

Stay tuned for more updates on our joint projects and initiatives! 

#AgrosEmpire
#NexGrow
#Collaboration 
#Partnership 
#MOU 
#Agriculture
#OrganicFertilizer
#NutrientManagement
#Malaysia

#BioTerraSolutions
#PioneeringSustainability","#AgrosEmpire,#NexGrow,#Collaboration,#Partnership,#MOU,#Agriculture,#OrganicFertilizer,#NutrientManagement,#Malaysia,#BioTerraSolutions,#PioneeringSustainability",30,,2024-10-18T09:39:22.000Z,50 w
https://www.instagram.com/p/DOoXp9mDNML/,organicfertilizer,https://www.instagram.com/humusoil/,humusoil,"🌧️ Get your wellies and fishing rods ready… it’s going to be a wet one! 🌾🚜

We’re excited to be back at the Ploughing Championships 2025!
👉 Find us at Block 3, Row 3, Stand 58
👉 Joining forces with our partners Evergreen Fields on a joint stand.

Come by for a chat — we’ll be talking all things:
🌱 Organic Fertilizer
⚖️ Nutrient Management
🔥 Biochar

We look forward to seeing you there! 🙌

#Ploughing2025 #OrganicFertilizer #NutrientManagement #Biochar #SustainableFarming #SoilHealth #FarmersOfIreland #IrishAgriculture","#Ploughing2025,#OrganicFertilizer,#NutrientManagement,#Biochar,#SustainableFarming,#SoilHealth,#FarmersOfIreland,#IrishAgriculture",8,,2025-09-15T17:10:34.000Z,3 w
https://www.instagram.com/p/DPd8QWvgQkz/,organicfertilizer,https://www.instagram.com/aindhinai_donkey_business/,aindhinai_donkey_business,"Blessings of success and joy this Diwali

Vermicompost Manure
Organic Fertilizer

UP TO
50%
OFF
ON YOUR FIRST PURCHASE

shop now
+91 9865181972
www.aindhinai.com

#DiwaliBlessings #SuccessAndJoy #Vermicompost #OrganicFertilizer #GreenDiwali #HealthySoilHealthyLife #EcoFriendlyFarming #NaturalFarmingCare #FarmersChoice #SustainableHarvest #FirstPurchaseOffer #ShopAndSave","#DiwaliBlessings,#SuccessAndJoy,#Vermicompost,#OrganicFertilizer,#GreenDiwali,#HealthySoilHealthyLife,#EcoFriendlyFarming,#NaturalFarmingCare,#FarmersChoice,#SustainableHarvest,#FirstPurchaseOffer,#ShopAndSave",,,2025-10-06T12:30:08.000Z,2 d
https://www.instagram.com/p/DOXL628D30t/,organicfertilizer,https://www.instagram.com/keitzlandscape/,keitzlandscape,"🌱 We Did It – Our Fertilizer is Here! 🌿

We’ve been working hard behind the scenes to create something we’re truly proud of – Keitz All-Purpose Organic Fertilizer (6-3-2) – and we’re thrilled to finally share it with you! After months of testing and refining, it’s ready for your garden, beds, lawns, and indoor plants.

Why we’re excited:
💚 Made in Canada & Pro-Cert Approved
💚 Organic, safe, and effective – derived from feather meal, fish bone meal, alfalfa meal, kelp meal, and Langbionite
💚 Packed with nutrients: N 6%, P 3%, K 2%, plus sulfur, calcium, and magnesium

How to use:
🌿 Gardens & Beds: 1–2 cups per 10 sq ft
🌿 Lawns: 5–10 lbs per 1,000 sq ft
🌿 Indoor Plants: 1–2 tbsp per 6-inch pot
💧 Apply to damp soil, water thoroughly, and reapply every 6–8 weeks for best results

We can’t wait for you to try it and watch your plants flourish. It’s been a journey, and now we’re ready to push this product to gardeners everywhere.

💚 Planting Ideas, Growing Dreams.

#KeitzLandscape #OrganicFertilizer #GardenCare #PlantNutrition #SustainableGardening #HealthyPlants #plantingideasgrowingdreams","#KeitzLandscape,#OrganicFertilizer,#GardenCare,#PlantNutrition,#SustainableGardening,#HealthyPlants,#plantingideasgrowingdreams",32,,2025-09-09T01:00:56.000Z,4 w
https://www.instagram.com/p/DKCHOZVh2ZW/,organicfertilizer,https://www.instagram.com/politicslk/,politicslk,"Remember the 2021 Organic Fertilizer Importation Scandal? Here’s an update as we await to see how the investigation pans out 👉

#MahindanandaAluthgamage #Organicfertilizer #fertilizerimport #Politicslk #CIABOC #instanews","#MahindanandaAluthgamage,#Organicfertilizer,#fertilizerimport,#Politicslk,#CIABOC,#instanews",43,,2025-05-24T10:30:16.000Z,19 w
https://www.instagram.com/p/DGlp2JgyHLU/,organicfertilizer,https://www.instagram.com/nitricityinc/,nitricityinc,Join the organic movement and grow sustainably with Nitricity! 🌱 Swipe to learn more about our organic fertilizer.,,,,2025-02-27T19:40:38.000Z,31 w
https://www.instagram.com/p/DIgA3rRNjRj/,organicfertilizer,https://www.instagram.com/htsfarms/,htsfarms,"Tired, nutrient-starved land won’t give you premium harvests—no matter how hard you work. 💔

That’s why more Nigerian farmers are turning to RichYiel Organic Fertilizer—packed with NPK, Calcium, Magnesium, and Sulphur to help restore soil vitality, improve structure, and grow resilient, high-yield crops—rain or shine. 🌱

In today’s economy, waste is not an option. Let every seed you plant count.
Feed your soil right, and it’ll feed you back. 🌾

🛒 Shop now on htsfarms.ng

#htsfarms #richyiel #organicfertilizer #npkboost #soilhealth #nigerianfarmers #plantpower #agroinspired #farmingsolutions #growbetter #farmingandagriculture #nationwidedelivery","#htsfarms,#richyiel,#organicfertilizer,#npkboost,#soilhealth,#nigerianfarmers,#plantpower,#agroinspired,#farmingsolutions,#growbetter,#farmingandagriculture,#nationwidedelivery",,,2025-04-16T08:09:10.000Z,25 w
https://www.instagram.com/p/DKj2QDNsH0r/,organicfertilizer,https://www.instagram.com/prince_agro/,prince_agro,"Organic Fertilizer
#organicfertilizer #organicfarming #organiccompostfertilizer #naturalfertilizer #plantnutrients #plantgrowth #plantcare #soilhealth #savesoil #saveplant #saveplanet #prince_agro","#organicfertilizer,#organicfarming,#organiccompostfertilizer,#naturalfertilizer,#plantnutrients,#plantgrowth,#plantcare,#soilhealth,#savesoil,#saveplant,#saveplanet,#prince_agro",,,2025-06-06T12:56:07.000Z,17 w
https://www.instagram.com/p/DPJyWh_jLbf/,organicfertilizer,https://www.instagram.com/leela.international/,leela.international,"🌱 Healthy Soil, Healthy Future! 🌱
Pure growth with our Organic Fertilizer 
✅ Boosts crop yield 🌾
✅ Protects soil health 🌍
✅ Supports sustainable farming 🌿

Be part of the green revolution with us 💚

👉 Contact for bulk orders & collaborations!

📩 info@leelainternational.in

#OrganicFertilizer #SustainableFarming #AgriExport #FarmersOfIndia #HealthySoil #EcoFriendlyFarming #GlobalAgri #GoOrganic #FarmersCommunity #GreenFuture #B2BExport #AgriBusiness #LeelaInternational #GrowWithNature #EcoGrowth","#OrganicFertilizer,#SustainableFarming,#AgriExport,#FarmersOfIndia,#HealthySoil,#EcoFriendlyFarming,#GlobalAgri,#GoOrganic,#FarmersCommunity,#GreenFuture,#B2BExport,#AgriBusiness,#LeelaInternational,#GrowWithNature,#EcoGrowth",5,,2025-09-28T16:38:46.000Z,1 w
https://www.instagram.com/p/DPA-3Y6D-KT/,organicfertilizer,https://www.instagram.com/pure_lakdi_ghani_oils/,pure_lakdi_ghani_oils,"🌱 Grow greener, healthier & chemical-free plants with Pure Organic Fertilizer!
✅ 100% Natural | Complete dose of NPK | Perfect for kitchen gardens & pots 🌿
Just soak, dilute & apply – your plants will thank you! 🌸🍅🥒

📦 Available in 300g & 5kg packs
📍 Ghaziabad | 🚚 Pan India Delivery
📞 8595008401 | 🌐 purelakdighani.com

#OrganicFertilizer #GrowGreens #KitchenGarden #PureLakdiGhani #HealthyPlants #NaturalFertilizer #GoOrganic #EcoFriendlyFarming #PlantCare #SoilHealth #HomeGarden #SustainableLiving #UrbanGardening #GreenLiving #MIBSGroup","#OrganicFertilizer,#GrowGreens,#KitchenGarden,#PureLakdiGhani,#HealthyPlants,#NaturalFertilizer,#GoOrganic,#EcoFriendlyFarming,#PlantCare,#SoilHealth,#HomeGarden,#SustainableLiving,#UrbanGardening,#GreenLiving,#MIBSGroup",5,,2025-09-25T06:34:57.000Z,2 w
https://www.instagram.com/p/DIlmduzNYBw/,organicfertilizer,https://www.instagram.com/bioficsorganics/,bioficsorganics,"We asked AI to create the ultimate plant care product action figure. It replied:  Biofics Organics 🌱
.
.
[ Biofics Organic, Ultimate plant care products, Organic plant care products, Natural garden solutions, Garden Care Granules, Nutri Mix Fertilizer, Plant Nutrition, Organic Fertilizer ] 
.
.
#bioficsorganics #organicplantcare #ecofriendlygardening #organicfertilizer #gardencaregranules #plantlover","#bioficsorganics,#organicplantcare,#ecofriendlygardening,#organicfertilizer,#gardencaregranules,#plantlover",13,,2025-04-18T12:13:52.000Z,24 w
https://www.instagram.com/p/DJ4MLwoo3ha/,organicfertilizer,https://www.instagram.com/nugrowthbio/,nugrowthbio,"Our all-purpose organic biofertilizer can be used throughout your garden at all stages of your plant's life! 💦 Save this for the next time you water your garden 🌱✨

#organicfertilizer #zone5 #zone6 #organicgardening #gardeningtips | beginner gardener, fertilizing garden, why use organic fertilizer","#organicfertilizer,#zone5,#zone6,#organicgardening,#gardeningtips",11,,2025-05-20T14:01:13.000Z,20 w
https://www.instagram.com/p/CIsnfMpnUox/,organicfertilizer,https://www.instagram.com/creativegarden_nursery/,creativegarden_nursery,"BONEMEAL. One of the best Organic Fertilizer for your garden.
#bonemeal #fertilizer #organic #organicfertilizer #KitchenGarden #gardening #vegetablegarden #GardeningClubOfAssam","#bonemeal,#fertilizer,#organic,#organicfertilizer,#KitchenGarden,#gardening,#vegetablegarden,#GardeningClubOfAssam",19,,2020-12-12T12:08:16.000Z,251 w
https://www.instagram.com/p/DGxO_mIsXNj/,organicfertilizer,https://www.instagram.com/btnlnigeria/,btnlnigeria,"The Role of Organic Fertilizers in Sustainable Agriculture

In the face of growing environmental challenges and the need for sustainable food production, organic fertilizers have emerged as a key player in promoting eco-friendly agricultural practices. 

One of the most effective ways to achieve sustainable agriculture is through the use of organic fertilizers.

In today’s post, we will explore the role of organic fertilizers in sustainable agriculture, their benefits, and why they are the future of farming in Nigeria and beyond.

What are Organic Fertilizers?

Organic fertilizers are naturally derived from plant, animal, or mineral sources. They include compost, manure, bio-slurry, bone meal, and green manure. 

Unlike chemical fertilizers, organic fertilizers improve soil fertility without harmful side effects, making them essential for sustainable farming systems.

Why is Sustainable Agriculture Important?

Sustainable agriculture focuses on meeting the needs of the present without compromising the ability of future generations to produce food. 

It promotes practices that maintain soil health, conserve water, and reduce pollution – all while increasing productivity.

With the increasing threat of climate change, soil degradation, and water pollution, the need for sustainable farming methods has never been greater.

Contact Us Today to get your BTNL Organic Fertilizer 
Call or whatsapp us on 08183524505
Visit us at 15B Kasumu Street Shangisha Magodo Lagos 

#OrganicFertilizer #SustainableFarming #BiofillTechnologies #WasteToWealth #SoilHealth #EcoFriendlyFarming #circulareconomy
#wastetowealth #lagos #Nigeria #agriculture","#OrganicFertilizer,#SustainableFarming,#BiofillTechnologies,#WasteToWealth,#SoilHealth,#EcoFriendlyFarming,#circulareconomy,#wastetowealth,#lagos,#Nigeria,#agriculture",10,,2025-03-04T07:36:53.000Z,31 w
https://www.instagram.com/p/CGkaxq_AKAD/,organicfertilizer,https://www.instagram.com/ray_krris/,ray_krris,"ONION AND GARLIC FERTILIZER CUM PESTICIDE------

🌾Onion and Garlic skin and peels have antioxidant and antimicrobial properties and contain many useful substances like sulphur, magnesium,sodium,calcium,quercetin, Potassium, phosphorus, zinc, iron, iodine, vitamins, pectins, saponins, flavonoids and so on🌾

🌾Don't throw away the onion and garlic skins and peels, use them wisely by turning them into organic fertilizer cum pesticide for all your plants(both indoor and outdoor). Using this will increase their disease resistance, boost their growth, develop strong stem, maximized their productivity and control pests🌾

🌾The natural repellent nature of garlic nakes it a perfect tool for Keeping pests off plant. Sulphur plays the vital role in controlling pests and the smell that garlic Creates compels the pests move away from the plant🌾
 🌾On the other hand, onion is rich in NPK and it helps to fertile the soil and boost productivity🌾
 
🟡 IN THIS DRINK, I have used ORANGE SKIN because many plants like chili, radish etc need acidic soil. So orange skins will help in this regard plus it will also control pest as a whole🟡

🔴HOW TO MAKE THIS MIRACLE DRINK FOR THE PLANT⬇️

🟣Take some onion and garlic peels and skin, add in 1litre of water and allow it to soak for 24hrs.
After 24hrs, strain out the liquid and use it as a liquid fertilizer cum pesticide🟣

💚To Apply as fertilizer, you can use it without dilution or with further dilution of 1:1 I water if you regularly fertilize your plants. Use it once in 15days to see the effect in about 3 months💚

💚To Apply as pesticides, use it in 1:5 dilution in water. That is to 1 cup of this pesticides & add 5 cups of water. Most importantly don't forget to add 10 drops of liquid detergent soap for the surfactant effect and to coat the leaves and retain the pesticides effect for longer time. Use this twice weekly until all pests are eradicated💚
🔴This will successfully kill common pests like aphids, mealy bugs, whiteflies and many others🔴

#onionpeelfertilizer #garlicpesticide #fertilizer #organicfertilizer  #organicpesticide #chemicalfree #homemade #pestcontrol #helpful #JusFarm13 #works #healthyplants #fertilesoil","#onionpeelfertilizer,#garlicpesticide,#fertilizer,#organicfertilizer,#organicpesticide,#chemicalfree,#homemade,#pestcontrol,#helpful,#JusFarm13,#works,#healthyplants,#fertilesoil",198,,2020-10-20T14:40:29.000Z,259 w
https://www.instagram.com/p/DOtKdKPEyEH/,organicfertilizer,https://www.instagram.com/orgenik_kheti/,orgenik_kheti,"🌾 Organic Farming Enthusiast | ઓર્ગેનિક ફાર્મિંગ પ્રેમી 
♻️ Organic Fertilizer | Vermicompost | Biofertilizer 
🌱 Sustainable Agriculture & Natural Farming 
📍 India 🇮🇳 | #OrganicFarming #OrganicFertilizer 
📩 DM for Collaboration & Farming Tips

#organicfertilizer #organicfarming #vermicompost  #composting #organicmanure #biofertilizer #compost
#organicfarmingindia #zerowastefarming #naturalFertilizer

Follow the ઓર્ગેનિક ખેતી channel on WhatsApp: https://whatsapp.com/channel/0029VbBGeMnK0IBgmMzDIf41","#OrganicFarming,#OrganicFertilizer,#organicfertilizer,#organicfarming,#vermicompost,#composting,#organicmanure,#biofertilizer,#compost,#organicfarmingindia,#zerowastefarming,#naturalFertilizer",553,,2025-09-17T13:51:25.000Z,3 w
https://www.instagram.com/p/DNieCcXIrUD/,organicfertilizer,https://www.instagram.com/thewalnutfund/,thewalnutfund,"Phase II at Panonija plantation is underway. 💚

The harvest is behind us, and we are now preparing the land for the next big step - December/January planting (depending on the weather). 🌾

Organic fertilizer is on its way and will soon be distributed across the fields. After that, we will begin soil ripping, followed by deep plowing, and finally, drilling the holes for our new saplings. 🌳

Plan set. Work started. Winter planting ahead.

Stay tuned for more interesting updates, and let’s keep growing together.

#thewalnutfund #agriculture #landpreparation #fertilizer #agricultureworldwide #passiveincome #deepplowing #soilripping #organicfertilizer #passiveincomestream #longterminvestment #walnutplantation #longterminvesting #alternativeinvestment #retirement #walnuttrees #alternativeinvesting #passiveincomeonline #walnuttree #investmentopportunity #saladfund #walnuts","#thewalnutfund,#agriculture,#landpreparation,#fertilizer,#agricultureworldwide,#passiveincome,#deepplowing,#soilripping,#organicfertilizer,#passiveincomestream,#longterminvestment,#walnutplantation,#longterminvesting,#alternativeinvestment,#retirement,#walnuttrees,#alternativeinvesting,#passiveincomeonline,#walnuttree,#investmentopportunity,#saladfund,#walnuts",110,,2025-08-19T14:18:52.000Z,7 w
https://www.instagram.com/p/DIhf7bOvmT6/,organicfertilizer,https://www.instagram.com/alphaoneinc/,alphaoneinc,"🌱 Synthetic vs Organic Fertilizer – What’s Really Going Into Your Lawn?

Not all fertilizers are created equal—and what you apply to your lawn doesn’t just disappear.

Here’s the truth:

❌ Synthetic fertilizers often rely on petroleum-based ingredients, harsh chemicals, and quick-release formulas. They can:

🔴Burn your grass if overused

🔴Harm beneficial microbes in your soil

🔴Leach into water systems after rain

🔴Leave behind residues not safe for kids or pets

✅ Organic-based fertilizers—like Alpha One—feed your lawn and the soil it grows in.

🟢Made from natural ingredients

🟢Supports long-term soil health

🟢Safe for your family, pets, and the environment

🟢Gentle, steady release = no risk of overfeeding or burning

🌍 When you choose organic-based, you’re not just growing a greener landscape— you’re making a healthier space for everyone who walks, rolls, plays, or lives on it.

Have questions? Drop us a DM or comment - let's chat! 

#organicfertilizer #syntheticvsorganic #goorganic #healthysoil #greenyard #ecofriendly #organicliving #kidsafe #petsafe #madeinusa #madeincolorado #lawngoals #landscape #grass #springgardening #spring #fertilizer #garden #gardening #alphaonefertilizer","#organicfertilizer,#syntheticvsorganic,#goorganic,#healthysoil,#greenyard,#ecofriendly,#organicliving,#kidsafe,#petsafe,#madeinusa,#madeincolorado,#lawngoals,#landscape,#grass,#springgardening,#spring,#fertilizer,#garden,#gardening,#alphaonefertilizer",8,,2025-04-16T22:01:29.000Z,25 w
https://www.instagram.com/p/DOdxBLxgpgy/,organicfertilizer,https://www.instagram.com/mkulima_mbunifu/,mkulima_mbunifu,"Healthy food starts from the farm
Organic fertilizer from @ksm_organic is the key to health and nature:
- Enriches the soil 
- Protects crops by chasing harmful pests
- Acts as a natural booster for plant growth 
- Keeps both the farmer and consumer healthy 

 ""Works perfectly in flower gardens, fruit trees, and vegetables""

With sustainable farming, we grow health, better nutrition, and a brighter future

 ""Kilimo rahisi bila kemikali inawezekana LIMA NA KSM""

#HealthyLiving #OrganicFertilizer #SustainableFarming #KSM #EatClean","#HealthyLiving,#OrganicFertilizer,#SustainableFarming,#KSM,#EatClean",28,,2025-09-11T14:27:41.000Z,3 w
https://www.instagram.com/p/BmRDBEOHXmp/,organicfertilizer,https://www.instagram.com/biocareindia/,biocareindia,"Organic fertilizer make up soil deficiencies so that plants can grow in nutrient rich environment.
#Biocare #OrganicFertilizer #OrganicFarming","#Biocare,#OrganicFertilizer,#OrganicFarming",133,,2018-08-09T17:22:41.000Z,373 w
https://www.instagram.com/p/DDuEIULsZyj/,organicfertilizer,https://www.instagram.com/stanesofficial/,stanesofficial,"Apoorvam is a 6-in-1 organic fertilizer containing pressmud, bio fertilizer, lignite ash, bio-control agents, azolla, and vermicompost. It improves soil texture, structure, and water holding capacity. Suitable for all types of soil.
‌
Learn more at www.tstanes.com
Follow us on Social Media to Stay updated about new arrivals.
‌
#OrganicFertilizer #SoilImprovement #EcoFriendly #CropProductivity","#OrganicFertilizer,#SoilImprovement,#EcoFriendly,#CropProductivity",19,,2024-12-18T12:30:02.000Z,42 w
https://www.instagram.com/p/DOY1d5wD2BR/,organicfertilizer,https://www.instagram.com/guanoboostae/,guanoboostae,"🌿💚 Special Combo Offer – Guanoboost Fertilizer + Sprayer! 💚🌿

👉 Order Now:
✅ 1 ltr & 5 ltr with Sprayer : https://www.amazon.ae/dp/B0FGJCZCGT?th=1
✅ 500ml: https://www.amazon.ae/dp/B0FGJ8Y4QW

Give your plants the boost they deserve with our Guanoboost Organic Fertilizer:

✨ 1L + Sprayer
✨ 5L + Sprayer

✅ Revives soil naturally
✅ Promotes healthy root growth
✅ Perfect for indoor & outdoor plants
✅ Easy application with included sprayer

🎉 Grab this combo today at Al Falaj Gardens! Don’t miss out on healthier, greener plants!

📞 Contact: +971 58 110 1177
🌐 Visit: https://falajgarden.com/product-category/fertilizers-manures/organic-fertilizers-manures/

#Guanoboost #guanoboostliquid  #guanoboostfertilizer #guanoboost1ltr #fertilizersprayer #OrganicFertilizerUAE #FalajGarden #PlantCare #fertilizer #organicfertilizer #fertilizerUAE #UAEorganicfertilizers #SoilReviver #soilbooster #soilgrowthfertilizer #RootBooster #GardenLoversUAE #FertilizerOffer #GreenhouseFarming #HomeGardeningUAE #HydroponicFarming #OrganicFarmingUAE #FarmersUAE #AgriculturalEquipment #GardenToolsUAE #PlantCareUAE","#Guanoboost,#guanoboostliquid,#guanoboostfertilizer,#guanoboost1ltr,#fertilizersprayer,#OrganicFertilizerUAE,#FalajGarden,#PlantCare,#fertilizer,#organicfertilizer,#fertilizerUAE,#UAEorganicfertilizers,#SoilReviver,#soilbooster,#soilgrowthfertilizer,#RootBooster,#GardenLoversUAE,#FertilizerOffer,#GreenhouseFarming,#HomeGardeningUAE,#HydroponicFarming,#OrganicFarmingUAE,#FarmersUAE,#AgriculturalEquipment,#GardenToolsUAE,#PlantCareUAE",6,,2025-09-09T16:23:13.000Z,4 w
https://www.instagram.com/p/DCYiWiwptrB/,organicfertilizer,https://www.instagram.com/agrosempire/,agrosempire,"🐔💩 The Journey of NexGrow Organic Fertilizer 🌱✨

NexGrow, our high quality premium organic fertilizer undergo a careful packaging process to ensure they reach you fresh and potent. Here's a glimpse into the journey: 💯

🌱 Quality Control: Rigorous testing ensures the fertilizer meets organic standards and is free from harmful chemicals.
🌱 Drying and Milling: The fertilizer is dried and milled to a consistent size and texture.
🌱 Packaging: The fertilizer is carefully packaged in high quality 40kg bag.
🌱 Labeling: Each package is clearly labeled with product information & usage instructions.
🌱 Storage and Transportation: The packaged fertilizer is stored in a cool, dry place and transported to distribution centers.

By choosing NexGrow Organic Fertilizer, you're not only nourishing your plants but also contributing to a healthier planet. 🌱♻️

#NexGrow
#OrganicFertilizer
#AgrosEmpire
#EmbracingTechnologyEmpoweringAgriculture
#Collaboration 
#Agriculture
#OrganicFarming 
#ChickenDung
#FarmManagement
#EcoFriendly 
#InnovationInAgriculture
#ResearchAndDevelopment 
#SustainableAgriculture 
#Innovation #Science
#QualityControl
#SoilHealth
#NutrientManagement
#DirtyDangerousDemeaning
#ShitBoys
#Malaysia

#BioTerraSolutions
#PioneeringSustainability","#NexGrow,#OrganicFertilizer,#AgrosEmpire,#EmbracingTechnologyEmpoweringAgriculture,#Collaboration,#Agriculture,#OrganicFarming,#ChickenDung,#FarmManagement,#EcoFriendly,#InnovationInAgriculture,#ResearchAndDevelopment,#SustainableAgriculture,#Innovation,#Science,#QualityControl,#SoilHealth,#NutrientManagement,#DirtyDangerousDemeaning,#ShitBoys,#Malaysia,#BioTerraSolutions,#PioneeringSustainability",4,,2024-11-15T07:19:27.000Z,46 w
https://www.instagram.com/p/CD5dGVZHZ60/,organicfertilizer,https://www.instagram.com/lead_sonson/,lead_sonson,"Cabbage plant use Eco Farming fertilizer 

Ready to order... The Best organic fertilizer,, [ 100% made from organic ] *
*
*Main composition ECO FARMING
-Macro Nutrients ( N , P , K )
-Secondary Nutrients (  S , Ca , Mg )
-Micro Nutrients ( Cl , mb , Fe , Cu , Zb , B , Mo ) *
*
*ECO FARMING FERTILIZER work for *
-Reducing production cost
-Speed up the harvest period
-Make plant immunity stronger
-Increase soil nutrients
-Maximize crop yields
-Improve the quality of the corp

Ist time to become a smarter farmer  by using ECO FARMING

For more information and booking please contact me below:

Rony Gunawan

WhatsApp: +628112046868
Email: Mr.sonson88@gmail.com
Office: Grand surapati core Blok B9-10.B23-25 Jl.PH.H Mustofa No.39 Bandung Indonesia 40192

#farming #farminglife #fertilizer #fertilize #organic #organicfertilizer #fertilizers #pupukorganik #agriculture #agriculturelife #agricultura #agriculture_global #agricultureworldwide #agricultureworld #agricultureeducation #agricultureaustralia #australianagriculture #fruitfarm #ricefarming #vegetablegrower #agriculturetechnology #ecofarming","#farming,#farminglife,#fertilizer,#fertilize,#organic,#organicfertilizer,#fertilizers,#pupukorganik,#agriculture,#agriculturelife,#agricultura,#agriculture_global,#agricultureworldwide,#agricultureworld,#agricultureeducation,#agricultureaustralia,#australianagriculture,#fruitfarm,#ricefarming,#vegetablegrower,#agriculturetechnology,#ecofarming",,,2020-08-15T05:11:23.000Z,268 w
https://www.instagram.com/p/DPjF27fjY5n/,organicfertilizer,https://www.instagram.com/aindhinai_donkey_business/,aindhinai_donkey_business,"Celebrate love light & happiness this Diwali

Amirthakaraisal
Organic Fertilizer

UP TO
50%
OFF
ON YOUR FIRST PURCHASE

shop now
+91 9865181972
www.aindhinai.com

#DiwaliHappiness #LoveLightAndJoy #Amirthakaraisal #OrganicFertilizer #NaturalFarming #GreenDiwali #HealthyHarvest #EcoFriendlyFarming #FarmersChoice #SoilHealthMatters #FirstPurchaseOffer #ShopAndSave","#DiwaliHappiness,#LoveLightAndJoy,#Amirthakaraisal,#OrganicFertilizer,#NaturalFarming,#GreenDiwali,#HealthyHarvest,#EcoFriendlyFarming,#FarmersChoice,#SoilHealthMatters,#FirstPurchaseOffer,#ShopAndSave",,,2025-10-08T12:30:14.000Z,22 h
https://www.instagram.com/p/DNn18w1T3fP/,organicfertilizer,https://www.instagram.com/sultan_alkhzaimy/,sultan_alkhzaimy,مصنع آل يزرب للسماد العضوية Al Yazreb Organic Fertilizer Factory / mix manure cow and chicken #viralpost❤️ #viralpage #viralaccoun #unitedarabemirates🇦🇪 #alain_city #aldhaid #ajman #duabi #organic #organicfarming #organicfertilizer #agroorganico #greenfarming #healthysoil #agriculture #greenhouse #tree #date #landscape_captures #landscape,"#viralpost❤️,#viralpage,#viralaccoun,#unitedarabemirates🇦🇪,#alain_city,#aldhaid,#ajman,#duabi,#organic,#organicfarming,#organicfertilizer,#agroorganico,#greenfarming,#healthysoil,#agriculture,#greenhouse,#tree,#date,#landscape_captures,#landscape",2,,2025-08-21T15:44:38.000Z,6 w
https://www.instagram.com/p/C83pEPgOwNM/,organicfertilizer,https://www.instagram.com/philmatto_otis/,philmatto_otis,"Call Us on 0741 466671 to Order Asili Organic Fertilizer Today to Boost Your Farm Production! We Offer Delivery. 🌱🚚
Happy New Month! 
#SustainableFarming 
#OrganicFertilizer 
#HappyNewMonth","#SustainableFarming,#OrganicFertilizer,#HappyNewMonth",3,,2024-07-01T06:06:12.000Z,66 w
https://www.instagram.com/p/DK1gx3DyNDv/,organicfertilizer,https://www.instagram.com/idmagroup/,idmagroup,"🌱 Complete Testing Facility for Organic Fertilizers 🧪
At Idma Laboratories Limited, we ensure quality, safety, and compliance through advanced testing and certification for all your organic fertilizer needs.
📍 Trusted by industry leaders | 🔬 Precision Testing | 🌿 Sustainable Solutions

https://www.labtesting.co.in/ 

#OrganicFertilizer #IdmaLabs #QualityTesting #SustainableFarming #LabTested #FertilizerTesting #AgricultureInnovation #SoilHealth #OrganicFarming #testedbyexperts","#OrganicFertilizer,#IdmaLabs,#QualityTesting,#SustainableFarming,#LabTested,#FertilizerTesting,#AgricultureInnovation,#SoilHealth,#OrganicFarming,#testedbyexperts",6,,2025-06-13T09:38:16.000Z,16 w
https://www.instagram.com/p/DO6DecagSJZ/,organicfertilizer,https://www.instagram.com/_gardener_jay_/,_gardener_jay_,"“Top Organic Fertilizers for Thriving Container Plants 🌱”

“Growing healthy container plants doesn’t have to be complicated! 🌿 Choosing the right fertilizer is key to vibrant, lush growth—even in small pots.

In this carousel, I’m sharing my top organic fertilizer picks that are safe, effective, and perfect for container gardening beginners & enthusiasts alike. From compost teas to slow-release granules, these natural options will keep your plants thriving all year round. 🌸

✨ Save this post for your next planting session!
✨ Tag a friend who loves container gardening!

#containergardening
#organicfertilizer
#urbangardening 
#plantcaretips
#pottedplants 
#growyourownfood🌱 #sustainablegardening 
#indoorplant
#plantlover❤️ 
#gardeningtip
#homegarden 
#ecofriendlygardening #fertilizerforplants 
#greenthumb
#plantparenthood","#containergardening,#organicfertilizer,#urbangardening,#plantcaretips,#pottedplants,#growyourownfood🌱,#sustainablegardening,#indoorplant,#plantlover❤️,#gardeningtip,#homegarden,#ecofriendlygardening,#fertilizerforplants,#greenthumb,#plantparenthood",1,,2025-09-22T14:00:24.000Z,2 w
https://www.instagram.com/p/C8p1OdySSWi/,organicfertilizer,https://www.instagram.com/bluegrasscgy/,bluegrasscgy,"🔹 Evolve Organic Dog Spot Prevent Lawn Fertilizer 

Looking for an effective solution to prevent dog marking spots on your lawn? 
Try Evolve Organic Dog Spot Prevent Lawn Fertilizer! 🌱

This organic fertilizer is perfect for newly seeded and existing lawns. Its unique formula prevents lawn damage from dog markings.

📌 Key Features:

	•	Coverage: Up to 250 sq. ft. of soil surface
	•	Composition: 2-1-1 (Nitrogen-Phosphorus-Potassium)
	•	Weight: 3.5 kg
	•	Application: 3 times a year (early spring, mid-summer, late fall)

💡 Usage Recommendations:

	1.	Spread evenly over the lawn.
	2.	Apply 3 times a year for best results.
	3.	Suitable for all types of lawns.

Don’t let your lawn suffer! 
🌿 Use Evolve Organic Dog Spot Prevent Lawn Fertilizer and enjoy a healthy and beautiful lawn all year round.

#EvolveLawnCare #OrganicFertilizer #HealthyLawn #SpotPrevention #LawnCareTips 🐶🌿","#EvolveLawnCare,#OrganicFertilizer,#HealthyLawn,#SpotPrevention,#LawnCareTips",12,,2024-06-25T21:23:05.000Z,67 w
https://www.instagram.com/p/DGmylr5oTLt/,organicfertilizer,https://www.instagram.com/fhaquatics/,fhaquatics,"Introducing AquaBloom+ Organic Fertilizer – your all-in-one, 100% natural solution to boost plant growth and enhance overall tank health! Crafted with a premium blend of moringa powder, banana peel extract, compost tea, seaweed extract, molasses, and aloe vera gel, AquaBloom+ delivers both macro and micronutrients that stimulate vibrant aquascapes and improve water quality. With a simple dosing of just 5 mL per 20 liters (5 gallons) weekly, maintaining a thriving, eco-friendly aquatic environment has never been easier. Let your aquatic plants flourish and transform your tank into a self-sustaining underwater paradise!

Ready to see your aquatic world thrive? Visit our website or click the link below to get your AquaBloom+ Organic Fertilizer today and nourish your aquarium naturally!
https://fhaquatics.com/product/aquabloom-organic-fertilizer/

#AquaBloomPlus #OrganicFertilizer #AquariumCare #PlantGrowth #EcoFriendly #FHAquatics","#AquaBloomPlus,#OrganicFertilizer,#AquariumCare,#PlantGrowth,#EcoFriendly,#FHAquatics",2,,2025-02-28T06:16:17.000Z,31 w
https://www.instagram.com/p/DE6ZqM0IQFw/,organicfertilizer,https://www.instagram.com/kamainternationalorganic/,kamainternationalorganic,"🌿 Grow Healthy, Thriving Crops with Our Organic Fertilizer! 🌿

Boost your yield and improve soil health with our organic fertilizer. Rich in essential nutrients, it promotes sustainable farming, enhances plant growth, and ensures chemical-free produce.

✅ Benefits:
▪️ Enhances soil fertility
▪️ Increases crop yield and quality
▪️ 100% eco-friendly and safe for the environment

Switch to organic fertilizers for healthier crops and a greener planet. 🌍

🛒 Order Now:
🌐 www.kamaorganic.com
☎️ + 91 7203873669

#Kamaorganic #DrUnitech #DrFungstar #Organicfertilizer  #Liquiedfertilizer #Micronutrients #Biofertilizer #Vermicompost #HealthyPlants","#Kamaorganic,#DrUnitech,#DrFungstar,#Organicfertilizer,#Liquiedfertilizer,#Micronutrients,#Biofertilizer,#Vermicompost,#HealthyPlants",9,,2025-01-17T04:00:27.000Z,37 w
https://www.instagram.com/p/DF-9dkTivE1/,organicfertilizer,https://www.instagram.com/greengrolimited/,greengrolimited,"Go green, grow smart! Don’t miss our organic fertilizer workshop in  partnership with Innovative for Poverty Action( IPA), designed to help farmers like you reduce cost and increase productivity. #greengro #ipa #organicfertilizer #farmerstraining #agriculturedevelopment #agricworkshop","#greengro,#ipa,#organicfertilizer,#farmerstraining,#agriculturedevelopment,#agricworkshop",4,,2025-02-12T19:01:40.000Z,34 w
https://www.instagram.com/p/DPjAelqEkRa/,organicfertilizer,https://www.instagram.com/indusorganic/,indusorganic,"Nourish your plants with our Organic Fertilizer:
Boosts plant growth naturally
Enriches soil health
Produces chemical-free blooms 🌿

Go green, go organic! 🌸 #OrganicFertilizer #PlantCare #SustainableLiving #GreenThumb #indusorganic #biofertilizers #gardeningideas #organicfertilizers #organicfarmingpractices #organicfarmingindia #organicproducts","#OrganicFertilizer,#PlantCare,#SustainableLiving,#GreenThumb,#indusorganic,#biofertilizers,#gardeningideas,#organicfertilizers,#organicfarmingpractices,#organicfarmingindia,#organicproducts",,,2025-10-08T11:43:13.000Z,23 h
https://www.instagram.com/p/DPNxqg5jSbV/,organicfertilizer,https://www.instagram.com/homesevaagro.in/,homesevaagro.in,"कांदा पिकामध्ये मर रोगावर प्रभावी नियंत्रण.

[Vam Pro Max, Ultra BPT, Biofertilizer, Organic Fertilizer, Agriculture, Organic Farming , Homeseva Agro]

#biofertilizer #organicfarming #sustainableagriculture #greenfarming #soilhealth #organicfertilizer #ecofriendlyfarming #naturalgrowth #bioproducts #groworganic #sustainablesolutions #healthysoil #organicgrowth #farmnaturally #agricultureinnovation #biotechfarming #environmentfriendly #naturalnourishment #futurefarming","#biofertilizer,#organicfarming,#sustainableagriculture,#greenfarming,#soilhealth,#organicfertilizer,#ecofriendlyfarming,#naturalgrowth,#bioproducts,#groworganic,#sustainablesolutions,#healthysoil,#organicgrowth,#farmnaturally,#agricultureinnovation,#biotechfarming,#environmentfriendly,#naturalnourishment,#futurefarming",12,,2025-09-30T05:49:44.000Z,1 w
https://www.instagram.com/p/DLxfjmatj8D/,organicfertilizer,https://www.instagram.com/growgreen.organics/,growgreen.organics,"Black Soldier Fly (BSF) frass is a unique and powerful organic fertilizer with several features that set it apart from traditional compost or manure-based fertilizers. Here are the unique features of why you should use BSF frass:

1. Rich in Nutrients
High in nitrogen, phosphorus, and potassium (NPK): While exact values vary, BSF frass typically contains a good balance of essential plant nutrients. Also contains micronutrients like calcium, magnesium, and sulfur.

2. Contains Beneficial Microbes
BSF frass is known to contain beneficial soil microbes, especially Bacillus and Actinomycetes, which improve:
Soil health, Nutrient uptake, Plant growth. These microbes can also help suppress soil-borne diseases.

3. Contains Chitin
One of its most unique features is the presence of chitin from insect exoskeletons. Chitin promotes plant immunity by stimulating plants to activate natural defense mechanisms. It also repels certain pests and pathogens, helping reduce the need for chemical pesticides.

4. Improves Soil Structure
BSF frass improves soil aeration and water retention. Enhances microbial activity and organic matter content, making the soil more fertile over time.

5. Odorless and Safe
Unlike raw manure, BSF frass has low odor, making it user-friendly. It’s also safer due to the BSF larvae's ability to destroy harmful pathogens during digestion.

 6. Environmentally Friendly
BSF frass is a zero-waste byproduct of the larvae-rearing process. Helps recycle organic waste efficiently into valuable fertilizer. Reduces the need for synthetic fertilizers, lowering environmental impact.

 7. Fast Nutrient Release
Compared to some composts, BSF frass tends to have a faster nutrient release, especially nitrogen, which is good for quick plant growth—yet it's still slower than synthetic fertilizers, so less risk of burning plants.

8. Versatile Usage
Can be used in: Gardens, Lawns, Potted plant

Grow Faster. Earn More. 
#bsflarvae#bsffrass#organicfertilizer#greenbusiness#","#bsflarvae,#bsffrass,#organicfertilizer,#greenbusiness",2,,2025-07-06T16:38:35.000Z,13 w
https://www.instagram.com/p/DDpPk9tIT24/,organicfertilizer,https://www.instagram.com/viral_savaliya_444/,viral_savaliya_444,"👉 Seedica Organic Fertilizer (Surat) 🌱

#seedicaorganicfertilizersurat #fertilizer #organicfertilizer #orgenic #organicfarmer #rasayanikkheti #rasayanik #agricultureproducts #agriculturelifenew #agrinews #agripost #krushimahiti #krushinews #khedutputragujarati #sagarkhedutputra10 #kisan #khedut #viralsavaliya #trending #viralpost #gujarati #kathiyavadi #surati 

ખેડૂત છે, તો જગત છે. 👳🌳🌱🐄🐂🚜🇮🇳","#seedicaorganicfertilizersurat,#fertilizer,#organicfertilizer,#orgenic,#organicfarmer,#rasayanikkheti,#rasayanik,#agricultureproducts,#agriculturelifenew,#agrinews,#agripost,#krushimahiti,#krushinews,#khedutputragujarati,#sagarkhedutputra10,#kisan,#khedut,#viralsavaliya,#trending,#viralpost,#gujarati,#kathiyavadi,#surati",215,,2024-12-16T17:44:34.000Z,42 w
https://www.instagram.com/p/CGo96PgAs-W/,organicfertilizer,https://www.instagram.com/edenic_green/,edenic_green,"Compost is organic material that can be added to soil to help plants grow. Food scraps and garden waste together currently make up more than 28% of what we throw away, and should be composted instead. Making compost keeps these materials out of landfills where they take up space and release methane, a potent greenhouse gas. 

Composting is very beneficial as it :

Enriches soil, helping retain moisture and suppress plant diseases and pests.

Reduces the need for chemical fertilizers.

Encourages the production of beneficial bacteria and fungi that break down organic matter to create humus, a rich nutrient-filled material.

Reduces methane emissions from landfills and lowers your carbon footprint.
 
Composting organisms require 4 conditions to create compost:

∆ Carbon that comes from brown organic matter like dried leaves and grasses 
sawdust, paper,twigs etc

∆  Nitrogen that comes from fruit and vegetable waste, tea, coffee grounds

∆ Oxygen which comes from proper aeration

∆  And moisture in right amounts

5 easy steps to compost your kitchen & garden waste :

1. Separate your edible kitchen waste (vegetable peels, fruit peels, and dry organic matter (dried leaves, sawdust),twigs in a small container

2. Take a large earthen pot  and drill holes around the container for proper aeration

4. Fill the bottom with a layer of soil and
 start adding food waste in layers alternating wet waste (food scraps, vegetable and fruit peels) with dry waste (straw, sawdust, dried leaves), and add some organic fertilizer or compost from the previous batch to speed up the decomposition process and cover this container with a wooden plank to keep it moist.

5.After every few days, give the pile a quick turn to provide aeration.
Within 30-45 days your pile will be ready to be used, with time and a little patience you can make your own pot of black gold for your green friends..🙂

  Happy gardening....🌿

#compost #composting 
#reducecarbonfootprint 
#avoidfoodwaste
#organicfarming
#reducereuserecycle
#homemadecompost 
#reducemethane 
#homemadecompost 
#growyourownfood 
#organicfertilizer
#blackgold #edenic_green 
#cleanenvironment","#compost,#composting,#reducecarbonfootprint,#avoidfoodwaste,#organicfarming,#reducereuserecycle,#homemadecompost,#reducemethane,#homemadecompost,#growyourownfood,#organicfertilizer,#blackgold,#edenic_green,#cleanenvironment",,,2020-10-22T09:58:30.000Z,259 w
https://www.instagram.com/p/DLonrYBCzIw/,organicfertilizer,https://www.instagram.com/naturecarefertilizers/,naturecarefertilizers,"Real plants. Real results. Real happy customers.
Nothing makes us prouder than seeing your plants thrive — all thanks to Nature Care Organic Fertilizer. 💚

Have you experienced the magic yet? 🌸 Drop a 🌱 if your plants love it too!

You can order Nature Care Fertilizers products for home delivery - https://naturecarefertilizers.com/

For more information, contact: Nature Care Fertilizers Pvt. Ltd.
9272178826 / 9881584160

#fertilizer #organicfertilizer #organic_fertilizer #fertilizerorganic #fertilizers #organicfertilizers #naturalfertilizer #gardeninghacks #indoorplants #gardencare #gardeningtips #gardendiys #organicgraden #organicfarming

[fertilizerorganic, fertilizers, natural fertilizer gardening hacks, indoorplants, garden care, gardening tips, garden diys]","#fertilizer,#organicfertilizer,#organic_fertilizer,#fertilizerorganic,#fertilizers,#organicfertilizers,#naturalfertilizer,#gardeninghacks,#indoorplants,#gardencare,#gardeningtips,#gardendiys,#organicgraden,#organicfarming",9,,2025-07-03T05:56:25.000Z,14 w
https://www.instagram.com/p/DOvM1OlDFT_/,organicfertilizer,https://www.instagram.com/orgenik_kheti/,orgenik_kheti,"🌾 Organic Farming Enthusiast | ઓર્ગેનિક ફાર્મિંગ પ્રેમી 
♻️ Organic Fertilizer | Vermicompost | Biofertilizer 
🌱 Sustainable Agriculture & Natural Farming 
📍 India 🇮🇳 | #OrganicFarming #OrganicFertilizer 
📩 DM for Collaboration & Farming Tips

#organicfertilizer #organicfarming #vermicompost  #composting #organicmanure #biofertilizer #compost
#organicfarmingindia #zerowastefarming #naturalFertilizer

Follow the ઓર્ગેનિક ખેતી channel on WhatsApp: https://whatsapp.com/channel/0029VbBGeMnK0IBgmMzDIf41","#OrganicFarming,#OrganicFertilizer,#organicfertilizer,#organicfarming,#vermicompost,#composting,#organicmanure,#biofertilizer,#compost,#organicfarmingindia,#zerowastefarming,#naturalFertilizer",118,,2025-09-18T08:50:39.000Z,3 w
https://www.instagram.com/p/DDMcNMXscwQ/,organicfertilizer,https://www.instagram.com/fabenigeriafoundation/,fabenigeriafoundation,"Organic farming is a sustainable approach to agriculture that prioritizes environmental health and the well-being of farmers and consumers. 

It avoids synthetic fertilizers, pesticides, and GMOs, focusing on natural methods for crop cultivation and livestock raising. 

Key principles of organic farming include
soil health, biodiversity, sustainable practices, natural pest control, and animal welfare. Benefits of organic farming include environmental protection, healthier food, economic opportunities, and climate resilience. 

Organic fertilizer plays a vital role in providing nutrients for healthy plant growth without harming the environment.

 BioFIL Technologies Nigeria Limited offers eco-friendly organic fertilizer that improves soil health and promotes sustainability. 

Choose BIOFIL Organic Fertilizer for sustainable production, proven effectiveness, and a greener planet.

Contact Us on +2348183524595
Visit our office at 15B Kasumu Street , Shangisha Magodo, Lagos 
Or Email Us at info@btnlnigeria.com

#btnlnigeria #organicfarming #organicfertilizer
#sustainability #wastemanagement
#ecofriendly #greenerfuture #healthyfood 
#lagosnigeria #SDGs #sustainableagriculture","#btnlnigeria,#organicfarming,#organicfertilizer,#sustainability,#wastemanagement,#ecofriendly,#greenerfuture,#healthyfood,#lagosnigeria,#SDGs,#sustainableagriculture",6,,2024-12-05T11:06:15.000Z,44 w
https://www.instagram.com/p/CIsntEKHJii/,organicfertilizer,https://www.instagram.com/creativegarden_nursery/,creativegarden_nursery,"VERMICOMPOST. Most common and good Organic Fertilizer for your garden.
#vermicompost #bonemeal #fertilizer #organic #organicfertilizer #KitchenGarden #gardening #vegetablegarden #GardeningClubOfAssam 
To order DM/ Call or whatsapp at 9577919482","#vermicompost,#bonemeal,#fertilizer,#organic,#organicfertilizer,#KitchenGarden,#gardening,#vegetablegarden,#GardeningClubOfAssam",17,,2020-12-12T12:10:10.000Z,251 w
https://www.instagram.com/p/CE5wyG1n9oj/,organicfertilizer,https://www.instagram.com/lead_sonson/,lead_sonson,"peanuts Plant Use ECO FARMING fertilizer

Ready to order... The Best organic fertilizer,, [ 100% made from organic ] *
*
*ECO FARMING FERTILIZER work for* -Reducing production cost
-Speed up the harvest period
-Make plant immunity stronger
-Increase soil nutrients
-Maximize crop yields
-Improve the quality of the corp

Ist time to become a smarter farmer  by using ECO FARMING

For more information and booking please contact me below:

Rony Gunawan

WhatsApp: +628112046868
Email: Mr.sonson88@gmail.com
Office: Grand surapati core Blok B9-10.B23-25 Jl.PH.H Mustofa No.39 Bandung Indonesia 40192

#farming #farminglife #fertilizer #fertilize #organic #organicfertilizer #fertilizers #pupukorganik #agriculture #agriculturelife #agricultura #agriculture_global #agricultureworldwide #agricultureworld #agricultureeducation #agricultureaustralia #australianagriculture #fruitfarm #ricefarming #vegetablegrower #agriculturetechnology #ecofarming","#farming,#farminglife,#fertilizer,#fertilize,#organic,#organicfertilizer,#fertilizers,#pupukorganik,#agriculture,#agriculturelife,#agricultura,#agriculture_global,#agricultureworldwide,#agricultureworld,#agricultureeducation,#agricultureaustralia,#australianagriculture,#fruitfarm,#ricefarming,#vegetablegrower,#agriculturetechnology,#ecofarming",,,2020-09-09T04:38:28.000Z,265 w
https://www.instagram.com/p/DOAnCGjkkQE/,organicfertilizer,https://www.instagram.com/veluruthejovathi7/,veluruthejovathi7,"Participated in an organic fertilizer awareness program with farmers in the fields with the aim of protecting Mother Earth and Mother Cows...#savearth
#SaveGoMata
#saveearth
#organicfertilizer
#organicfood
#organicdairy
#SaveEarthSaveNature
#savehumans
#gomata
#bhumata
#socialserviceofindia
#urthejovathi
#amthejovathi
#everyoneシ゚
#hilightsシ゚
#SaveNatureSaveEarth
#fellowers
#amhunan
@highlight
People
Thejovathi Veluru
Theja Charitable Trust
HiLights Group
Hilight
Following
Thejovathi Veluru
Friends","#savearth,#SaveGoMata,#saveearth,#organicfertilizer,#organicfood,#organicdairy,#SaveEarthSaveNature,#savehumans,#gomata,#bhumata,#socialserviceofindia,#urthejovathi,#amthejovathi,#everyoneシ゚,#hilightsシ゚,#SaveNatureSaveEarth,#fellowers,#amhunan",1,,2025-08-31T06:35:18.000Z,5 w
https://www.instagram.com/p/DPYzNHCEbmJ/,organicfertilizer,https://www.instagram.com/bioficsorganics/,bioficsorganics,"Your plants have a to-do list too! 
Swipe to see what your greens need this October 🌿
Let’s grow happier, healthier plants together — naturally with Biofics Organics

[Organic fertilizer, Plant lover, Plant growth, Fertilizer, Organic, Hassle free, Easy to use, Plant parent, Amazon, Amazon finds]

#bioficsorganics #organicfertilizer #plantcaretips #indoorplant #outdoorplant #indianplantgang #plantlovers #gardengoals #plants #october","#bioficsorganics,#organicfertilizer,#plantcaretips,#indoorplant,#outdoorplant,#indianplantgang,#plantlovers,#gardengoals,#plants,#october",13,,2025-10-04T12:34:50.000Z,4 d
https://www.instagram.com/p/DPB9xwijGZ5/,organicfertilizer,https://www.instagram.com/vivaorganicabw/,vivaorganicabw,"Young Farmers, Big Results: Regent School’s Organic Discovery

🌿 Still relying on synthetic fertilizers for your crops?

Many farmers turn to chemical options like NPK (Nitrogen, Phosphorus, Potassium), believing they give the best results, but is that really true?

In a recent agriculture project, two students from Regent School put it to the test—comparing Bio Brew Organic Fertilizer with NPK chemical fertilizer on maize crops and both were applied once a week.

The difference was hard to ignore: 
👉 NB: The maize on the left was treated with Bio Brew, and the maize on the right was treated with NPK.

✅ Maize treated with Bio Brew had deep green leaves, rapid growth, and strong, thick stems.

❌ Maize treated with NPK looked pale, grew slowly, and had weaker stems.

This simple but powerful experiment showed that Bio Brew isn’t just a natural alternative—it’s a better one. 

It helps promote:
• Healthier, stronger crops
• Improved soil fertility
• A more sustainable, chemical-free future

Bio Brew proves that going organic doesn’t mean compromising on results—it means farming smarter.

💪 Better yields. Healthier soil. Cleaner farming.

#BioBrew #IGCSEAgriculture #SustainableFarming #OrganicFertilizer #NPKvsOrganic #FarmSmart #GrowGreen #StudentInnovation #FutureOfFarming #VivaOrganica #NourishEatGrow","#BioBrew,#IGCSEAgriculture,#SustainableFarming,#OrganicFertilizer,#NPKvsOrganic,#FarmSmart,#GrowGreen,#StudentInnovation,#FutureOfFarming,#VivaOrganica,#NourishEatGrow",1,,2025-09-25T15:44:41.000Z,1 w
https://www.instagram.com/p/DFbjWrntZ5w/,organicfertilizer,https://www.instagram.com/rootedplantco/,rootedplantco,"Did you know proper fertilization is key to keeping your plants healthy, vibrant, and thriving all year long? With a high-quality, organic fertilizer like @joyfuldirtorganics , you can give your plants the nutrients they crave without worrying about root or leaf burn.

Why Fertilize?
- Encourages lush growth and vibrant leaves 
- Supports flowering and new growth 
- Boosts overall plant health and resilience 
- Strengthens plants to better defend against pests and fungal issues 

The Best Part? Organic fertilizers like Joyful Dirt are gentle enough for year-round use, so your plants can thrive no matter the season. Simply sprinkle it on the soil or mix it with water for a quick nutrient boost!

Healthy plants aren’t just beautiful—they’re stronger and more resistant to common problems. Keep your green babies happy and protected—grab your Joyful Dirt Houseplant or Succulent Plant Food today! 

#RootedPlantCo #PlantCareTips #FertilizeYourPlants #JoyfulDirt #HealthyPlantsHappyLife #PlantParenting #HouseplantCare #SucculentCare #OrganicFertilizer #ThrivingPlants","#RootedPlantCo,#PlantCareTips,#FertilizeYourPlants,#JoyfulDirt,#HealthyPlantsHappyLife,#PlantParenting,#HouseplantCare,#SucculentCare,#OrganicFertilizer,#ThrivingPlants",8,,2025-01-30T01:00:06.000Z,36 w
https://www.instagram.com/p/DH79cUNtBuo/,organicfertilizer,https://www.instagram.com/probio_carbon/,probio_carbon,"As featured recently on Home Grown RTÉ 1, from our base in Kildare Ireland, probio carbon provides growers with a range of microbes for plant health and enriched carbon products. 

Our organic fertilizer is available via our website at:
https://www.probiocarbon.ie/

#planthealth #naturalfertilizer #organicgarden #organicproducts #organicfertilizer #fertilizer #organicgardening #probiocarbon #plantgrowth #soilfertilizer #ecofriendlygardening #gardenlove #bonsai #bonsailife #bonsaiworld #bonsailovers #bonsaitree #bonsailove #bonsaiart #bonsaiinspiration #bonsaipassion","#planthealth,#naturalfertilizer,#organicgarden,#organicproducts,#organicfertilizer,#fertilizer,#organicgardening,#probiocarbon,#plantgrowth,#soilfertilizer,#ecofriendlygardening,#gardenlove,#bonsai,#bonsailife,#bonsaiworld,#bonsailovers,#bonsaitree,#bonsailove,#bonsaiart,#bonsaiinspiration,#bonsaipassion",22,,2025-04-02T08:06:33.000Z,27 w
https://www.instagram.com/p/DPRINLCkfIb/,organicfertilizer,https://www.instagram.com/pehle.jaisa/,pehle.jaisa,"🌱✨ Daily Plant Care Made Easy! ✨🌱
Healthy plants = Happy vibes 🌸💚
Give your greens the love they deserve with a simple daily routine – water, sunlight, and the secret ingredient 👉 Pehle Jaisa Organic Fertilizer! 🌿

✅ 100% Organic & Safe
✅ Boosts Growth Naturally
✅ Keeps Plants Fresh & Healthy

🛒 Available now on @Amazon, @Flipkart & @Meesho.
Bring your plants back to life with Pehle Jaisa! 🌍🌱

#PlantCare #OrganicFertilizer #HealthyPlants #PehleJaisa #GardenLove","#PlantCare,#OrganicFertilizer,#HealthyPlants,#PehleJaisa,#GardenLove",2,,2025-10-01T13:04:26.000Z,1 w
https://www.instagram.com/p/DFb2sOpBEOh/,organicfertilizer,https://www.instagram.com/kamainternationalorganic/,kamainternationalorganic,"🌱 Nurture Your Crops with Our Organic Fertilizer! 🌱

Elevate your farming with our nutrient-rich organic fertilizer, designed to boost soil health and promote healthy, thriving plants. Perfect for sustainable farming, our fertilizer ensures chemical-free, bountiful harvests.

✅ Key Benefits: ▪️ Improves soil quality and fertility
▪️ Maximizes crop yield and quality
▪️ 100% natural and environmentally safe

Go organic for healthier crops and a greener future! 🌿

🛒 Order Now:
🌐 www.kamaorganic.com
☎️ + 91 7203873669

#Kamaorganic #DrUnitech #DrFungstar #Organicfertilizer #Liquiedfertilizer #Micronutrients #Biofertilizer #Vermicompost #Healthyplants #FertilizerInGujarat","#Kamaorganic,#DrUnitech,#DrFungstar,#Organicfertilizer,#Liquiedfertilizer,#Micronutrients,#Biofertilizer,#Vermicompost,#Healthyplants,#FertilizerInGujarat",5,,2025-01-30T03:49:05.000Z,36 w
https://www.instagram.com/p/DPhGN5Pj_kM/,organicfertilizer,https://www.instagram.com/sukhveer_dairy_farm/,sukhveer_dairy_farm,"Sukhveer Dairy Farm लेकर आया है 100% शुद्ध Vermicompost (केंचुआ खाद) – जो गाय और भैंस के गोबर से बना हुआ प्राकृतिक जैविक खाद है।
यह मिट्टी को उपजाऊ बनाता है, पौधों की जड़ों को मजबूत करता है और फसल की गुणवत्ता को कई गुना बढ़ाता है।

✅ 100% Organic & Chemical Free
✅ Suitable for All Crops, Vegetables & Flowers
✅ Improves Soil Structure & Moisture
✅ Bulk & Retail Packaging Available

अगर आप Organic Farming या Home Gardening करते हैं, तो यह आपके लिए सबसे अच्छा विकल्प है।
📍 Bairasar Chhota, Churu (Rajasthan)
📞 Contact: +91 9138539899
💰 ₹15 प्रति किलो | Bulk Discount Available

Vermicompost in Churu | Organic Fertilizer Rajasthan | Natural Compost Supplier | Cow Dung Manure Near Me | Best Vermicompost Dealer | Sukhveer Dairy Farm Organic Products | Eco-friendly Fertilizer India

#SukhveerDairyFarm #Vermicompost #OrganicFertilizer #NaturalCompost #CowDungCompost #OrganicFarmingRajasthan #SoilHealth #EcoFriendlyFarming #ChuruFarm #OrganicManure #DesiKheti","#SukhveerDairyFarm,#Vermicompost,#OrganicFertilizer,#NaturalCompost,#CowDungCompost,#OrganicFarmingRajasthan,#SoilHealth,#EcoFriendlyFarming,#ChuruFarm,#OrganicManure,#DesiKheti",1,,2025-10-07T17:54:54.000Z,1 d
https://www.instagram.com/p/C1_QCjbL7lo/,organicfertilizer,https://www.instagram.com/anandi_greens/,anandi_greens,"Mustard isn't just for hot dogs anymore!  Get your green thumb pumpin' with Anandi Greens' Premium Quality Mustard Cake Powder! It's like a secret superfood for your soil, unleashing a green growth explosion in your garden. 

Here's the dirt on why it's magic:

 ▪ Soil fertility fairy ✨: Packed with nitrogen, phosphorus, and potassium, it gives your soil a nutrient boost, making it happy and healthy (which means happier, healthier plants for you!).

▪ Grow-getter extraordinaire : Give your plants the oomph they need to reach for the sun! Mustard cake powder encourages strong roots and lush, vibrant growth.

▪ Natural pest patrol ️: Say buh-bye to unwanted guests! The spicy oils in mustard cake powder keep pesky critters at bay, naturally. (No harsh chemicals needed!)

▪ Sustainable superhero ♻️: This organic fertilizer is like a love letter to Mother Earth. It improves soil structure and attracts beneficial microbes, all while being gentle on the planet.

Ready to sprinkle some mustard magic on your garden? Grab Anandi Greens' Premium Quality Mustard Cake Powder and watch your greenery go wild!

𝑭𝒐𝒓 𝑴𝒐𝒓𝒆 𝑰𝒏𝒇𝒐𝒓𝒎𝒂𝒕𝒊𝒐𝒏, 𝑪𝒐𝒏𝒕𝒂𝒄𝒕 𝑼𝒔:

☎️ Call Us: +91-99292 26668

🌐 Visit Us: www.anandigreens.com 

#GreenThumbGoals #OrganicFertilizer #GrowYourOwn #AnandiGreens #MustardCakeMagic #HappySoilHappyPlants #SustainableLiving #PestPatrol #GardenLove #BloomingBrilliant","#GreenThumbGoals,#OrganicFertilizer,#GrowYourOwn,#AnandiGreens,#MustardCakeMagic,#HappySoilHappyPlants,#SustainableLiving,#PestPatrol,#GardenLove,#BloomingBrilliant",,,2024-01-12T05:21:41.000Z,90 w
https://www.instagram.com/p/DDzXZDACa52/,organicfertilizer,https://www.instagram.com/asasegyefo/,asasegyefo,"Meet Yvonne Gomado, a fertilizer distributor and true ambassador of @asasegyefo Organic Fertilizer. 

🌱 Fertilizer distributors play an essential role in the promotion and sales of our organic fertilizer, they help us building connections with farming communities in Ghana’s farming regions, enhancing our brand’s credibility among farmers, and serve as ambassadors of Asase Gyefo Organic Fertilizer.

Learn more about Safisana’s relations with distributors, and how they contribute to strengthening our organic fertilizer sales strategy by reading our latest article on the website.

Link in bio!
Or copy:
🔗 https://safisana.org/fertilizer-distributor-yvonne-is-a-truly-passionate-ambassador-of-asase-gyefo

#sustainablefarming #organicfertilizer #ghanafarming #asasegyefo #safisana #distributors #fertilizerdistributors","#sustainablefarming,#organicfertilizer,#ghanafarming,#asasegyefo,#safisana,#distributors,#fertilizerdistributors",10,,2024-12-20T13:54:35.000Z,41 w
https://www.instagram.com/p/Cqav_e6Peks/,organicfertilizer,https://www.instagram.com/jaipurbiofertilizers/,jaipurbiofertilizers,"𝗥𝗮𝗷 𝗞𝗿𝗶𝘀𝗵𝗶 𝗕𝗶𝗼 𝗠𝗮𝗻𝘂𝗿𝗲 - This Organic Fertilizer balances the soil organic carbon in the soil and preserves optimum productivity and soil fertility. It is useful for all types of field crops, vegetable crops and orchards.
.
For further specifications and details, please connect with our team;
.
𝗘𝗺𝗮𝗶𝗹: 𝘀𝗮𝗹𝗲𝘀@𝗷𝗮𝗶𝗽𝘂𝗿𝗯𝗶𝗼𝗳𝗲𝗿𝘁𝗶𝗹𝗶𝘇𝗲𝗿𝘀.𝗰𝗼𝗺
𝗖𝗼𝗻𝘁𝗮𝗰𝘁: +𝟵𝟭 𝟴𝟴𝟳𝟱𝟱𝟱𝟱𝟵𝟲𝟯
.
#fertilizer #agriculture #organic #organicfertilizer #soil #farming #biomanure #nitrogen #phosphorus #potassium #carbon #farm #vegetables #farmer #manure #manure #JBF #jaipurbiofertilizers","#fertilizer,#agriculture,#organic,#organicfertilizer,#soil,#farming,#biomanure,#nitrogen,#phosphorus,#potassium,#carbon,#farm,#vegetables,#farmer,#manure,#manure,#JBF,#jaipurbiofertilizers",10,,2023-03-30T15:23:39.000Z,131 w
https://www.instagram.com/p/CZkoMDRFbAW/,organicfertilizer,https://www.instagram.com/groworganically.tt/,groworganically.tt,"Hey Growers! 🌿

At Grow Organically we want you to grow with the healthy choice of Fertilizer. Gaia Green is devoted to producing the finest quality organic fertilizer and natural soil amendments. 

Here are some advantages of choosing an Organic Fertilizer like Gaia Green. 

DM to order - Delivery Available

#organicfertilizer #trinidadandtobago #shoplocal #organic #soilhealth #growingplants #fertilizer #groworganicallytt #mondaytips #wormcastings #manure #growtrinbago","#organicfertilizer,#trinidadandtobago,#shoplocal,#organic,#soilhealth,#growingplants,#fertilizer,#groworganicallytt,#mondaytips,#wormcastings,#manure,#growtrinbago",,,2022-02-04T22:41:19.000Z,191 w
https://www.instagram.com/p/DPgxFikCGG7/,organicfertilizer,https://www.instagram.com/blackgoldfertilizer/,blackgoldfertilizer,"🌼 Keep your garden safe and thriving — naturally!

With Black Gold Organic Fertilizer, protect what you grow using 100% organic, 
non-toxic care that’s safe for kids, pets, and pollinators. 🐝💚

Strong protection means stronger growth! 🌱✨

🛒 Shop now at: www.blackgoldfertilizer.com

📞 Call/WhatsApp: +92 321 000 9687

#BlackGoldFertilizer #OrganicFertilizer #ProtectWhatYouGrow #SafeForKidsAndPets #EcoFriendly #HealthyGarden #NaturalProtection #PestFreePlants #OrganicCare #SustainableGardening #GardenLovers #GrowGreen #NatureFriendly","#BlackGoldFertilizer,#OrganicFertilizer,#ProtectWhatYouGrow,#SafeForKidsAndPets,#EcoFriendly,#HealthyGarden,#NaturalProtection,#PestFreePlants,#OrganicCare,#SustainableGardening,#GardenLovers,#GrowGreen,#NatureFriendly",,,2025-10-07T14:50:17.000Z,1 d
https://www.instagram.com/p/ByMHQFMlV1j/,organicfertilizer,https://www.instagram.com/mamamazu/,mamamazu,"Comfrey tea DIY organic fertilizer!

Comfrey is an amazing multipurpose plant with many benefits. It has a deep tap root that reaches down in the earth and ""mines"" nutrients from the ground, bringing them up to the surface through it's leaves. When the leaves decompose, the nutrients then become available for the surrounding plants, making it a great companion plant. It also attracts beneficial pollinators, providing essential food for bees. Not to mention, it's also medicinal! Also known as ""knit bone,"" a comfrey compress helps speed recover after a sprain or broken bone. 
How to make comfrey tea fertilizer:

1. Trim your comfrey plant, leaving the small new growth.

2. Bend the stems and ""wring"" them (leaves and all) to break up the fibers.

3. Place the plant in a mesh bag (I use some landscaping fabric sewn into a bag). Place inside a bucket.

4. Fill bucket with water, close lid, and let ferment for about 2 weeks in a spot away from the house (comfrey tea can get kinda stinky). 5. When ready, wring out all the water from the bag. 
6. Add one cup of tea to every gallon of water when fertilizing plants. 
7. Discard the partially decomposed material in the compost. 
#organicgardening #garden #comfrey #comfreytea #permaculture #organicfertilizer #diy","#organicgardening,#garden,#comfrey,#comfreytea,#permaculture,#organicfertilizer,#diy",12,,2019-06-02T01:40:14.000Z,331 w
https://www.instagram.com/p/DPghEnPiJ99/,organicfertilizer,https://www.instagram.com/aindhinai_donkey_business/,aindhinai_donkey_business,"Spread positivity and light this Diwali

Bio Booster
Organic Fertilizer

UP TO
50%
OFF
ON YOUR FIRST PURCHASE

shop now
+91 9865181972
www.aindhinai.com

#DiwaliPositivity #LightUpWithGrowth #BioBooster #OrganicFertilizer #HealthyHarvest #EcoFriendlyFarming #SoilToSoul #GreenDiwali #FarmersChoice #SustainableGrowth #FirstPurchaseOffer #ShopAndSave","#DiwaliPositivity,#LightUpWithGrowth,#BioBooster,#OrganicFertilizer,#HealthyHarvest,#EcoFriendlyFarming,#SoilToSoul,#GreenDiwali,#FarmersChoice,#SustainableGrowth,#FirstPurchaseOffer,#ShopAndSave",1,,2025-10-07T12:30:20.000Z,1 d
https://www.instagram.com/p/DO6kY_HEWmg/,organicfertilizer,https://www.instagram.com/everbloomgreen/,everbloomgreen,"Hi everyone!!!💯 Happy Monday!!💚🌿

I want to tell you about this small business that creates organic fertilizer! They are based in BC Canada!!!🍄 I was gifted this beauty by @everbloomgreen a month ago and I've been using it!!🌿💚🍄🍁

😁I was excited to try an affordable fertilizer that is offered in Canada and the US📫 You can actually find it on Amazon!🤩

This one is perfect for all indoor plants including cacti+Monstera!🌿Which was exactly what I've been looking for🌱This product is gentle enough to be used all year round🌵 Perfect for delicate cacti roots!

I keep my cacti under growlights all year so I look for one that's safe for year round feeding!!!🌿💚

Here in Canada we don't have a lot of fertilizers I see from my American friends so I was excited about this!!👌🏻

Not affiliated🍁Not sponsored but was generously gifted this product but this is my honest opinion and I've been using this for a month!!!!🌵🌱

I will keep you posted as time goes by!! Yay!!🎉🥳 Definitely check out this company!!🫶🏻
.
.
.
.
.
.
.
.
#organicfertilizer #fertilizer #plants #plantfertilizer #plantaccessories #canadianplants #madeincanada🇨🇦 #tropicalplants #cactusfertilizer #plantsofınstagram #plantcare","#organicfertilizer,#fertilizer,#plants,#plantfertilizer,#plantaccessories,#canadianplants,#madeincanada🇨🇦,#tropicalplants,#cactusfertilizer,#plantsofınstagram,#plantcare",87,,2025-09-22T22:32:21.000Z,2 w
https://www.instagram.com/p/CJusdkIHlL7/,organicfertilizer,https://www.instagram.com/freshessentials.organics/,freshessentials.organics,"🌱 Our organic fertilizer is selling like HOT CAKES !
BUY BEFORE the stock runs out . 
Check the link given in the description.
.
.
.
.
#organic #organicfood #organicproducts #organicfarming #organicgardening #chemicalfree #organicfertilizer #freshessentialsorganics #amazon #flipkart","#organic,#organicfood,#organicproducts,#organicfarming,#organicgardening,#chemicalfree,#organicfertilizer,#freshessentialsorganics,#amazon,#flipkart",33,,2021-01-07T04:01:37.000Z,248 w
https://www.instagram.com/p/DGXvdS5NXyF/,organicfertilizer,https://www.instagram.com/magical_hydrangea/,magical_hydrangea,"Want your Magical Hydrangea to bloom even more beautifully this season? Start giving it the right nutrients now. By adding organic fertilizer, your plants can prepare for a strong and vibrant spring! 🌱💪

#MagicalHydrangea #Magical #Hydrangea #SpringIsComing #PlantCare #OrganicFertilizer #HealthyPlants #GardeningTips #PlantLove #FlourishInSpring #HydrangeaSeason #GardenGoals #GrowWithLove #PlantMagic #GreenThumb","#MagicalHydrangea,#Magical,#Hydrangea,#SpringIsComing,#PlantCare,#OrganicFertilizer,#HealthyPlants,#GardeningTips,#PlantLove,#FlourishInSpring,#HydrangeaSeason,#GardenGoals,#GrowWithLove,#PlantMagic,#GreenThumb",53,,2025-02-22T10:00:22.000Z,32 w
https://www.instagram.com/p/DOvDzkYjPwG/,organicfertilizer,https://www.instagram.com/naturecarefertilizers/,naturecarefertilizers,"Organic fertilizer for strong roots and happy blooms! 🌱✨ Try Green Harvest – rich in nutrients, eco-friendly, bee-safe, and perfect for boosting plant growth. How do you care for your plants? Tell us below!

#OrganicFertilizer #EcoFriendly #BeeSafe #PlantGrowth #sustainablefarming","#OrganicFertilizer,#EcoFriendly,#BeeSafe,#PlantGrowth,#sustainablefarming",8,,2025-09-18T07:31:47.000Z,3 w
https://www.instagram.com/p/DIQYMgytwPt/,organicfertilizer,https://www.instagram.com/msaf_organics/,msaf_organics,"Power up your soil with MSAF Rock Phosphate! 🌾
A slow-release organic fertilizer rich in phosphorus – perfect for stronger roots and higher yields.

✅ Benefits:
✔ Enhances soil structure and fertility
✔ Strengthens root systems
✔ Ideal for long-term plant health
✔ 100% natural and eco-friendly
✔ Supports sustainable farming

📞 For inquiries: +91 7600 337 060
🌐 Website: www.msaforganics.com

#Msaforganic#MSAFRockPhosphate #OrganicGrowth #EcoFriendlyFarming #RootBooster #PhosphorusFertilizer #NaturalCrops #SustainableFarming #OrganicFertilizer","#Msaforganic,#MSAFRockPhosphate,#OrganicGrowth,#EcoFriendlyFarming,#RootBooster,#PhosphorusFertilizer,#NaturalCrops,#SustainableFarming,#OrganicFertilizer",11,,2025-04-10T06:25:09.000Z,26 w
https://www.instagram.com/p/CGBctuDHLPf/,organicfertilizer,https://www.instagram.com/lead_sonson/,lead_sonson,"Shallot Plant Use ECO FARMING fertilizer BEST FERTILIZER.!!

and we are accepting applications to become worldwide branch offices

Ready to order... The Best organic fertilizer,, [ 100% made from organic ] 
*
*
*ECO FARMING FERTILIZER work for* 
-Reducing production cost
-Speed up the harvest period
-Make plant immunity stronger
-Increase soil nutrients
-Maximize crop yields
-Improve the quality of the corp

Ist time to become a smarter farmer  by using ECO FARMING

For more information and booking please contact me below:

Rony Gunawan

WhatsApp: +628112046868
Email: Mr.sonson88@gmail.com
Office: Grand surapati core Blok B9-10.B23-25 Jl.PH.H Mustofa No.39 Bandung Indonesia 40192

#farming #farminglife #fertilizer #fertilize #organic #organicfertilizer #fertilizers #pupukorganik #agriculture #agriculturelife #agricultura #agriculture_global #agricultureworldwide #agricultureworld #agricultureeducation #agricultureaustralia #australianagriculture #fruitfarm #ricefarming #vegetablegrower #agriculturetechnology #ecofarming #petaniindonesia #pertanianorganik #pertanian #perkebunan #petani","#farming,#farminglife,#fertilizer,#fertilize,#organic,#organicfertilizer,#fertilizers,#pupukorganik,#agriculture,#agriculturelife,#agricultura,#agriculture_global,#agricultureworldwide,#agricultureworld,#agricultureeducation,#agricultureaustralia,#australianagriculture,#fruitfarm,#ricefarming,#vegetablegrower,#agriculturetechnology,#ecofarming,#petaniindonesia,#pertanianorganik,#pertanian,#perkebunan,#petani",,,2020-10-07T00:45:07.000Z,261 w
https://www.instagram.com/p/CY12M1MrrC3/,organicfertilizer,https://www.instagram.com/saraiva_appleorchards/,saraiva_appleorchards,"Organic fertilizer time 👍
.
#appleorchard #pearorchard #orchard #orchards #agriculture #agriculture_global #agricultureworldwide #agriculturaportuguesa #agricultura #agriculturelife #agricultureworld #farming #farmer #farminglife #fertilizer #fertilizantes #organic #organicfertilizer #rocha #johndeeretractor #johndeerepower #johndeere #tractors #tractor","#appleorchard,#pearorchard,#orchard,#orchards,#agriculture,#agriculture_global,#agricultureworldwide,#agriculturaportuguesa,#agricultura,#agriculturelife,#agricultureworld,#farming,#farmer,#farminglife,#fertilizer,#fertilizantes,#organic,#organicfertilizer,#rocha,#johndeeretractor,#johndeerepower,#johndeere,#tractors,#tractor",143,,2022-01-17T18:32:18.000Z,194 w
https://www.instagram.com/p/DPWHCFmidCn/,organicfertilizer,https://www.instagram.com/farmatekochi/,farmatekochi,"Organic farming starts with the right fertilizer.
Choose Stanes Organic Fertilizer for rich soil and sustainable harvests

#Farmate #OrganicFertilizer #StanesFertilizer #HealthySoil #OrganicFarming #SustainableFarming #GrowOrganic #FarmFresh #SoilHealth #NaturalGrowth #AgroWorld #FarmingSolutions","#Farmate,#OrganicFertilizer,#StanesFertilizer,#HealthySoil,#OrganicFarming,#SustainableFarming,#GrowOrganic,#FarmFresh,#SoilHealth,#NaturalGrowth,#AgroWorld,#FarmingSolutions",4,,2025-10-03T11:30:22.000Z,6 d
https://www.instagram.com/p/DPJM9IsEQVC/,organicfertilizer,https://www.instagram.com/samsgardenstore_/,samsgardenstore_,"“Desi Seed + 240 GSM Grow Bag + Fertilizer & Tools Combo – All in One Gardening Kit”

Buy any 2 seed packs and get 1 FREE! 🌿✨
Perfect for kitchen gardens, balcony farming, and terrace gardening.

✅ 100% Pure Desi Seeds – High germination rate
✅ Healthy plants with better yield
✅ Limited period offer – Don’t miss it!

📦 Order Now: 9618668440
Website:https://samsgardenstore.com/

240 GSM Heavy-Duty Grow Bag — extra thick, tear-resistant, durable, ideal for container / raised bed gardening.

Organic Fertilizer / Growth Promoter — essential nutrients to boost healthy seedling growth and yield.

Garden Tools — hand trowel, gloves, pruning shears, etc. — everything you need to plant, maintain and harvest.

#DesiSeeds #GrowBag #240GSM #OrganicFertilizer #GardenTools #UrbanGardening #KitchenGarden #GrowYourOwn #NativePlants #DesiGarden #TerraceGarden #BalconyFarming #EcoFriendlyGardening #HomeGardening #SamsGardenStore","#DesiSeeds,#GrowBag,#240GSM,#OrganicFertilizer,#GardenTools,#UrbanGardening,#KitchenGarden,#GrowYourOwn,#NativePlants,#DesiGarden,#TerraceGarden,#BalconyFarming,#EcoFriendlyGardening,#HomeGardening,#SamsGardenStore",5,,2025-09-28T11:12:00.000Z,1 w
https://www.instagram.com/p/CdQyeLXFQ9u/,organicfertilizer,https://www.instagram.com/reddiamondcompost/,reddiamondcompost,"Learn more about our Liquid Sunshine Organic Fertilizer and the benefits it can bring to your life from our feature on @buyfrombouthey

#buylocal #buybajan #buyfrombouthey #goorganic #LiquidSunshine #OrganicFertilizer #nutrientrich #craftfertilizer #liquidfertilizer #regenerativeagriculture #homegarden #organicfarm #cleaneats #strongfood #life #vitality #plantbased #food #nutrition #RedDiamondCompost","#buylocal,#buybajan,#buyfrombouthey,#goorganic,#LiquidSunshine,#OrganicFertilizer,#nutrientrich,#craftfertilizer,#liquidfertilizer,#regenerativeagriculture,#homegarden,#organicfarm,#cleaneats,#strongfood,#life,#vitality,#plantbased,#food,#nutrition,#RedDiamondCompost",,,2022-05-07T15:48:12.000Z,178 w
https://www.instagram.com/p/DJWYES8MEbq/,organicfertilizer,https://www.instagram.com/noannigeria/,noannigeria,"BTNL Nigeria at the Forefront of Organic Innovation! 🌱
We were honoured to participate in the Technical Workshop, Organic Fair, and Annual General Meeting of the Association of Organic Agriculture Practitioners of Nigeria (NOAN) with the powerful theme:
“Innovative Organic Food Systems for National Development.”

At BTNL, we believe organic farming is the future — and we’re proud to contribute with our eco-friendly BNTL Organic Fertilizer, promoting healthier soils, crops, and communities.

💬 Key highlights
✅ Networking with top organic agriculture stakeholders
✅ Showcasing our fertilizer innovation
✅ Engaging in knowledge-sharing sessions
✅ Discussing the role of organics in national growth
#BTNLOrganicFertilizer #NOAN2025 #OrganicNigeria #SustainableAgriculture #Organicfertilizer #GrowGreen","#BTNLOrganicFertilizer,#NOAN2025,#OrganicNigeria,#SustainableAgriculture,#Organicfertilizer,#GrowGreen",11,,2025-05-07T10:50:51.000Z,22 w
https://www.instagram.com/p/DAiKrDtsnb1/,organicfertilizer,https://www.instagram.com/yuvaruralassociation/,yuvaruralassociation,"Turning organic waste into renewable biogas is a win for sustainability and energy independence

Yuva rural Association is dedicated to installing biogas plants in rural areas, empowering farmers to convert organic waste into clean energy. By utilizing biogas technology, farmers can generate a sustainable source of fuel for their households while producing nutrient-rich slurry as a byproduct. This slurry serves as an excellent organic fertilizer, enhancing soil health and boosting crop yields on their agricultural farms. Through this initiative, we aim to promote environmental sustainability, reduce reliance on fossil fuels, and support the economic well-being of rural communities.

Yuva Rural Association
Email - info@yraindia.org
More Details - +91 7083328154
Visit - www.yraindia.org

Facebook - Yuva Rural Association
Instagram - www.instagram.com/yuvaruralassociation
Twitter - www.twitter.com/yraindia
YouTube - www.youtube.com/yuvaruralassociation

#Biogas #RenewableEnergy #SustainableEnergy #ClimateAction #WasteToEnergy #BiogasSlurry #OrganicFertilizer #SustainableAgriculture #OrganicFarming #WasteToWealth #BioFertilizer #yuvaruralassociation #yra","#Biogas,#RenewableEnergy,#SustainableEnergy,#ClimateAction,#WasteToEnergy,#BiogasSlurry,#OrganicFertilizer,#SustainableAgriculture,#OrganicFarming,#WasteToWealth,#BioFertilizer,#yuvaruralassociation,#yra",5,,2024-09-30T08:02:09.000Z,53 w
https://www.instagram.com/p/DLt0J78PQle/,gardeningtips,https://www.instagram.com/derivedfromnaturenz/,derivedfromnaturenz,"STOP buying bags of mulch — nature doesn’t.

In the wild, no one’s hauling in bark chips. Nature protects its soil with layers of living plants, natural dieback, and ground cover.

You can do the same in your garden — and save a ton of money while you’re at it.

🌿 Plant densely to shade soil and suppress weeds.
🌸 Use living ground covers instead of imported mulch.
🌀 Let plants die back naturally to form a protective layer.
🧄 Choose companions wisely and layer your garden from top to bottom.

This isn’t just about mimicking nature — it’s about gardening smarter, not spending more.

The mulch myth? It’s profitable… for garden centres.

Want to learn how I build low-maintenance, thriving, weed-resistant, self-mulching gardens?

📘 Grab my Derived from Nature Method guide — it’ll change the way you garden for good. Comment "" THRIVE"" to grab the guide thousands of students are using to transform the way they garden. 

#denseplanting #companionplanting #derivedfromnature #gardenmyths #ediblegarden #gardeningtips #soilhealth #naturalgardening #lowmaintenancegarden #mimicnature #selfmulchinggarden","#denseplanting,#companionplanting,#derivedfromnature,#gardenmyths,#ediblegarden,#gardeningtips,#soilhealth,#naturalgardening,#lowmaintenancegarden,#mimicnature,#selfmulchinggarden",413,,2025-07-05T06:21:37.000Z,13 w
https://www.instagram.com/p/DJ48trDyqdm/,gardeningtips,https://www.instagram.com/organixxco/,organixxco,"Calling all green thumbs! 🪴🧑‍🌾 These tips are great for helping keep your plants healthy and happy through this gardening seasoning.

Check out this post in our link in bio to find healthy recipe ideas for the vegetables and fruits you harvest!
#gardeningtip #gardeningtips #gardeninghack #gardeninghacks","#gardeningtip,#gardeningtips,#gardeninghack,#gardeninghacks",93,,2025-05-20T21:05:16.000Z,20 w
https://www.instagram.com/p/DOnwQPIDr8b/,gardeningtips,https://www.instagram.com/voice_of_plant/,voice_of_plant,"Your plant's leaves are telling you what it needs—here's how to listen.
Learn your plant's language through its leaves.

#plants  #plantcaretips #gardeningtips #plantslover #balconygarden #gardening","#plants,#plantcaretips,#gardeningtips,#plantslover,#balconygarden,#gardening",609,,2025-09-15T11:26:16.000Z,3 w
https://www.instagram.com/p/DOq-w7Qjnfr/,gardeningtips,https://www.instagram.com/gardenplanning/,gardenplanning,"🍂 Time to give your garden a cozy fall refresh! 🌱

As the days cool down, swap out those summer-loving veggies (like tomatoes, cucumbers, and melons) for hearty, cool-weather crops. Here’s your quick guide:

Replace these:
🥒 Cucumber
🍅 Tomato
🌶️ Peppers
🍆 Eggplant
🫘 Beans
🍈 Melon
🌿 Basil

With these:
🌱 Snap Peas
🥦 Broccoli
🥬 Cabbage
🥬 Swiss Chard
🥦 Cauliflower
🌿 Spinach
🌿 Cilantro

✨ Why this works:

These veggies thrive in cooler temps 🌬️

Extend your harvest season 🍽️

Keep your garden producing fresh greens through fall 🍂

💡 Pro tip: Direct sow leafy greens like spinach and cilantro for quick harvests, while starting broccoli and cauliflower indoors before transplanting gives them a head start. 

📲 Want help tracking all these seasonal tasks?
Bloom Buddy keeps your garden organized, sends care reminders, and even tells you when it’s time to plant.

Comment “BLOOM” below and we’ll send you the app link!

#FallGarden #CoolSeasonCrops #VegetableGarden #GrowYourOwnFood #GardeningTips #FallPlanting","#FallGarden,#CoolSeasonCrops,#VegetableGarden,#GrowYourOwnFood,#GardeningTips,#FallPlanting",1577,,2025-09-17T01:15:27.000Z,3 w
https://www.instagram.com/p/DJeMf2WOFQl/,gardeningtips,https://www.instagram.com/youcandoitgardening/,youcandoitgardening,"Less=more. This area has too many plants. This is a waste of money. When people are planting new things they are sad all and proper spacing may look weird but that’s what you need to do unless you’re willing to move things late or cut them down and sacrifice them once things get too crowded. Plant perennials (the plants that come back every year) in between shrubs if you want it to look full quickly. Those are much easier to move later and then you have some “free” plants to put somewhere else. (Fuzzy garden math😁) On pruning shrubs, I think letting them be natural looks great and it’s less work because you don’t need to worry about getting the shape just right and when a little branch pops out you can just leave it alone as opposed to constantly needing to get out your hedge trimmers to even it out. 

About me: I am a garden coach and consultant. If you would like more hands-on guidance, visit my website for information about how to book an in-person consultation in the Boston area or virtual consultation anywhere.https://www.youcandoitgardening.com You can also visit my Linktree for other resources and subscribe to this account to support the work I do and  for extra perks! Videos are done by clients. Please help others with questions if you are able. 

#youcandoitgardening #gardendesign #gardeningtips #gardeningforbeginners #gardening #diylandscaping #diygardening #landscaping","#youcandoitgardening,#gardendesign,#gardeningtips,#gardeningforbeginners,#gardening,#diylandscaping,#diygardening,#landscaping",2424,,2025-05-10T11:43:41.000Z,21 w
https://www.instagram.com/p/DOtzASeEl1v/,gardeningtips,https://www.instagram.com/reshgala/,reshgala,"4 weeks to go before our first average frost date and plants are still thriving in the garden.

Cabbages, broccoli, cauliflower, kale, lettuce (tons of it), cilantro, carrots, spinach, oregano, rosemary, chives, leeks, onions and so much more…

And yes, zucchini, sunflowers, zinnias and cosmos too - all planted in August!

All this to say that there’s so much good food that you can grow in September!

#greengarden #fallgarden #vegetablegarden #organicgarden #mygarden #gardeningtips #thehappygardeninglife #growfood #reshgala #njgardening","#greengarden,#fallgarden,#vegetablegarden,#organicgarden,#mygarden,#gardeningtips,#thehappygardeninglife,#growfood,#reshgala,#njgardening",5521,,2025-09-17T19:45:45.000Z,3 w
https://www.instagram.com/p/DNdgKc8Pewb/,gardeningtips,https://www.instagram.com/gardening_igbax/,gardening_igbax,"Credit:
evanzhu90 Go grab some cuttings from your friend's house!
What is your favorite shirt⁠
💥 𝗦𝗛𝗢𝗣 𝗡𝗢𝗪 🔥𝗟𝗜𝗡𝗞 𝗜𝗡 𝗠𝗬 𝗕𝗜𝗢 👆🏻 𝗦𝗵𝗶𝗽𝗽𝗶𝗻𝗴 ✈️⁠

#urbangardening #gardeningtime #instagardening #organicgardening #balconygardening #gardeningwithkids #ilovegardening #gardeningislife #happygardening #lovegardening #gardening #gardeningismytherapy #homegardening #epicgardening #thehappygardeninglife #gardeningfun #indoorgardening #gardening101 #vegetablegardening #gardeningaustralia #gardeningtips #gardeningisfun #gardeningmakesmehappy #gardeningtherapy #gardeningideas #containergardening #gardening_feature #backyardgardening #gardeninglove #gardeninglife","#urbangardening,#gardeningtime,#instagardening,#organicgardening,#balconygardening,#gardeningwithkids,#ilovegardening,#gardeningislife,#happygardening,#lovegardening,#gardening,#gardeningismytherapy,#homegardening,#epicgardening,#thehappygardeninglife,#gardeningfun,#indoorgardening,#gardening101,#vegetablegardening,#gardeningaustralia,#gardeningtips,#gardeningisfun,#gardeningmakesmehappy,#gardeningtherapy,#gardeningideas,#containergardening,#gardening_feature,#backyardgardening,#gardeninglove,#gardeninglife",11003,,2025-08-17T15:21:51.000Z,7 w
https://www.instagram.com/p/DNinUaIOX_f/,gardeningtips,https://www.instagram.com/theoldfarmersalmanac/,theoldfarmersalmanac,"WAIT! 🛑 Don't plant your garlic yet!! 🧄 Wait until the late fall, about one or two weeks after the first killing frost. Garlic does best if it can experience a “dormancy” period of colder weather (at least 40˚F). When planted in the fall, garlic bulbs have time to develop healthy roots before temperatures drop, but not enough time for the garlic to form top growth 🧄 Get more garlic tips at the link in bio!⁠
⁠
#oldfarmersalmanac #farmersalmanac #almanac #ofa #garden #gardening #greenthumb #mastergardener #gardenplanner #gardenplan #gardenlayout #planting #gardenlover #vegetablegarden #flowergarden #herbgarden #gardenadvice #gardenguide #gardeningtips #gardentips #springplanting","#oldfarmersalmanac,#farmersalmanac,#almanac,#ofa,#garden,#gardening,#greenthumb,#mastergardener,#gardenplanner,#gardenplan,#gardenlayout,#planting,#gardenlover,#vegetablegarden,#flowergarden,#herbgarden,#gardenadvice,#gardenguide,#gardeningtips,#gardentips,#springplanting",5204,,2025-08-19T15:01:02.000Z,7 w
https://www.instagram.com/p/DO1WceWE-F4/,gardeningtips,https://www.instagram.com/homemaking_com/,homemaking_com,"Keep your onions fresh way longer with this old-school trick 👉 slip them into nylon stockings and tie a knot between each one. They’ll stay aired out and good for months without spoiling. Simple, cheap, and it really works. 🧅✨

#gardeningtips #foodstoragehacks #kitchenhacks","#gardeningtips,#foodstoragehacks,#kitchenhacks",9604,,2025-09-20T18:10:07.000Z,2 w
https://www.instagram.com/p/DN46cr-jp22/,gardeningtips,https://www.instagram.com/khalilali0924/,khalilali0924,#gardening #gardeningtips #greenthumb #growyourfood #EatToLive,"#gardening,#gardeningtips,#greenthumb,#growyourfood,#EatToLive",10,,2025-08-28T06:51:02.000Z,6 w
https://www.instagram.com/p/DPYn3IqiBdr/,gardeningtips,https://www.instagram.com/lookinsidemygarden/,lookinsidemygarden,"This was the start…

When we looked at our house, which was a total renovation, it was the garden that sold us the house!

It wrapped around the house, I dreamt of how I could zone it and I envisioned an adult garden and a children’s garden but there was only one problem!

We had NO budget for the garden! The house drained all funds so our first year we replaced fencing and added a lawn that’s all we could do, and I grew what I knew to give us colour!

At that point I had never bought a perennial plant! I never even knew any plant names, never went to the scary section of the garden centre where all the big girl plants were!

I then threw myself into the garden to help me through a difficult time in my life and decided to learn to grow and to create a real garden!

Gardens are always evolving and you don’t have to have a lot to get started! ❤️

🌷Comment below if you’d like any of my links sent to you 😘

MEMBERSHIP- Sign Up To My ‘Gardening Monthly Membership’ 

COURSE - Buy my ‘Beginner Gardener Course’ 

PEST - Link to my pest control 

BLOOMZ- FREE Dahlia Grow Along 

STORE- My Amazon Affiliate Storefront 

BORDERZ-Buy my ‘Borders For Beginners’ Course

POTZ- Buy my ‘Container Gardening’ Course

Follow me @lookinsidemygarden for:
🌸 Daily gardening on stories 
🌱Beginner gardener tips
🪴 Gardening on a budget 
✨ Garden transformations 
💕 Gardening made easy 

#gardening#gardeningtips#garden#gardenlife","#gardening,#gardeningtips,#garden,#gardenlife",1031,,2025-10-04T10:55:04.000Z,5 d
https://www.instagram.com/p/DLxcF-Lu9wb/,gardeningtips,https://www.instagram.com/theplanttechie/,theplanttechie,"What do you do with tomato hornworms? 🐛🍅

These chunky green caterpillars can strip a tomato plant overnight if you’re not careful. Some gardeners pick them off and squish them 😬, others feed them to their chickens 🐓 or keep them for parasitic wasp habitat 🐝. As for me, I’m not a fan – I toss them over by my bird feeder and let nature handle it 🐦.

Take the poll or drop in the comments what you do when you find these giant munchers in your garden 👇

#tomatogarden #hornworm #gardenpests #organicgardening #gardeningtips #backyardgarden #tomatoplants #gardenlife #gardenproblems #anyonecangrow","#tomatogarden,#hornworm,#gardenpests,#organicgardening,#gardeningtips,#backyardgarden,#tomatoplants,#gardenlife,#gardenproblems,#anyonecangrow",136,,2025-07-06T16:08:20.000Z,13 w
https://www.instagram.com/p/DNI3Z9SSRKp/,gardeningtips,https://www.instagram.com/keepmidlandbeautiful/,keepmidlandbeautiful,"These 9 Veggies Grow Perfectly in Containers If Sowed in August 
Great for patios, balconies & small-space gardens

• Heat-tolerant & fast-growing
• Ideal for 5-gallon buckets or grow bags

What to Plant in August:
🥬 Lettuce – Thrives in partial shade, quick to mature
🥕 Carrots – Use short varieties like ‘Thumbelina’ or ‘Parisian’
🥒 Bush Cucumbers – Compact and productive
🌶️ Peppers – Bell and chili types love the heat
🧄 Garlic – Sow for spring harvest in warm zones
🫘 Green Beans – Fast-growing bush varieties are ideal
🌱 Radishes – Super fast, ready in just 3–4 weeks
🍅 Cherry Tomatoes – Dwarf types give quick rewards
🥦 Broccoli – Choose early-maturing varieties for fall

🌞 Tip: Use light, well-draining potting mix. Water early in the day to beat the heat.

#gardening #empowerment #gardeningtips #yardwork #naturelovers #sustainableliving #localcommunity #Resilience #YardImprovement #personalgrowth #outdooractivities #keepmidlandbeautiful","#gardening,#empowerment,#gardeningtips,#yardwork,#naturelovers,#sustainableliving,#localcommunity,#Resilience,#YardImprovement,#personalgrowth,#outdooractivities,#keepmidlandbeautiful",3,,2025-08-09T15:00:55.000Z,8 w
https://www.instagram.com/p/DPhmPLugGwg/,gardeningtips,https://www.instagram.com/mcguire_justine21/,mcguire_justine21,"Weedy or not, Im obsessed. #backyardgarden #gardeningtips #gardenmom","#backyardgarden,#gardeningtips,#gardenmom",4,,2025-10-07T22:34:41.000Z,1 d
https://www.instagram.com/p/DJ3-Xq6O00E/,gardeningtips,https://www.instagram.com/bbbcentralnewengland/,bbbcentralnewengland,"Gardening season is here! Whether you’re planting veggies, herbs, or flowers, planning ahead can save you time, money, and stress. From choosing the right plants to finding trusted local businesses, check out these BBB tips before you dig in: 

For more information:
https://www.bbb.org/article/news-releases/24043-bbb-tip-shopping-for-your-home-garden?backurl=/us/news

#GardeningTips #HomeGarden #BBBApproved","#GardeningTips,#HomeGarden,#BBBApproved",3,,2025-05-20T12:00:35.000Z,20 w
https://www.instagram.com/p/DMM97dKRZTc/,gardeningtips,https://www.instagram.com/greenfingersbypayal/,greenfingersbypayal,"Starting your gardening journey? 🌱
It’s all about patience and care. Happy growing!

#BeginnerGardener #GreenFingersByPayal #PlantCareMadeEasy #GardeningTips #UAEGardening #PlantParenting101 #MagicPixieDust #GrowWithLove #HomeGardenTips #GardenJoy","#BeginnerGardener,#GreenFingersByPayal,#PlantCareMadeEasy,#GardeningTips,#UAEGardening,#PlantParenting101,#MagicPixieDust,#GrowWithLove,#HomeGardenTips,#GardenJoy",20,,2025-07-17T08:43:29.000Z,12 w
https://www.instagram.com/p/CqjjbwAP0aV/,gardeningtips,https://www.instagram.com/_gardening_for_beginner_/,_gardening_for_beginner_,"Gardening tips&trick 
#gardening #gardening_love #gardeningtime #gardeningtips #gardening_feature #gardeningideas #garden #gardeningfun","#gardening,#gardening_love,#gardeningtime,#gardeningtips,#gardening_feature,#gardeningideas,#garden,#gardeningfun",27806,,2023-04-03T01:27:05.000Z,131 w
https://www.instagram.com/p/DKWxIbfB28j/,gardeningtips,https://www.instagram.com/gardenersdreamuk/,gardenersdreamuk,"Gardening Jobs for June 🌿
Summer’s knocking — is your garden ready? ☀️

From deadheading blooms to feeding containers, here’s your monthly checklist to keep everything thriving 🌸💧 Whether you're sowing more veg, tidying hedges or watching for pesky pests, there’s plenty to keep green thumbs busy this month! 🐌✂️

Swipe through for what to do in June, and save this post to stay one step ahead in the garden! 💪🌼

#junegardenjobs #gardeningtips #gardenersdream #summergardening","#junegardenjobs,#gardeningtips,#gardenersdream,#summergardening",,,2025-06-01T11:01:17.000Z,18 w
https://www.instagram.com/p/DKfGXr9tPju/,gardeningtips,https://www.instagram.com/groundedcommunitycharity/,groundedcommunitycharity,"Want to start gardening but finding it tough? 🪴 

These 5 easy tips are perfect for beginners, busy people, or anyone with limited mobility or space. From raised planters to automatic watering, we’ve got you covered! 🌿💧🍂

✨ Make gardening simple, sustainable, and stress-free!

#GardeningTips #EasyGardening #AccessibleGardening #BeginnerGardener #SustainableLiving #Composting #PestControl #HomeGarden #RaisedPlanters #GardeningForAll #EcoFriendlyGardening #GreenThumb #UKGardening","#GardeningTips,#EasyGardening,#AccessibleGardening,#BeginnerGardener,#SustainableLiving,#Composting,#PestControl,#HomeGarden,#RaisedPlanters,#GardeningForAll,#EcoFriendlyGardening,#GreenThumb,#UKGardening",18,,2025-06-04T16:19:12.000Z,18 w
https://www.instagram.com/p/DPCNfQrDv2N/,gardeningtips,https://www.instagram.com/gardenplanning/,gardenplanning,"🌱 Feed Your Plants the Natural Way!
Skip the chemicals and use everyday kitchen scraps to give your garden the boost it deserves:

🍌 Banana Peels – Rich in potassium & phosphorus for roots and flowers
☕ Coffee Grounds – Nitrogen for leafy growth + better soil structure
🍵 Used Tea Leaves – Nitrogen and texture boost when composted
🥚 Eggshells – Calcium to prevent blossom-end rot in tomatoes & peppers
🍚 Rice Water – Trace minerals & starch that feed soil microbes
🧂 Epsom Salt – Magnesium & sulfur for greener, stronger plants

✨ Simple, safe, and sustainable—your plants will thank you!

📲 Want reminders to water, tips to fix plant problems, and plant ID help?
Comment “BLOOM” and I’ll send you the app that makes plant care stress-free!

#naturalfertilizer #organicgardening #gardeningtips #plantfertilizer #ecogarden #gardenhacks #composting #greenthumb #gardeninglife #sustainablegardening #plantcaretips #homegarden","#naturalfertilizer,#organicgardening,#gardeningtips,#plantfertilizer,#ecogarden,#gardenhacks,#composting,#greenthumb,#gardeninglife,#sustainablegardening,#plantcaretips,#homegarden",1835,,2025-09-25T18:02:03.000Z,1 w
https://www.instagram.com/p/DJMPdUaubwI/,gardeningtips,https://www.instagram.com/youcandoitgardening/,youcandoitgardening,"How do you know when the stems are dead? It depends on which variety you have and where you live but if they are brown, with no growth on them and/or the buds aren’t turning green by mid-May, I would cut them down to the ground and cross your fingers you have a hybrid because then you will likely get flowers off the new growth (Endless Summer is an example but some people refer to these as “Endless Bummers”😂)

It’s often too cold in New England and other areas in the US for these but breeders create new varieties all the time.
Yes, these are beautiful when they work but they aren’t reliable so I recommend you plant something that will deliver. I am a huge fan of oakleaf hydrangeas, panicles (like Limelight and other varieties), and wild arborescens (cultivated versions include Annabelle and Incrediball). These are all reliable bloomers and are less finisky than the bigleafs. Serratas are also solid. 

I have a lot of other hydrangea videos in the Hydrangea highlight if you want more of this and I also have a simple guide available on my linktree. 

If you would like more hands-on guidance, visit my website for information about how to book an in-person consultation in the Boston area or virtual consultation anywhere.  https://www.youcandoitgardening.com You can also visit my Linktree for other resources and subscribe to this account for extra perks! Videos are done by clients. Please help others with questions if you are able. 

#youcandoitgardening #hyrdrangea #hydrangepruning #macrophyllahydrangea #gardeningtips #gardeningforbeginners #gardening #diylandscaping #diygardening","#youcandoitgardening,#hyrdrangea,#hydrangepruning,#macrophyllahydrangea,#gardeningtips,#gardeningforbeginners,#gardening,#diylandscaping,#diygardening",5731,,2025-05-03T12:23:14.000Z,22 w
https://www.instagram.com/p/DMq2Xmouv60/,gardeningtips,https://www.instagram.com/reshgala/,reshgala,"Companion planting is nature’s way to deter pests, attract pollinators, suppress weeds and maximize production in the garden.

Save this list for reference the next time you plant your garden. And remember to plant in trios or groups of threes (crop + herb + flower).

#companionplanting #gardeningtips #reshgala #growyourownfood #organicgardening #herbs #flowerstagram #gardening #learntogrow","#companionplanting,#gardeningtips,#reshgala,#growyourownfood,#organicgardening,#herbs,#flowerstagram,#gardening,#learntogrow",1510,,2025-07-28T23:14:38.000Z,10 w
https://www.instagram.com/p/DNrF2TIVORr/,gardeningtips,https://www.instagram.com/huntershomeok/,huntershomeok,"Look at our poor tomato plants! They have recently been attacked by hornworms. A surprisingly effective method to kill tomato hornworms is cornmeal. We sprinkle our plants with a mixture of cornmeal and water. We also sprinkled small piles of dry cornmeal around our tomato plants, green bell peppers, and eggplants. The hornworms will eat the cornmeal, but they cannot process it, causing their digestive tract to expand and the worms to die!

If this method is ineffective, an alternative is to handpick the worms off the plants and exterminate them.

#Gardeningtips #livinghistory #historicagriculture #kitchengarden #hornworms","#Gardeningtips,#livinghistory,#historicagriculture,#kitchengarden,#hornworms",10,,2025-08-22T22:01:20.000Z,6 w
https://www.instagram.com/p/DOQWavDAUnJ/,gardeningtips,https://www.instagram.com/thehomegarden/,thehomegarden,"Potato Harvest! 

Hope your gardens are growing well! 💚
.
.
.
.
.
#growyourown #inmygarden #vegetablegarden #smallspacegardening #frontyardgarden #backyardgarden #kitchengarden #gardenharvest #harvest #gardeningtips #gardener #gardening #growyourownfood #urbangarden #gardenlove #gardenlife","#growyourown,#inmygarden,#vegetablegarden,#smallspacegardening,#frontyardgarden,#backyardgarden,#kitchengarden,#gardenharvest,#harvest,#gardeningtips,#gardener,#gardening,#growyourownfood,#urbangarden,#gardenlove,#gardenlife",142,,2025-09-06T09:17:58.000Z,4 w
https://www.instagram.com/p/DM0sduRJQpK/,gardeningtips,https://www.instagram.com/gardeningexpress/,gardeningexpress,"The sun’s still shining, the bees are buzzing, and the garden is full of late-summer life! 

August is the perfect time to deadhead faded flowers, harvest ripening veg, and start prepping for autumn blooms. 

Let’s keep the garden glowing! 

#AugustVibes  #LateSummerGarden  #SeasonalGardening #gardeningtips #gardeningtipsandtricks","#AugustVibes,#LateSummerGarden,#SeasonalGardening,#gardeningtips,#gardeningtipsandtricks",10,,2025-08-01T19:00:29.000Z,9 w
https://www.instagram.com/p/DJR6s67uWc3/,gardeningtips,https://www.instagram.com/thecultivationbykat/,thecultivationbykat,"May is go-time in the garden! 🌿🌸
The soil’s warm, the plants are waking up, and the to-do list is full of good things:
✔️ Plant just about anything—it’s officially safe!
✔️ Get those dahlias in the ground for big summer blooms.
✔️ Deadhead spent tulips & daffodils (but leave the foliage to feed the bulbs).
✔️ Haven’t fertilized yet? Give your plants a boost with an organic slow-release like @espomaorganic Plant-Tone.
✔️ Weeds are sneaky right now—stay on top of them before they take over.
✔️ Tie in fast-growing vines like clematis, climbing rose & wisteria before they get ahead of you.
A little time in the garden this week will pay off all season long. 🌱✨",,19,,2025-05-05T17:17:18.000Z,22 w
https://www.instagram.com/p/DIBa_X4zcTW/,gardeningtips,https://www.instagram.com/gardening_igbax/,gardening_igbax,"Credit gardening_for_beginner_ Tips
 What is your favorite shirt⁠
💥 𝗦𝗛𝗢𝗣 𝗡𝗢𝗪 🔥𝗟𝗜𝗡𝗞 𝗜𝗡 𝗠𝗬 𝗕𝗜𝗢 👆🏻 𝗦𝗵𝗶𝗽𝗽𝗶𝗻𝗴 ✈️⁠

#gardening #urbangardening #organicgardening #gardeninglife #gardeningtips #gardeningisfun #gardeningaustralia #containergardening #indoorgardening #thehappygardeninglife #gardeningwithkids #lovegardening #homegardening #ilovegardening #backyardgardening #vegetablegardening #gardeninglove #gardening_feature #gardeningismytherapy #gardeningideas #gardeningmakesmehappy #gardening101 #gardeningfun #gardeningtime #epicgardening #balconygardening #instagardening #happygardening #gardeningislife #gardeningtherapy","#gardening,#urbangardening,#organicgardening,#gardeninglife,#gardeningtips,#gardeningisfun,#gardeningaustralia,#containergardening,#indoorgardening,#thehappygardeninglife,#gardeningwithkids,#lovegardening,#homegardening,#ilovegardening,#backyardgardening,#vegetablegardening,#gardeninglove,#gardening_feature,#gardeningismytherapy,#gardeningideas,#gardeningmakesmehappy,#gardening101,#gardeningfun,#gardeningtime,#epicgardening,#balconygardening,#instagardening,#happygardening,#gardeningislife,#gardeningtherapy",424,,2025-04-04T11:00:05.000Z,26 w
https://www.instagram.com/p/DM0RJDBP9pi/,gardeningtips,https://www.instagram.com/sunnysidegardensmn/,sunnysidegardensmn,"Your annuals are doing a lot this summer–let's give them what they need to thrive, not just survive! 🌸

From container gardens to in-ground color, midseason care makes a huge difference. Think: more blooms, stronger plants, and fewer garden woes.
💛 Feed with liquid fertilizer every 1–2 weeks
💛 Deadhead + trim for fuller growth
💛 Fill in tired containers with fresh summer annuals

👉 Questions about what your garden needs right now? Stop in or send us a DM—we’re always happy to help!

#annualcare  #containergardentips  #midseasonrefresh #containergardening #annualflowers #gardeningtips","#annualcare,#containergardentips,#midseasonrefresh,#containergardening,#annualflowers,#gardeningtips",30,,2025-08-01T15:01:45.000Z,9 w
https://www.instagram.com/p/DPjDsVPCFcc/,gardeningtips,https://www.instagram.com/ciaran_burke_plants_gardening/,ciaran_burke_plants_gardening,"🌼 NO MORE WEEDS! The secret to reducing weed growth is to have dense growth of ornamental plants carpet the soil, theirs way the weeds are suppressed naturally, this saves lots of time, is biodiversity positive too.  #gardeningtips #gardening #groundcover #weeds #lowmaintenance","#gardeningtips,#gardening,#groundcover,#weeds,#lowmaintenance",42,,2025-10-08T12:11:20.000Z,23 h
https://www.instagram.com/p/DJ3pyO6sKjO/,gardeningtips,https://www.instagram.com/hillcrest__farms/,hillcrest__farms,"Our plant sales are carefully grown, labeled, and packed to ensure the success of your home garden 🥬

We, of all people, understand how hard and time consuming starting your whole garden from seed can be. This is why we offer plant sales! This way you can get a head start on your home garden and get started on the right foot with already healthy, thriving plants. 🌱 

#seedstarting #gardeningtips #vegtables","#seedstarting,#gardeningtips,#vegtables",23,,2025-05-20T09:00:22.000Z,20 w
https://www.instagram.com/p/DOOM1rtEY3L/,gardeningtips,https://www.instagram.com/thehappygreenhouselife/,thehappygreenhouselife,"Flowers leading the way to the coziest hideaway 🌿💐
React with a 🌸 if this feels like your kind of path.

Photo from @ceciliaedenberg
Ask or DM for removal

🌱 📚 If you're looking for a great book about Greenhouse Gardening, get it here: 

https://amzn.to/4ioFLYf

* All rights are reserved and belong to their respective owners

#greenhouse #greenhousegardening #greenhouses #greenhouselife #greenhousegoals #plants #plantsinpo #greenhouseplants  #greenhouseplants #greenhouseproject #greenhousegrown #farminspo  #greenhouseofinstagram #growyourown #backyardinspo #gardening101 #gardeningtips #organicproduce #gardeninglifestyle","#greenhouse,#greenhousegardening,#greenhouses,#greenhouselife,#greenhousegoals,#plants,#plantsinpo,#greenhouseplants,#greenhouseplants,#greenhouseproject,#greenhousegrown,#farminspo,#greenhouseofinstagram,#growyourown,#backyardinspo,#gardening101,#gardeningtips,#organicproduce,#gardeninglifestyle",39,,2025-09-05T13:15:48.000Z,4 w
https://www.instagram.com/p/DO3JcyrCL0Y/,gardeningtips,https://www.instagram.com/lookinsidemygarden/,lookinsidemygarden,"It made me feel so sad…

After a full house renovation and young children there was no budget for any big garden plans! 

But I decided that surely growing a garden in pots would be better than nothing! So I decided to grow!  I sowed a LOT of seeds, planted bulbs and started to learn about what I could grow, what looked nice together and i loved creating different displays every year!

What I soon learnt was that spring wasn’t the only time you sowed seeds! And the more I grew the bigger the garden got and I couldn’t believe how well everything grew in pots!

Don’t ever be afraid of getting it wrong because you learn through trying! And some of your experiments will be your biggest successes! 

🌷Comment below if you’d like any of my sent to you 😘

MEMBERSHIP- Sign Up To My ‘Gardening Monthly Membership’ 

COURSE - Buy my ‘Beginner Gardener Course’ 

PEST - Link to my pest control 

BLOOMZ- FREE Dahlia Grow Along 

STORE- My Amazon Affiliate Storefront 

BORDERZ-Buy my ‘Borders For Beginners’ Course

POTZ- Buy my ‘Container Gardening’ Course

Follow me @lookinsidemygarden for:
🌸 Daily gardening on stories 
🌱Beginner gardener tips
🪴 Gardening on a budget 
✨ Garden transformations 
💕 Gardening made easy 

#gardening#gardeningtips#garden#gardenlife","#gardening,#gardeningtips,#garden,#gardenlife",920,,2025-09-21T10:55:07.000Z,2 w
https://www.instagram.com/p/DIn788vuoe0/,gardeningtips,https://www.instagram.com/provenwinners_europe/,provenwinners_europe,"A blooming border adds the perfect finishing touch to any garden bed.⁠
It softens edges, introduces vibrant color, and creates a smooth transition between taller plants and hardscaping elements. Especially in combinations with ornamental grasses or larger perennials, flowering borders bring balance and visual interest.⁠
⁠
For a refined and long-lasting effect, try following varieties:⁠
Mini Vista® White⁠
Mini Vista® Blue Violet⁠
Mini Vista® Violet Star⁠
⁠
These compact, vigorous varieties offer continuous blooms and a tidy habit — ideal for professional planting schemes.⁠
⁠
Stay tuned for more gardening tips. ;)⁠
⁠
#landscaping #gardeningtips #provenwinners #provenwinnerseurope","#landscaping,#gardeningtips,#provenwinners,#provenwinnerseurope",24,,2025-04-19T10:00:23.000Z,24 w
https://www.instagram.com/p/DPQsRRPkWvW/,gardeningtips,https://www.instagram.com/meadowcroftgc/,meadowcroftgc,"Here are Simon’s gardening tips for October👩‍🌾 

#meadowcroftgc #simonsays #octobergardening #autumn #gardeningtips","#meadowcroftgc,#simonsays,#octobergardening,#autumn,#gardeningtips",10,,2025-10-02T06:51:19.000Z,1 w
https://www.instagram.com/p/DL_5y23qeLN/,gardeningtips,https://www.instagram.com/our_rosebury_home/,our_rosebury_home,"My favourite low maintenance plants which you need in your garden 🌸🪴!

It’s another roasting hot day here today ☀️!

#gardentips #newbuildgarden #gardeninspo #porcelaintiles #asmr #asmrsound #gardenpath #gardeningtips","#gardentips,#newbuildgarden,#gardeninspo,#porcelaintiles,#asmr,#asmrsound,#gardenpath,#gardeningtips",344,,2025-07-12T06:57:15.000Z,12 w
https://www.instagram.com/p/DPg5RPVk5R_/,gardeningtips,https://www.instagram.com/bobvila/,bobvila,"The gardener's best-kept secret? Spring growing doesn't start in spring - it starts now. 

#plantingbulbs #fallgardening #springblooms #gardenprep #bulbgardening #gardeningtips #homegarden #cozygarden #plantlove #gardenvibes #autumngarden #gardeningideas #seasonalgarden #bulblove #gardenprojects","#plantingbulbs,#fallgardening,#springblooms,#gardenprep,#bulbgardening,#gardeningtips,#homegarden,#cozygarden,#plantlove,#gardenvibes,#autumngarden,#gardeningideas,#seasonalgarden,#bulblove,#gardenprojects",4,,2025-10-07T16:01:50.000Z,1 d
https://www.instagram.com/p/DI_3Lm_P9Hi/,gardeningtips,https://www.instagram.com/baysingerrealestate/,baysingerrealestate,"May Gardening Tips: What to Plant Now!

Spring is in full bloom, and May is the perfect time to get your garden thriving. Here’s what you can plant this month:

• Vegetables: Tomatoes, peppers, cucumbers, zucchini, beans, and corn.
• Flowers: Sunflowers, marigolds, petunias, and zinnias for vibrant color all summer long.
• Herbs: Basil, cilantro, dill, and parsley — fresh flavors at your fingertips!
• Perennials: Lavender, salvia, and coneflowers will come back year after year.

Pro Tip: Be sure to harden off your seedlings if you started them indoors by gradually introducing them to outdoor weather. Happy planting!

#GardeningTips #SpringPlanting #HomeownerLife #GardenGoals","#GardeningTips,#SpringPlanting,#HomeownerLife,#GardenGoals",2,,2025-04-28T17:00:12.000Z,23 w
https://www.instagram.com/p/DJsManczGE3/,gardeningtips,https://www.instagram.com/hoselinkaustralia/,hoselinkaustralia,"If you’ve ever thought about trying any of the @hoselinkaustralia Liquid fertiliser range there’s never been a better time as they’re currently 50% off . You’ll find them available online at Hoselink.com.au
.
.
.
.
.
Paid post for Hoselink 
#homegrown #growyourownfood #vegetablegarden #ediblegarden #gardeningaustralia #thehappygardeninglife  #organic #fresh #organicgarden #organicgardenermag 
#gardeningtips #freshisbest #veggiepatch #growyourown #gardenlove #mygarden #greenthumb #homegrown #homegrownfood #hoselink #hoselinkofficial  #hoselinkaustralia","#homegrown,#growyourownfood,#vegetablegarden,#ediblegarden,#gardeningaustralia,#thehappygardeninglife,#organic,#fresh,#organicgarden,#organicgardenermag,#gardeningtips,#freshisbest,#veggiepatch,#growyourown,#gardenlove,#mygarden,#greenthumb,#homegrown,#homegrownfood,#hoselink,#hoselinkofficial,#hoselinkaustralia",,,2025-05-15T22:14:10.000Z,20 w
https://www.instagram.com/p/DLCpZfCODrp/,gardeningtips,https://www.instagram.com/homegrown.florida/,homegrown.florida,"I get asked all the time what to plant and when, especially here in Florida where the seasons are totally different. 🌿 This infographic is a quick visual to help you figure out which crops grow best by season:

• Cool season = winter
• Warm season = spring and fall
• Hot season = summer

If you’re just getting started or want more help planning out your garden, head to HomegrownFloridaGarden.com (linked in my bio). I’ve got tons of resources there from seasonal planting guides to my favorite varieties, blog posts, and even a free garden planner ebook to get you going. ❤️

#FloridaGardening #GrowYourOwnFood #GardeningTips #HomeGarden #SeasonalPlanting","#FloridaGardening,#GrowYourOwnFood,#GardeningTips,#HomeGarden,#SeasonalPlanting",69,,2025-06-18T16:33:40.000Z,16 w
https://www.instagram.com/p/DPUU3TMj5LH/,gardeningtips,https://www.instagram.com/thyme.to.grow/,thyme.to.grow,"It’s officially OCTOBER! 🎃
Are you ready? But is your garden ready?
Check out these planting and planning tips to get your garden on ready for the upcoming month - these tips are tailored for the southeast, but can be used in most areas, Zones 7-9! 🍁",,6,,2025-10-02T18:52:45.000Z,6 d
https://www.instagram.com/p/DMSr4OgoVxR/,gardeningtips,https://www.instagram.com/ferrymorseseed/,ferrymorseseed,"Still planting? Here are 3 companion combos that work great in July.
🍅🌿 Tomatoes + Basil
🫛🌼 Green Beans + Marigolds
🥒🌺 Cucumbers + Nasturtiums

These pairings help with pest control, pollination, and garden health—even mid-season.
And yes, you can still plant them—especially in warmer zones (6–10).

#companionplanting #ferrymorse #homegardenideas #growyourownfood #gardeningtips","#companionplanting,#ferrymorse,#homegardenideas,#growyourownfood,#gardeningtips",76,,2025-07-19T14:01:12.000Z,11 w
https://www.instagram.com/p/DPVISE8jKfb/,gardeningtips,https://www.instagram.com/umdhgic/,umdhgic,"Autumn is in the air, and cozy season is just around the corner! Here are your October gardening tips and tasks. 🍁🍂 Consider leaving some leaves to support overwintering insects! 

For more tips and an accessible view visit: https://extension.umd.edu/resource/october-gardening-tips-and-tasks/
Visit the ""Monthly Tips"" link in our bio
#gardeningtips #maryland #umdhgic #autumn #leavetheleaves","#gardeningtips,#maryland,#umdhgic,#autumn,#leavetheleaves",69,,2025-10-08T16:11:15.000Z,19 h
https://www.instagram.com/p/DLW5YkNJM0G/,gardeningtips,https://www.instagram.com/gardening_.lover_n/,gardening_.lover_n,"vegetable Gardening Ideas For Home 🏡 

🎥 Source by: TT @ homegardeninguk

( ❗ Important: Contact the owner first to use this photo​​​​​​​​
⚠️ All rights® are reserved & belong to the photo owners. ​​​​​​​​)

----------

✅ 🎯 Share with a friend​​​​​​​​
💾 Save​​​​​​​​
👍Like

🔔 Turn Post Notification On
*
Follow our to see Pictures/Videos every day

👉 For shirts you'll find the link on my Bio👆👆👆

Thank you so much ☺️

〰️〰️〰️〰️〰️〰️〰️〰️〰️〰️〰️
#gardening101 #gardeningtips #gardeningproblems #gardening4pleasure #gardeningtools #gardening_feature #gardeningfun #gardeningisfun #gardeningtime #gardeningphoto #gardeninglove #gardeninglife #gardeningseason #gardeningday #gardeningtherapy #gardeningaustraliamag #gardeninguk","#gardening101,#gardeningtips,#gardeningproblems,#gardening4pleasure,#gardeningtools,#gardening_feature,#gardeningfun,#gardeningisfun,#gardeningtime,#gardeningphoto,#gardeninglove,#gardeninglife,#gardeningseason,#gardeningday,#gardeningtherapy,#gardeningaustraliamag,#gardeninguk",14,,2025-06-26T08:44:47.000Z,15 w
https://www.instagram.com/p/DOcSQ8WgBHs/,gardeningtips,https://www.instagram.com/kidsherbalism/,kidsherbalism,"🌸✨ 9 Flowers to Save Seeds From for Next Year! ✨🌸

Planning ahead for next year’s blooms starts now! Here are 9 garden favorites to collect seeds from and save for a pollinator-friendly garden:

🌼 Zinnia
🌼 Marigold
🌼 Poppy
🌼 Purple Coneflower
🌼 Milkweed
🌼 Black-Eyed Susan
🌼 Aster
🌼 Joe Pye Weed
🌼 Blazing Star

💡 Seed saving not only saves 💵 but also supports pollinators and keeps your garden thriving with plants that are already happy in your soil and climate.

📌 Save this post for seed-saving season and tag a friend who loves gardening! 🌱

✨ Big thanks to Garden Success Tips on Facebook for this gorgeous graphic! 🙌

👇 Drop your favorite seed-saving flower in the comments to help other gardeners grow their list!

#gardeningtips #seedsaving #gardeningcommunity #gardenlove #gardeninspiration #pollinatorgarden #seedcollecting #saveseeds #gardentips #gardendesign #gardenplanning #growyourown","#gardeningtips,#seedsaving,#gardeningcommunity,#gardenlove,#gardeninspiration,#pollinatorgarden,#seedcollecting,#saveseeds,#gardentips,#gardendesign,#gardenplanning,#growyourown",1104,,2025-09-11T00:32:34.000Z,4 w
https://www.instagram.com/p/DMmeRI6skEx/,gardeningtips,https://www.instagram.com/tigersheds/,tigersheds,"I never knew it would be this amazing…

This time last year one are of my garden made me so sad!  Not because of the mess but because the realisation hit me that our boys were growing and had outgrown all the little things they used to love!

It was time for the garden to evolve to suit our new life but I did cry when that climbing frame came down! 😢

We always dreamt of creating space for our family and with the help of @tigersheds our dreams became a reality! Ad (long term partnership) 

We built the ‘Procas 16x10 44mm Log Cabin’ comment TIGER for the link.

We were very lucky that we already had a concrete base there (previous owners had a cabin) and the build couldn’t have been easier!

Honestly it took us both just 6 hours to get it built and it was so easy to do!  The interior then took us a bit of time and we wanted to insulate the floor so within 6 months it was all done!

When adding anything big to the garden having nice planting can really soften the look! I wanted a wafty grass vibe and they are growing really nicely!

My sadness has shifted to hapiness now I see how much fun the boys have and I know we will have many happy years of memories here!

If you have any questions about the cabin then you can ask us or Tiger and we will be happy to help x 

🌷Comment below if you’d like any of my links sent to you 😘

MEMBERSHIP- Join My Beginner Gardening Club

COURSE - Buy my ‘Beginner Gardener 
Course’ 

PL4NTS - Bargain perennial plants 

BULBZ - Link to bargain spring bulbs 

BLOOMZ- FREE Dahlia Grow Along 

STORE- My Amazon Storefront 

BORDERZ-Buy my ‘Borders For Beginners’ Course

POTZ- Buy my ‘Container Gardening’ Course

GROWALONG - FREE seed grow-a-long 

COLLECTION - My seed collection

Follow me @lookinsidemygarden for:
🌸 Daily gardening on stories 
🌱Beginner gardener tips
🪴 Grow alongs
✨ Garden transformations 
💕Life, laughs and community 

#gardening#gardeningtips#garden","#gardening,#gardeningtips,#garden",7757,,2025-07-27T16:14:51.000Z,10 w
https://www.instagram.com/p/DPG0t4ajtwm/,gardeningtips,https://www.instagram.com/gardenplanning/,gardenplanning,"🌼✨ Save today’s blooms for tomorrow’s garden! ✨🌼

Instead of letting your flowers fade away, collect their seeds now and give yourself a head start for next year’s garden. Seed-saving keeps your favorites coming back stronger—already adapted to your soil and climate. Plus, it’s sustainable and budget-friendly! 🌍💚

Here are 9 flower seeds worth saving:
🌸 Zinnias
🌼 Calendula
🌞 Marigold
💗 Cosmos
🌻 Sunflower
🌿 Echinacea
💙 Nigella
🧡 Rudbeckia
💜 Hollyhocks

📲 Want to track your seeds, organize planting schedules, and never miss a bloom? Comment “BLOOM” and we’ll send you the Bloom Buddy app link—your digital garden helper!

#saveseeds #flowergarden #seedcollecting #gardeningtips #sustainableliving #gardenplanning #bloomwithus 🌱💐","#saveseeds,#flowergarden,#seedcollecting,#gardeningtips,#sustainableliving,#gardenplanning,#bloomwithus",2005,,2025-09-27T13:01:48.000Z,1 w
https://www.instagram.com/p/DObldwVk8GH/,gardeningtips,https://www.instagram.com/groundwork_gm/,groundwork_gm,"One thing that's rarely spoken about is how hard growing your own food can be!

Between finding a space to grow, sowing the right seeds and knowing when to harvest, growing your own can feel overwhelming, especially when nature doesn’t stick to the plan 🍓🥔

To boost your confidence, we've created a growing guide which highlights the key steps that can be taken each month to turn your space into a thriving, productive oasis, without the stress 💚

You can find the link to all our resources in our bio!",,13,,2025-09-10T18:01:26.000Z,4 w
https://www.instagram.com/p/DNIuqygNOng/,gardeningtips,https://www.instagram.com/youcandoitgardening/,youcandoitgardening,"When you get right down to it I am a pretty lazy gardener. I like to cut corners and save my energy and time for something fun like expanding new areas; tasks that result in a good return on my investment, like deadheading to get more flowers; drudgery like weeding; watering plants to help them get established or to prevent established plants from dying; and pruning, which is a task that is needed and which I love but which can still feel like a chore. 

Being lazy can also have several wonderful additional benefits: 1. It’s good for the soil because everything breaks down. 2. It acts as mulch so it helps to minimize weeds and retain moisture, as well as regulating soil temperature. 3. It provides habitat for insects and other creatures over the winter, which results in more available food in the spring. 4. And it can provide food over the winter for birds. 

Why doesn’t everyone do this? They don’t know, they don’t like a “messy” garden, or they have restrictions on how a garden looks. If you are in the last two categories, modify this slightly to make it work for you. (And them.)

Lees work=more benefits. For those who already do this, anything else to add? For others new to this, join us!🐧🐝🐞

About me: I’m a garden coach and I help people save time and money and find joy in gardening. For more hands-on guidance, visit my website for information about how to book an in-person consultation in the Boston area or virtual consultation anywhere.  https://www.youcandoitgardening.com You can also visit my Linktree for other resources and subscribe to this account to support the work I do and for extra content and Q&A in DMs! 
#youcandoitgardening #gardeningtips #chopanddrop #goodsoil #lazygardening #gardeningforbeginners #gardening","#youcandoitgardening,#gardeningtips,#chopanddrop,#goodsoil,#lazygardening,#gardeningforbeginners,#gardening",3245,,2025-08-09T13:44:34.000Z,8 w
https://www.instagram.com/p/DPhxKJXAN5N/,gardeningtips,https://www.instagram.com/teambensonsdesertgarden/,teambensonsdesertgarden,"Hey Guys,
I'm going live in the Chat on YouTube in 10 minutes, I'm talking about whether you should get garden starts at a big box store or a local nursery.  Join the discussion! 
https://youtu.be/j9oHtwpEG38

#GardeningTips #PlantCare #GardenStarts #LocalNursery #GrowYourOwn #GardenBeginners #SustainableLiving #homegarden","#GardeningTips,#PlantCare,#GardenStarts,#LocalNursery,#GrowYourOwn,#GardenBeginners,#SustainableLiving,#homegarden",7,,2025-10-08T00:10:07.000Z,1 d
https://www.instagram.com/p/DMm3m8CPqpp/,gardeningtips,https://www.instagram.com/gardening_igbax/,gardening_igbax,"Credit gardening_for_beginner_ Tips
What is your favorite shirt⁠
💥 𝗦𝗛𝗢𝗣 𝗡𝗢𝗪 🔥𝗟𝗜𝗡𝗞 𝗜𝗡 𝗠𝗬 𝗕𝗜𝗢 👆🏻 𝗦𝗵𝗶𝗽𝗽𝗶𝗻𝗴 ✈️⁠ #thehappygardeninglife #epicgardening #gardeningtips #containergardening #gardeninglife #indoorgardening #gardening_feature #backyardgardening #gardeningwithkids #gardeninglove #gardening101 #gardeningmakesmehappy #gardeningislife #gardeningtherapy #instagardening #gardeningfun #gardeningismytherapy #vegetablegardening #gardeningaustralia #urbangardening #gardening #balconygardening #ilovegardening #organicgardening #happygardening #gardeningtime #gardeningideas #homegardening #gardeningisfun #lovegardening","#thehappygardeninglife,#epicgardening,#gardeningtips,#containergardening,#gardeninglife,#indoorgardening,#gardening_feature,#backyardgardening,#gardeningwithkids,#gardeninglove,#gardening101,#gardeningmakesmehappy,#gardeningislife,#gardeningtherapy,#instagardening,#gardeningfun,#gardeningismytherapy,#vegetablegardening,#gardeningaustralia,#urbangardening,#gardening,#balconygardening,#ilovegardening,#organicgardening,#happygardening,#gardeningtime,#gardeningideas,#homegardening,#gardeningisfun,#lovegardening",531,,2025-07-27T10:08:30.000Z,10 w
https://www.instagram.com/p/DPRyKmmjS3W/,gardeningtips,https://www.instagram.com/litchfieldandfoxgardens/,litchfieldandfoxgardens,"Before any garden flourishes, its foundation must be strong — and that foundation is healthy soil. Think of soil as the gut of your garden — it digests nutrients, supports life, and keeps everything running smoothly.

🌿 If your plants are struggling, wilting, or growing slowly, the problem might not be the plant itself — it’s often what’s beneath it.

🍂 Add aged manure, or organic matter at the start of each season to your compost. This improves drainage, boosts microbial life, and helps roots absorb what they need.

🍀 A good rule of thumb: If your soil smells rich and earthy and crumbles in your hand — you’re on the right track! Healthy soil = healthier, more productive plants.

Your garden’s success begins underground. Dig deep! 🌱

#WednesdayWisdom #SoilHealth
#GardeningTips #CompostMagic
#GrowSmart #GardenBasics","#WednesdayWisdom,#SoilHealth,#GardeningTips,#CompostMagic,#GrowSmart,#GardenBasics",10,,2025-10-01T19:11:04.000Z,1 w
https://www.instagram.com/p/DMWOfFtR16I/,gardeningtips,https://www.instagram.com/sunnysidegardensmn/,sunnysidegardensmn,"Mid-summer in Minnesota means your perennials are showing off — and with just a little care, they’ll keep going strong through the season. 🌼

Here’s how to care for your perennial garden in July:
✔️ Deadhead Daylilies, Geraniums & other spent blooms
✔️ Cut back early bloomers like Catmint or Salvia back by half
✔️ Wait to divide or transplant until fall (if you can!)
✔️ Water deeply in the morning or evening

🌿 Stop in and let us help you keep your garden growing beautifully!

#gardeningtips #perennialcare  #minnesotagardens  #gardenmaintenance #homeandgarden #perennials","#gardeningtips,#perennialcare,#minnesotagardens,#gardenmaintenance,#homeandgarden,#perennials",36,,2025-07-20T23:01:19.000Z,11 w
https://www.instagram.com/p/DLTXnBvSlhQ/,gardeningtips,https://www.instagram.com/nutritiousmovement/,nutritiousmovement,"Whether you’ve been working on food security, rage gardening, creating habitat for birds and bugs, or just trying to find a little patch of peace, here are some stretches to soothe parts often feeling achy after time in the garden.

Find a full article and instructions for each move here (now in bio): nutritiousmovement.com/articles/sore-after-gardening-simple-stretches-for-stiff-parts
#rethinkyourposition #moveyourdna #willmoveforfood #gardenexercise #alignmentmatters #movementmatters #gardening #gardeningtips #gardeninglife","#rethinkyourposition,#moveyourdna,#willmoveforfood,#gardenexercise,#alignmentmatters,#movementmatters,#gardening,#gardeningtips,#gardeninglife",696,,2025-06-24T23:51:57.000Z,15 w
https://www.instagram.com/p/DOGvHAgibIh/,gardeningtips,https://www.instagram.com/umdhgic/,umdhgic,"🍂Can you feel it in the air? As fall approaches and the days grow shorter,  prepare to nurture your garden with our September Gardening Tips and Tasks.

For an accessible version and to access more September Garden Tips, visit our webpage: https://extension.umd.edu/resource/september-gardening-tips-and-tasks/ (Monthly Gardening Tips link in bio)

Have questions? Send them to us at go.umd.edu/askextension

¡También nos podemos ayudar con sus preguntas en español!

 #umdhgic  #gardeningtips  #maryland #sustainablehomegardening","#umdhgic,#gardeningtips,#maryland,#sustainablehomegardening",92,,2025-09-02T15:41:20.000Z,5 w
https://www.instagram.com/p/DLnVUYFOK_0/,gardeningtips,https://www.instagram.com/thyme.to.grow/,thyme.to.grow,"🎆JULY Planting + Planning🎆
July is undoubtedly one of our hottest months in the southeast. With that, we have to be careful of a few things - planting, watering, and preserving the plants we already have. The planting list is very limited, as you can see, unless you are sowing seeds for fall and winter. The biggest part of the summer is preserving - fighting off those pests (as needed), making sure your plants get enough water, and providing them with additional protection (mulch) and nutrients (fertilizer/ compost).",,4,,2025-07-02T17:57:12.000Z,14 w
https://www.instagram.com/p/DPQlogZDtEe/,gardeningtips,https://www.instagram.com/permacultureaustraliaofficial/,permacultureaustraliaofficial,"How-to: plant out your tomato seedlings. 🍅 Growing great tomatoes is a skill available to just about anyone. But there are a few tricks to getting things right, including during the planting out stage. ⁠
⁠
First up, before you get your hands dirty, it's best to plan how you're going to plant your toms - in a block or in a row? How far apart? Will you need a trellis? Then you'll need to prepare your soil and have a think about mulch...⁠
⁠
You can find details on all these steps at the 🔗 link in our bio 🔗 today.⁠
⁠
Alrighty - once you're ready to plant your seedlings out, here's how to do it:⁠
⁠
🍅 Use a garden trowel to make a hole in the mulch that’s about 15 cm (6 inches) wide and one and a half times as deep as the pot. Repeat for each tomato plant, spacing them according to your planting plan.⁠
⁠
🍅 Gently turn the pot upside down, with the seedling between your fingers and your hand flat against the surface of the soil, and remove from the pot.⁠
⁠
🍅 Plant your tomatoes deep, covering at least the bottom sets of leaves if you can - preferably more! These nodes will magically transform into roots as the tomato senses they have been buried. The more roots for your tomato plant, the better access it has to nutrients and water.⁠
⁠
🍅 Press the garden bed soil in around your little seedling and water it in with some diluted liquid fertiliser – we use home-made seaweed fertilizer.⁠
⁠
🍅 Make sure you leave some space in the mulch around the seedling to allow for good airflow… and your tomatoes are in!⁠
⁠
Happy tomato planting, southern folk - may it be a season of plentiful tomatoes, with a pantry full of sauces and preserves.⁠
⁠
Illustrations above taken from the Tomato Chapter of our #MilkwoodBook (drawn by @brenna_quinlan).⁠
⁠
⁠
#GrowingTomatoes #MilkwoodPermaculture #OrganicGardening #Permaculture #GrowYourOwnVeggies #GardeningTips","#MilkwoodBook,#GrowingTomatoes,#MilkwoodPermaculture,#OrganicGardening,#Permaculture,#GrowYourOwnVeggies,#GardeningTips",413,,2025-10-01T08:02:25.000Z,1 w
https://www.instagram.com/p/DKb-2zIO-oM/,gardeningtips,https://www.instagram.com/handsheartchiro/,handsheartchiro,"☀️ June is here and the garden is calling! With the days growing longer and the sunshine finally showing up, now’s the time to roll up those sleeves and make the most of your green space 🌱💪

Whether you're sowing for autumn or getting your hands on your very first harvest of the season, these June gardening tips will help you stay on track and get the best from your plot 🌿🥕🍓

🧤 Check out our carousel for this month’s must-do jobs in the garden!

#HealthAtHome  #HandsAndHeartChiropractic #GrowYourOwn #AllotmentTips #CarlisleChiropractor #GardeningTips","#HealthAtHome,#HandsAndHeartChiropractic,#GrowYourOwn,#AllotmentTips,#CarlisleChiropractor,#GardeningTips",4,,2025-06-03T11:37:24.000Z,18 w
https://www.instagram.com/p/DN66BoQDwZr/,gardeningtips,https://www.instagram.com/jaikishannursery/,jaikishannursery,"🌿 पुरानो गमलाको माटोलाई नयाँजस्तै कसरी बनाउने? 🌿

के तपाईंको गमलामा प्रयोग भएको माटो अब उपयोगी छैन जस्तो लाग्छ? 🪴 चिन्ता नलिनुहोस्, यसलाई फेरि नयाँजस्तै बनाउन सकिन्छ! ✨

✅ सफा गर्नुहोस् – पुराना जराहरू, पात र फोहोर हटाउनुहोस्।
✅ सूर्यमा राख्नुहोस् ☀️ – रोग र कीरा मार्न माटो प्लास्टिकले छोपेर केही हप्ता घाममा राख्नुहोस्।
✅ पोषक थप्नुहोस् 🍃 – कम्पोस्ट, गोबर मल, वर्म कास्टिङ्स, कोको कोइर वा पर्लाइट मिसाउनुहोस्।
✅ पुन: प्रयोग गर्नुहोस् 🌱 – गमला, raised bed, वा कम्पोस्टमा प्रयोग गर्न सकिन्छ।
✅ सुरक्षित भण्डारण गर्नुहोस् 🛢️ – सुक्खा र छायाँ ठाउँमा राख्नुहोस्।

👉 यसरी पुरानो माटो पुनर्जीवित गरेर 🌎 वातावरण जोगाऔं, 💰 खर्च बचाऔं, र 🌸 सुन्दर बगैंचा बनाऔं!
www.jaikishannursery.com.np

#जयकिशननर्सरी 🌱 #GardeningTips 🌿 #nepalgarden","#जयकिशननर्सरी,#GardeningTips,#nepalgarden",,,2025-08-29T01:25:50.000Z,5 w
https://www.instagram.com/p/DNTa--AJ6Qq/,gardeningtips,https://www.instagram.com/urimastergardeners/,urimastergardeners,"It’s August and time to plant the fall vegetable patch!

According to the University of New Hampshire, it’s ”a great time to sow many vegetables for a fall harvest. In some ways, it is easier than growing in the spring because there is less annual weed pressure, and many pest insects have already completed their lifecycles. Also, with cooler temperatures, and hopefully increased precipitation, you should be able to easily extend your fresh produce season.”

Check out the URI Planting Calendar (we'd added it to the Linktree in our bio!) to see which plants to direct sew this month to revive the garden. There are plenty of options to keep the harvest going well into October. Grab your seeds & garden gloves and head back out for round two!

#fallplanting #vegetablegarden #gardeningtips","#fallplanting,#vegetablegarden,#gardeningtips",14,,2025-08-13T17:27:31.000Z,8 w
https://www.instagram.com/p/DMvo7P_yQ9B/,gardeningtips,https://www.instagram.com/figmentcottagegardens/,figmentcottagegardens,"Mid summer is tough on many garden plants—but not these!

These seem immune to powdery mildew or a lapse in blooms.

Add clumps of these perennials and shrubs to keep your garden blooming July-August and bridge the gap until fall plants start flowering in September.

What’s your favorite long blooming summer flower?

#cottagegarden #summergarden #gardeningtips","#cottagegarden,#summergarden,#gardeningtips",1036,,2025-07-30T19:53:22.000Z,10 w
https://www.instagram.com/p/DKdGJOmsIXf/,gardeningtips,https://www.instagram.com/gardenersedge/,gardenersedge,"🌱 Do your garden plants need a little more support? Install some cage supports for your peppers and eggplants for healthy and strong growth.🌶💪

Get yours today! ✨

SKU# PS30: Pepper and Eggplant Support, 30-Inch, 3-Pack
Find them at gardenersedge.com (link in bio.)

#gardening #gardeningtips #gardeninglife #peppers #trellises #trellis #vegetable #vegetablegarden #vegetablegardening #happygardening #growyourownfood #GreenThumb #plantlover #greenhouse #homestead #gardentools #botanical #gardencenter #gardentoolset #healthygarden #plantsupports","#gardening,#gardeningtips,#gardeninglife,#peppers,#trellises,#trellis,#vegetable,#vegetablegarden,#vegetablegardening,#happygardening,#growyourownfood,#GreenThumb,#plantlover,#greenhouse,#homestead,#gardentools,#botanical,#gardencenter,#gardentoolset,#healthygarden,#plantsupports",2,,2025-06-03T22:00:19.000Z,18 w
https://www.instagram.com/p/DIgps2fIZpu/,gardeningtips,https://www.instagram.com/wykehammatureplants/,wykehammatureplants,"Keep your new trees thriving! 🌱 

Check out our handy guide for expert tips! Head to our website more in-depth guides and information 🌳 

www.wykehammatureplants.co.uk 

#TreeCare #GardeningTips #wykehammatureplants
#gardenguides","#TreeCare,#GardeningTips,#wykehammatureplants,#gardenguides",14,,2025-04-16T14:05:59.000Z,25 w
https://www.instagram.com/p/DKXhK1jxhZj/,gardeningtips,https://www.instagram.com/gardenmeister_official/,gardenmeister_official,"June is a great month to get growing in your greenhouse. In the image, you’ll see cress, chinese cabbage, melon and parsley. These plants do well when sown now. 

What’s growing in your garden this month?

#gardeningtips #gardening #vegetablegarden #greenhouse #plantgrowing","#gardeningtips,#gardening,#vegetablegarden,#greenhouse,#plantgrowing",1,,2025-06-01T18:01:01.000Z,18 w
https://www.instagram.com/p/DOoJ_DyE3N4/,gardeningtips,https://www.instagram.com/laketahoemg/,laketahoemg,"Here are 5 tips for your garden this September:

1. Prune: Remove any dead or diseased wood from your trees and shrubs.
For perennials, cut back summer dormant perennials that don’t provide seeds for our native species.
2. Mulch: Add mulch to your garden beds to insulate roots and conserve moisture.
3. Plant: Begin planting spring-blooming bulbs for next year’s display. Fall is also the ideal time to plant as the days are cooler making it easier for container plants to establish.
4. Water Wisely: As cooler weather approaches, reduce irrigation frequency but ensure deep watering.
5. Transplant and Divide: Move plants that are not sited properly for best performance. Separate large clumps to replant and share with your gardening friends and neighbors.(Be careful not to share invasive plants).

What else is on your list?

#fallgardeningtips #gardening #gardeningtips #ucanr #ucmastergardener #tahoemastergardeners","#fallgardeningtips,#gardening,#gardeningtips,#ucanr,#ucmastergardener,#tahoemastergardeners",5,,2025-09-15T15:11:07.000Z,3 w
https://www.instagram.com/p/DNBWp8TKe5n/,gardeningtips,https://www.instagram.com/topsoil.co.uk/,topsoil.co.uk,"✈️ Heading off on holiday? Don’t forget your allotment! 🌿💧

Before you go:
✅ Give everything a deep soak
✅ Harvest as much as you can
✅ Ask a neighbour or friend to water while you're away

#AllotmentLife #HolidayPrep #SummerWatering #GardeningTips #GrowYourOwn","#AllotmentLife,#HolidayPrep,#SummerWatering,#GardeningTips,#GrowYourOwn",2,,2025-08-06T17:00:10.000Z,9 w
https://www.instagram.com/p/DIPIYz-Ojqj/,gardeningtips,https://www.instagram.com/littlemisssunshinegardenshop/,littlemisssunshinegardenshop,"CONTAINER GARDENING 101
🌺🌸🌼🌻🪻🌹🌷🪻

Want to add some greenery to your patio, balcony, or porch? Container gardening is the way to go!

Here are some tips to create a stunning container garden:

1. *Choose the right containers*: Select containers that are at least 5-7 gallons to provide enough room for soil and roots.
2. *Select a good potting mix*: Use a high-quality potting mix that drains well and is specifically designed for containers.
3. *Pick a variety of plants*: Combine plants with different textures, colors, and heights to add visual interest.
4. *Consider the sun and shade*: Choose plants that match the amount of sunlight your container receives.
5. *Water wisely*: Water your containers when the top inch of soil feels dry to the touch.
6. *Fertilize regularly*: Feed your plants with a balanced fertilizer to promote healthy growth.

Some popular plants for container gardens include:

- Herbs like basil and rosemary
- Flowers like petunias and geraniums
- Vegetables like tomatoes and peppers
- Succulents and cacti for low-maintenance options

Get creative and have fun with your container garden!

Share your favorite container gardening tips and photos in the comments below!

#ContainerGardening #GardeningTips #PatioGarden #BalconyGarden #PorchGarden #springishere #springgardening #plantcommunity #followｍe #wegrowtogether","#ContainerGardening,#GardeningTips,#PatioGarden,#BalconyGarden,#PorchGarden,#springishere,#springgardening,#plantcommunity,#followｍe,#wegrowtogether",2,,2025-04-09T18:47:46.000Z,26 w
https://www.instagram.com/p/DKFWt3eKhBP/,gardeningtips,https://www.instagram.com/sylvagrow/,sylvagrow,"Things we do with SylvaGrow bags 

Our Area Sales Manager, James, has been putting SylvaGrow Tub & Basket to work in his greenhouse—using the bags themselves as planters! He’s growing a delicious mix of tomatoes, sweet peppers, cucumbers, and even garlic. 🥒🍅🧄

But the magic doesn’t stop once the compost is used…
Did you know SylvaGrow bags are strong enough to reuse for garden waste trips, DIY projects, or storage. And when they finally wear out, you can still recycle them! ♻️ Many garden centres accept old compost bags for recycling so check with your local centre. 
.
.
.
.

#SylvaGrow #GardeningTips #SustainableGardening #GrowYourOwn","#SylvaGrow,#GardeningTips,#SustainableGardening,#GrowYourOwn",38,,2025-05-25T16:43:23.000Z,19 w
https://www.instagram.com/p/DPbDisjiMwI/,gardeningtips,https://www.instagram.com/lookinsidemygarden/,lookinsidemygarden,"Morning - Free plants anyone…

I can’t help myself I just love taking cuttings 🤭

I only discovered in the last week how old and rough my favourite ever spring perennial was looking so I needed to take back up cuttings so I don’t have to buy anymore.  It’s called Viscaria Vulgaris “sticky catch fly” and I adore it!

It’s SO easy to take cuttings to fill your garden on a budget!

🌷Comment below if you’d like any of my links sent to you 😘

MEMBERSHIP- Sign Up To My ‘Gardening Monthly Membership’ 

COURSE - Buy my ‘Beginner Gardener Course’ 

PEST - Link to my pest control 

BLOOMZ- FREE Dahlia Grow Along 

STORE- My Amazon Affiliate Storefront 

BORDERZ-Buy my ‘Borders For Beginners’ Course

POTZ- Buy my ‘Container Gardening’ Course

Follow me @lookinsidemygarden for:
🌸 Daily gardening on stories 
🌱Beginner gardener tips
🪴 Gardening on a budget 
✨ Garden transformations 
💕 Gardening made easy 

#gardening#gardeningtips#garden#gardenlife","#gardening,#gardeningtips,#garden,#gardenlife",431,,2025-10-05T09:36:06.000Z,4 d
https://www.instagram.com/p/DJAYYyguwUU/,gardeningtips,https://www.instagram.com/1nicedude/,1nicedude,"👨🏽‍🌾🪴 #Plants that repel #mosquitos 🦟 

#MosquitoControl #plants #gardening #gardeningtips","#Plants,#mosquitos,#MosquitoControl,#plants,#gardening,#gardeningtips",17,,2025-04-28T21:50:22.000Z,23 w
https://www.instagram.com/p/DN0oT9fXldY/,gardeningtips,https://www.instagram.com/_gardeninghacks/,_gardeninghacks,"How to make homemade fertilizers for plants?🌿.

🤜 Tag your Friends and family who Love to see this ❤️

🔔 Turn Post Notification On

Thank you ! ❤️

#garden #gardentips #gardening #gardeningtips #gardening #gardeninghacks #planting #planttips #agriculture #farming #EcoFriendly #OrganicGardening #HomeGarden #NatureLovers #GreenThumb #FYP #LifeHacks #TikTokMadeMeDoIt #Viral #ForYouPage #BakingSodaMagic #gardeningcommunity","#garden,#gardentips,#gardening,#gardeningtips,#gardening,#gardeninghacks,#planting,#planttips,#agriculture,#farming,#EcoFriendly,#OrganicGardening,#HomeGarden,#NatureLovers,#GreenThumb,#FYP,#LifeHacks,#TikTokMadeMeDoIt,#Viral,#ForYouPage,#BakingSodaMagic,#gardeningcommunity",2,,2025-08-26T14:55:35.000Z,6 w
https://www.instagram.com/p/DKNR6E_yNuG/,gardeningtips,https://www.instagram.com/missoula_ecologyextension/,missoula_ecologyextension,"It’s finally warm enough, our last frost has passed!! Tomatoes, beans, peppers, squash—get ‘em in! 

Be sure to harden off and mulch for moisture. If your tomatoes look like this, pull them out, mark the date, and remember for next year not to plant warm-season veggies too soon! What are you planting this week?

#montanatomatoes #missoulacounty #hortreport #warmseason 
#veggies #gardening #gardeningtips","#montanatomatoes,#missoulacounty,#hortreport,#warmseason,#veggies,#gardening,#gardeningtips",38,,2025-05-28T18:35:16.000Z,19 w
https://www.instagram.com/p/DPWQBHMDrkQ/,gardeningtips,https://www.instagram.com/youcandoitgardening/,youcandoitgardening,"Nothing to see here!! Apply to any ground cover and water well after planting. Free plants!

Be careful: if you have something that is a fast spreader, like English ivy, pachysandra, invasive forms of dead nettle or vinca/myrtle, please don’t spread this around your property and especially not near the property line where it could escape into woods or to your neighbors. (A note on the plant I was moving around which is White Nancy lamium/ spotted dead nettle (Lamium maculatum). It is not native to North America but is not known to be invasive. Plants behave differently in different locations. For example, I have Myrtle/vinca minor and it’s been very slow grower but it can spread into the woods and take over native plants in other locations so please be on the lookout for this and select something that will behave in your region and yard. 

No matter what, English ivy is a hard no. Nurseries need to stop selling that. 

Suggestions for ground cover welcome and please note if they’re native. 

I meet with people in person around the Boston area and virtually all over the country and Canada. To book a consultation visit my Linktree or website: https://www.youcandoitgardening.com Videos are usually done by clients. 

You can also subscribe to this account  for extra content and Q&A in DMs. This supports the work I do.😊

#youcandoitgardening #groundcover #gardeningforbeginners #gardeningtips #gardencoach #gardening #landscaping #gardening101","#youcandoitgardening,#groundcover,#gardeningforbeginners,#gardeningtips,#gardencoach,#gardening,#landscaping,#gardening101",1281,,2025-10-03T12:48:53.000Z,5 d
https://www.instagram.com/p/DKw8dkcs4Yv/,gardeningtips,https://www.instagram.com/sunnysidegardensmn/,sunnysidegardensmn,"This cool, rainy stretch has our garden beds thriving—and the weeds right alongside them. 🌱
👉 Before they take over, here are our top Sunnyside-approved weeding tips to keep your plants happy, healthy, and weed-free.
💛 Let’s get ahead of it—your garden will thank you! 

#weddingtips  #gardeningseason  #gardeningtips","#weddingtips,#gardeningseason,#gardeningtips",44,,2025-06-11T15:00:32.000Z,17 w
https://www.instagram.com/p/DJ87QLmz-EA/,gardeningtips,https://www.instagram.com/gardening_igbax/,gardening_igbax,"Credit gardening_for_beginner_ Tips
What is your favorite shirt⁠
💥 𝗦𝗛𝗢𝗣 𝗡𝗢𝗪 🔥𝗟𝗜𝗡𝗞 𝗜𝗡 𝗠𝗬 𝗕𝗜𝗢 👆🏻 𝗦𝗵𝗶𝗽𝗽𝗶𝗻𝗴 ✈️⁠

#gardening #urbangardening #organicgardening #gardeninglife #gardeningtips #gardeningisfun #gardeningaustralia #containergardening #indoorgardening #thehappygardeninglife #gardeningwithkids #lovegardening #homegardening #ilovegardening #backyardgardening #vegetablegardening #gardeninglove #gardening_feature #gardeningismytherapy #gardeningideas #gardeningmakesmehappy #gardening101 #gardeningfun #gardeningtime #epicgardening #balconygardening #instagardening #happygardening #gardeningislife #gardeningtherapy","#gardening,#urbangardening,#organicgardening,#gardeninglife,#gardeningtips,#gardeningisfun,#gardeningaustralia,#containergardening,#indoorgardening,#thehappygardeninglife,#gardeningwithkids,#lovegardening,#homegardening,#ilovegardening,#backyardgardening,#vegetablegardening,#gardeninglove,#gardening_feature,#gardeningismytherapy,#gardeningideas,#gardeningmakesmehappy,#gardening101,#gardeningfun,#gardeningtime,#epicgardening,#balconygardening,#instagardening,#happygardening,#gardeningislife,#gardeningtherapy",1017,,2025-05-22T10:09:27.000Z,20 w
https://www.instagram.com/p/DOjT1AbCQ_N/,gardeningtips,https://www.instagram.com/gardenplanning/,gardenplanning,"🍂 Fall is coming—don’t leave your garden unprepared!
The change of season is the perfect time to refresh, protect, and set the stage for a thriving garden next year. Here’s how:

🌱 Clean up spent plants to stop pests from overwintering
🌱 Refresh the soil with compost or organic matter
🌱 Plant cool-season crops like kale, spinach, and garlic
🌱 Protect perennials and shrubs with mulch and pruning
🌱 Support pollinators by leaving seed heads and brush piles
🌱 Care for your tools and lawn before frost hits

✨ Pro Tip: A little fall prep now means less stress and bigger rewards come spring.

📲 Want help tracking all these seasonal tasks?
Bloom Buddy keeps your garden organized, sends care reminders, and even tells you when it’s time to plant.
Comment “BLOOM” below and we’ll send you the app link!

#FallGardenPrep #SeasonalGardening #GardenPlanning #BLOOM🌱 #GardeningTips #FallGarden #FallGardening","#FallGardenPrep,#SeasonalGardening,#GardenPlanning,#BLOOM🌱,#GardeningTips,#FallGarden,#FallGardening",1215,,2025-09-13T18:00:36.000Z,3 w
https://www.instagram.com/p/DNxYEee4vfW/,gardeningtips,https://www.instagram.com/natasha_morgan_/,natasha_morgan_,"WOW!! Workshops are flying out the door!

ONE LUCKY LAST spot remains for my Garden Design workshop on Sunday 16 November 2025. 

If you’ve been thinking about it, now’s the time—this will be gone in a heartbeat.

But the good news is there are still tickets left for:
~ The Productive Garden
~ The Wicking Bed Garden
~ The Medicinal Garden with @thecottageherbalist (Caroline Parker). Caroline’s last workshop with me in 2024 completely sold out, so it’s such a joy to welcome her back.

📩 Want to be the first to know when new dates are released? Subscribe to my newsletter via the link in my bio.

Don’t wait—these workshops won’t last.

I’m honestly blown away by the support since releasing my spring workshops. 

Thank you! 
It means the world to me.
xx",,948,,2025-08-25T08:35:57.000Z,6 w
https://www.instagram.com/p/DJJ95frstdW/,gardeningtips,https://www.instagram.com/williamdavisnh/,williamdavisnh,"Landscaper's tips for your new build garden 🌿

As we celebrate National Gardening Week, we’re sharing expert advice from John Lewin, a landscaper with 35 years of experience creating stunning gardens for homeowners in William Davis Homes properties across the Midlands.

#NationalGardeningWeek #GardeningTips #NewBuildGarden #WilliamDavisHomes #WilliamDavis #Gardens","#NationalGardeningWeek,#GardeningTips,#NewBuildGarden,#WilliamDavisHomes,#WilliamDavis,#Gardens",11,,2025-05-02T15:11:21.000Z,22 w
https://www.instagram.com/p/DLASWHXzOPB/,gardeningtips,https://www.instagram.com/portageviewfarm/,portageviewfarm,"You can keep your garden growing through summer… and even into fall.
But only if you know what to do next. 👀

And you’re probably thinking:
“Jordyn… it’s only JUNE. My spring garden just started taking off — why are you already talking about fall?”

💬 I get it. I said the same thing just a few years ago.

But here’s the truth:
🌱 You need to start your fall seeds in early July if you want anything to harvest come September.

Because by the time fall hits, your crops need to be established — not just sprouting.
Once that first frost comes, those baby plants won’t stand a chance.

That means the best time to prep for fall?
👉🏼 Is right now.

And that’s exactly what I teach you inside Grow the Distance — our step-by-step masterclass that walks you through:

☀️ What to replant after harvesting
📆 How to calculate your frost dates
🌿 What crops still thrive in late summer

You don’t need more Pinterest boards or half-finished plans.
You need a system that shows you what to do next. And that’s what this class delivers.

📩 Comment GROW and I’ll send the link your way — you’re ready. Let’s get it planted!

.
.
.

#summergarden #fallgardenprep #gardeningtips #successionplanting #growthedistance #gardenplanning #selfsufficiency #intentionalgardening #organicgardening #beginnergardener #modernhomesteaders #homegrownfood #gardeningclass #gardenlife #gardenmaintenance","#summergarden,#fallgardenprep,#gardeningtips,#successionplanting,#growthedistance,#gardenplanning,#selfsufficiency,#intentionalgardening,#organicgardening,#beginnergardener,#modernhomesteaders,#homegrownfood,#gardeningclass,#gardenlife,#gardenmaintenance",87,,2025-06-17T14:00:08.000Z,16 w
https://www.instagram.com/p/DH_zja5CmOp/,gardeningtips,https://www.instagram.com/umdhgic/,umdhgic,"🌧April showers will bring flowers🪻, but they also bring plenty of enjoyable gardening work! Dust off your boots and sharpen your gardening tools because the growing season has arrived! 

Which new plants are you excited to try this year? 

To read more Tips & Tasks visit: https://extension.umd.edu/resource/april-gardening-tips-and-tasks/ 
-linkinbio

#Maryland #gardeningtips #homegardening #umdhgic","#Maryland,#gardeningtips,#homegardening,#umdhgic",71,,2025-04-03T19:57:08.000Z,26 w
https://www.instagram.com/p/DPUOY4PD7hr/,gardeningtips,https://www.instagram.com/placercountymgs/,placercountymgs,"🎃 October Gardening Tips!🍂🍁
October is here, and with it comes a mix of warm days and cool nights. As the seasons change, prepare your garden for the challenges and opportunities that lie ahead. Here are some friendly and supportive tips to help your garden thrive this October, no matter where you are in the Golden State!

🌱Care for Your Lawn

🌼Sow Wildflower Seeds

🥬Plant Cool-Season Crops

🌰Plant Garlic

🍂Maintain Winter Soil Health

🍊Enjoy Persimmon Season

💧Keep Watering

🔍 Inspect Your Watering System

🍅Harvest Pomegranates Wisely

🌿Plant Shrubs for the Future

🌾October is a busy and exciting time in the garden! By following these tips, you'll not only keep your garden thriving through the cooler months but also set yourself up for a successful spring. Embrace the changes of the season and enjoy all the beauty and bounty your garden has to offer! Happy gardening!
 
For more details in these tips, go here:
https://ucanr.edu/blog/uc-master-gardener-program-statewide-blog/article/october-garden-tip-hello-fall",,14,,2025-10-02T17:56:10.000Z,6 d
https://www.instagram.com/p/DPLn3-KiTkz/,gardeningtips,https://www.instagram.com/trellisblissindia/,trellisblissindia,"Dreaming of lush leaves and vibrant blooms? Make that dream a reality🌱🌿

Tap the link in the bio or DM us to get the link

#gardeningtips #gardening #gardensoil #plants #trellisblissindia 

Have you guys tried our Garden soil?","#gardeningtips,#gardening,#gardensoil,#plants,#trellisblissindia",4,,2025-09-29T09:45:42.000Z,1 w
https://www.instagram.com/p/DIvqQYatkRG/,gardeningtips,https://www.instagram.com/forest_and_leaf/,forest_and_leaf,"As with everything these days, gardening seems to have become an expensive hobby, but it doesn't need to be!

A few weeks ago several of you shared some brilliant time and money saving gardening tips with me, so I've popped together a selection of the best ones here.

Have a scroll through and let me know which ones you'll be trying. Do you have any other quick and easy gardening tips?

 #GardeningTips #gardeningtipsandtricks #gardeningtipsforbeginners #craiconwithcanva #northernlasslounge","#GardeningTips,#gardeningtipsandtricks,#gardeningtipsforbeginners,#craiconwithcanva,#northernlasslounge",34,,2025-04-22T09:59:24.000Z,24 w
https://www.instagram.com/p/DNyAH8rxJb6/,gardeningtips,https://www.instagram.com/lokmat_sakhi/,lokmat_sakhi,"रोप वाढत पण फुलंच येत नाही? 
मग कांद्याच्या सालींचा उपयोग करून बघा 

तुम्हाला अजून कोणते टॉपिक्स जाणून घ्यायला आवडेल कमेंट्स मधे सांगा. 

#Lokmatsakhi #Planting #Gardeningtips #Homegardening #Tipsandhacks #Remedy #Onionbenefits #Plants","#Lokmatsakhi,#Planting,#Gardeningtips,#Homegardening,#Tipsandhacks,#Remedy,#Onionbenefits,#Plants",2284,,2025-08-25T14:25:59.000Z,6 w
https://www.instagram.com/p/DM2BME5iiin/,gardeningtips,https://www.instagram.com/ukinexcess/,ukinexcess,"Hello, August! The peak of summer is here ☀️🥒🍓 Here’s what you can do in your garden this month to keep it thriving, from our in-house Horticulture Expert 🏡👨‍🌾

#Gardening #JuneGardenJobs #GardeningTips #GreenThumb","#Gardening,#JuneGardenJobs,#GardeningTips,#GreenThumb",8,,2025-08-02T07:20:04.000Z,9 w
https://www.instagram.com/p/DLCY6y4RR38/,gardeningtips,https://www.instagram.com/aleisha_lynch/,aleisha_lynch,"June's to do list in the garden

We are now in winter, the leaves have fallen off the trees, and the garden is becoming dormant. It’s now time to prune the perennial plants in your garden. The perennial plants that have a woody stem will need to be pruned to reduce the size by about two thirds. Other herbaceous perennials that have a soft stem and often have a clumping base or multiple stems will need to be pruned right down to ground level.

Now is also the time to sow Rhodanthe everlasting daisy seeds. Sow seeds on the surface of prepared soil, they will germinate quickly with the arrival of winter rain and provide beautiful blooms that will attract all the best garden allies to your garden.  

Happy Gardening!

🌱 Aleisha 

#thecompletepatch #gardenlifestyle #gardenhowto #gardeningtips #gardening #gardeninspiration #gardeninglife #gardenerslife","#thecompletepatch,#gardenlifestyle,#gardenhowto,#gardeningtips,#gardening,#gardeninspiration,#gardeninglife,#gardenerslife",30,,2025-06-18T09:36:16.000Z,16 w
https://www.instagram.com/p/DPiy7ZDCEVM/,gardeningtips,https://www.instagram.com/stbridgetexeter/,stbridgetexeter,"🍂October is a month of the 3 P’s: preparation, protection and planting!
October marks a turning point in the gardening calendar. The air is crisp, the leaves are falling, and while many plants are starting to die back for winter, it’s far from the end of gardening season. This is the time to prepare your beds, protect tender plants, and plant for colour next spring.

We’ve rounded up our top October gardening tips, plant picks and product recommendations to help you keep your garden looking its best through autumn and beyond. 🍂

Go to the full blog here: https://stbridget.uk/what-to-do-in-your-english-garden-in-october-2/

#GardeningTips #OctoberGarden #StBridgetNurseries #AutumnInTheGarden #GrowWithUs","#GardeningTips,#OctoberGarden,#StBridgetNurseries,#AutumnInTheGarden,#GrowWithUs",,,2025-10-08T09:44:50.000Z,1 d
https://www.instagram.com/p/DHGUb4oRf6z/,gardeningtips,https://www.instagram.com/akamudeltaomega/,akamudeltaomega,"Backyard Gardening, Louisville, KY:
https://spectrumnews1.com/ky/louisville/news/2023/09/13/urban-farming-iniative-seeks-to-expand-access-to-land--fresh-food (https://spectrumnews1.com/ky/louisville/news/2023/09/13/urban-farming-iniative-seeks-to-expand-access-to-land--fresh-food)
 
Black-Owned Farm:
https://bernheim.org/news/meet-leticia-marshall-of-bearfruit-grow/ (https://bernheim.org/news/meet-leticia-marshall-of-bearfruit-grow/)
 
GroLeafy, Gardening Tips:
https://www.facebook.com/GroLeafy/about (https://www.facebook.com/GroLeafy/about)
 
Black Girls with Gardens:
https://blackgirlswithgardens.com/about-us/ (https://blackgirlswithgardens.com/about-us/)

#GardeningTips #MDOEOE #SustainableLiving #EOEAKACentral
********************","#GardeningTips,#MDOEOE,#SustainableLiving,#EOEAKACentral",5,,2025-03-12T14:56:48.000Z,30 w
https://www.instagram.com/p/DI8UqVcPTTa/,gardeningtips,https://www.instagram.com/laylocksgardencentre/,laylocksgardencentre,"Tomatoes love good company 🌿🍅—here are some of the best companion plants to grow alongside them: 

 #LaylocksLove #PlantExperts #WorcesterGardenCentre #GardenInspiration #PlantLovers #GardeningTips #SpringGardening #WorcesterUK #VisitUs #GrowWithUs #laylocksgardencentre","#LaylocksLove,#PlantExperts,#WorcesterGardenCentre,#GardenInspiration,#PlantLovers,#GardeningTips,#SpringGardening,#WorcesterUK,#VisitUs,#GrowWithUs,#laylocksgardencentre",4,,2025-04-27T08:00:52.000Z,23 w
https://www.instagram.com/p/DIA81wTz4RU/,gardeningtips,https://www.instagram.com/roslyn_mary/,roslyn_mary,"COULDN’T 
Wait for the weekend!!

Been to the nursery this afternoon for veggie seedlings!
All now planted in our @henleys_rustics Wicking bed. 

Thank you Jo @henleys_rustics for such exceptional service & advice. 
I just love this inspiring Family business!!!
So grateful. 

Now it’s up to the Mountains to keep the sun shining above our garden!

Will keep you posted on progress!
Possums beware!!!!!

Happy weekend Everyone. 
Ros. 

#garden #vegetables #gardenlove #gardening #gardeningtips  #gardeningaustralia  #gardeningisfun  #gardeningislife  #gardeninglife  #bluemountains #love #foodislove  #food #foodlover  #nz #newzealandart #australiamade","#garden,#vegetables,#gardenlove,#gardening,#gardeningtips,#gardeningaustralia,#gardeningisfun,#gardeningislife,#gardeninglife,#bluemountains,#love,#foodislove,#food,#foodlover,#nz,#newzealandart,#australiamade",96,,2025-04-04T06:47:31.000Z,26 w
https://www.instagram.com/p/DI9HmQvoVSS/,gardeningtips,https://www.instagram.com/theonlinegardencenter/,theonlinegardencenter,"April is the perfect time to give your seedlings the best start in life! 🌱✨ Pricking out seedlings is like giving them their own little room to grow, just like when kids move from a shared bedroom to their own space. 🌿💪 #GardeningTips #SpringGardening #GreenThumb","#GardeningTips,#SpringGardening,#GreenThumb",10,,2025-04-27T15:26:02.000Z,23 w
https://www.instagram.com/p/DK_vWBTP_H7/,gardeningtips,https://www.instagram.com/gardeningaustraliamag/,gardeningaustraliamag,"My biggest regret last season was the lack of cherry tomatoes. Every colour has a different flavour plus Cherry toms are the first to ripen and are super productive. 

I wont make that mistake this year and thus Cherry tomatoes are on my grow list.

Do you plan to grow Cherry tomatoes this season?",,179,,2025-06-17T08:54:30.000Z,16 w
https://www.instagram.com/p/DPbtjryDvTA/,gardeningtips,https://www.instagram.com/youcandoitgardening/,youcandoitgardening,"Sometimes people just need a few small tweaks, encouragement, some plant suggestions and they run with it. Like @david_win_brown 🙌👏 Eventually the grass along the patio will be converted into plants but this will be done in stages. 

I meet with people in person around the Boston area and virtually all over the country and Canada. To book a consultation visit my Linktree or website: https://www.youcandoitgardening.com Videos are usually done by clients. 

You can also subscribe to this account  for extra content and Q&A in DMs. This supports the work I do.😊

#youcandoitgardening #gardeningforbeginners #gardeningtips #gardencoach #gardening #landscaping #gardening101","#youcandoitgardening,#gardeningforbeginners,#gardeningtips,#gardencoach,#gardening,#landscaping,#gardening101",980,,2025-10-05T15:58:42.000Z,3 d
https://www.instagram.com/p/DNYo3UGzZeO/,gardeningtips,https://www.instagram.com/dcstructures/,dcstructures,"Imagine stepping into your backyard and knowing it’s not just beautiful—it’s working for ✨you✨

With smart, sustainable choices like rainwater harvesting, composting, and planting native species, your garden can thrive year-round while conserving resources and cutting down on upkeep.

It’s about creating a space that feeds not just your soul, but the planet, too.

Ready to make your property a model of self-sufficiency? Read more by following the link in our bio! 🤩
.
.
.
.
.
#sustainableliving #selfsufficientgarden #ecofriendlyhome #sustainablehome #gardeningtips #backyardgoals #gardeninspiration #ecofriendlyliving #lowmaintenancegarden #nativeplants #rainwaterharvesting #composting #sustainablegardening #greenthumbgoals #backyarddesign #gardenlove #homesteadlife #growyourownfood #ecofriendlyideas #gardenlife","#sustainableliving,#selfsufficientgarden,#ecofriendlyhome,#sustainablehome,#gardeningtips,#backyardgoals,#gardeninspiration,#ecofriendlyliving,#lowmaintenancegarden,#nativeplants,#rainwaterharvesting,#composting,#sustainablegardening,#greenthumbgoals,#backyarddesign,#gardenlove,#homesteadlife,#growyourownfood,#ecofriendlyideas,#gardenlife",22,,2025-08-15T18:01:45.000Z,7 w
https://www.instagram.com/p/DMm8-IOq0GN/,gardeningtips,https://www.instagram.com/lookinsidemygarden/,lookinsidemygarden,"How to take Salvia Cuttings… 

I will say don’t panic if you have no stems yet for taking cuttings!  This was last year I actually have some salvias that haven’t even started flowering yet so I want to be keeping all the stems to myself!

This is the same method of how I take most my cuttings! Below a leaf node, remove lower leaves and chuck them in water!

For me personally if I do cuttings in compost they just fail because I forget about them 🤣

If I do my cuttings in a glass of water on my windowsill I can watch them root and then I sit there looking at them for months until I eventually pot them up! 🫣

It’s the best way to get free plants and you will have a lovely flowering plant ready for next year!

🌷Comment below if you’d like any of my links sent to you 😘

MEMBERSHIP- Join My Beginner Gardening Club

COURSE - Buy my ‘Beginner Gardener Course’ 

PL4NTS - Buy bargain perennial plants 

BULBZ - pre order your bargain bulbs for spring

BLOOMZ- FREE Dahlia Grow Along 

STORE- My Amazon Storefront 

BORDERZ-Buy my ‘Borders For Beginners’ Course

POTZ- Buy my ‘Container Gardening’ Course

GROWALONG - FREE seed grow-a-long 

COLLECTION - My seed collection

Follow me @lookinsidemygarden for:
🌸 Daily gardening on stories 
🌱Beginner gardener tips
🪴 Grow alongs
✨ Garden transformations 
💕Life, laughs and community 

#gardening#gardeningtips#garden","#gardening,#gardeningtips,#garden",575,,2025-07-28T10:55:06.000Z,10 w
https://www.instagram.com/p/DKwOuV6TKkK/,gardeningtips,https://www.instagram.com/richgrogarden/,richgrogarden,"Charlies Winter Pruning Tips:🍂
“I like to give my deciduous trees and shrubs a really good prune as you can see the shape of the plant and pruning them is much easier without the weight of leaves. I was once told, if you can make a tree look good naked then come Spring, it can only look amazing.
Start by removing any crossing or rubbing branches. These cause wounds on the tree and infections can easily get into the plant so early removal is a bonus.
I then prune to shape, looking at where the plant will shoot from and prune according to the new growth it will put on come springtime.
When pruning larger branches, use a three-step cut system to prevent the bark from ripping. The first cut should be from the underside of the branch upwards and only about a third of the way through the branch.
The second cut from the top down, starting further out from the trunk than the first cut so when the branch breaks off it only rips to the point of the first cut. The third cut is the last cut closest to the trunk to tidy things up.”
Charlie Albone Richgro Brand Ambassador
#gardeningtips #wintergarden #richgro","#gardeningtips,#wintergarden,#richgro",,,2025-06-11T08:20:52.000Z,17 w
https://www.instagram.com/p/DLjkoRYoiLI/,gardeningtips,https://www.instagram.com/wikifarmer_academy/,wikifarmer_academy,"Thinking about starting a small, eco-friendly garden but not sure where to begin? 🌿

Wikifarmer Academy has just added a free mini‑course on Pollinator‑Friendly Gardening – A Beginner's Guide. 

This course will help you understand how plants grow, introduce you to the basics of ecological garden design, and show you how to support bees, butterflies, and other pollinators. You’ll learn how to plant a diverse mix of flowers—like sunflowers, lavender, coneflowers, geraniums, ivy, and foxglove—to create continuous blooms throughout the seasons. 🌸

🏡 Whether you have a backyard, balcony, or windowsill, this is a practical and inspiring starting point for any home gardener.

📚 Check out our new course on our website!

#wikifarmeracademy #agriculturalcourses #onlinecourses #gardening #pollinators #plantingflowers #resilience #homegardening #gardeningforbeginners #gardeningtips #urbangardening","#wikifarmeracademy,#agriculturalcourses,#onlinecourses,#gardening,#pollinators,#plantingflowers,#resilience,#homegardening,#gardeningforbeginners,#gardeningtips,#urbangardening",9,,2025-07-01T06:53:33.000Z,14 w
https://www.instagram.com/p/DON9YYXkaCt/,gardeningtips,https://www.instagram.com/gardening_igbax/,gardening_igbax,"Credit gardening_for_beginner_ Tips
What is your favorite shirt⁠
💥 𝗦𝗛𝗢𝗣 𝗡𝗢𝗪 🔥𝗟𝗜𝗡𝗞 𝗜𝗡 𝗠𝗬 𝗕𝗜𝗢 👆🏻 𝗦𝗵𝗶𝗽𝗽𝗶𝗻𝗴 ✈️⁠

#gardening #urbangardening #organicgardening #gardeninglife #gardeningtips #gardeningisfun #gardeningaustralia #containergardening #indoorgardening #thehappygardeninglife #gardeningwithkids #lovegardening #homegardening #ilovegardening #backyardgardening #vegetablegardening #gardeninglove #gardening_feature #gardeningismytherapy #gardeningideas #gardeningmakesmehappy #gardening101 #gardeningfun #gardeningtime #epicgardening #balconygardening #instagardening #happygardening #gardeningislife #gardeningtherapy","#gardening,#urbangardening,#organicgardening,#gardeninglife,#gardeningtips,#gardeningisfun,#gardeningaustralia,#containergardening,#indoorgardening,#thehappygardeninglife,#gardeningwithkids,#lovegardening,#homegardening,#ilovegardening,#backyardgardening,#vegetablegardening,#gardeninglove,#gardening_feature,#gardeningismytherapy,#gardeningideas,#gardeningmakesmehappy,#gardening101,#gardeningfun,#gardeningtime,#epicgardening,#balconygardening,#instagardening,#happygardening,#gardeningislife,#gardeningtherapy",1044,,2025-09-05T11:00:47.000Z,4 w
https://www.instagram.com/p/DIScm9ZMZ3I/,gardeningtips,https://www.instagram.com/juulspinesportchiropractic/,juulspinesportchiropractic,"Gardening Without the Pain 🌱

Gardening is a rewarding activity, but improper posture and repetitive movements can lead to back, neck, and knee pain. Studies show that bending, twisting, and lifting without proper form can strain your muscles and joints.

To keep your garden growing and pain-free, stretch before you start, lift with your legs, and take breaks to avoid overuse.

Happy gardening! 🌸 

 #gardeningtips #springgardening #chiropractic","#gardeningtips,#springgardening,#chiropractic",4,,2025-04-11T01:42:10.000Z,25 w
https://www.instagram.com/p/DIDwPsSOTdk/,gardeningtips,https://www.instagram.com/rocket.gardens/,rocket.gardens,"As we come into planting season over the next few weeks, now is a good time to sign up to our weekly newsletter for handy gardening tips. 
You can unsubscribe at any time but there are loads of helpful topics covered and it's a good way to keep your veg patch on track through the season. 

Click the 'Weekly Veg Out' link in our bio. 🌱

 #gardeningtips #weeklynewsletter #growingadvice #rocketgardens","#gardeningtips,#weeklynewsletter,#growingadvice,#rocketgardens",52,,2025-04-05T08:45:10.000Z,26 w