postUrl,keyword,profileUrl,username,caption,hashtags,likes,views,postDate,timeAgo
https://www.instagram.com/p/DLb69fQx-Z7/,organicgardening,https://www.instagram.com/mad_gardener_/,mad_gardener_,"Today’s story is all about my recent terrace garden harvest! 🌿🌞
As we come to the end of summer, some of these veggies mark the final harvest of the season—while a few like amaranthus just don’t seem to leave my garden! They pop up here and there, and I let a few grow fully while leaving others for seeds. You’ll spot them in today’s harvest.

Sorrel varieties are also in the basket—you just need to keep plucking and pinching them. They reward you by branching out and being ready for the next harvest in just a week!
A special mention goes to ponaganti kura—a complete invader in my garden. It claims every container by simply touching the soil and rooting at every node. While it’s nutritious, removing it is such a task—it’s rooted deep and keeps popping back up no matter what!

I’ve also harvested a few volunteer ash gourds. These sprouted from seeds I added while layering compost two months ago. They grew over the compost and flourished just in time before the rainy season kicked in—my bonus crops!

And oh, the dragon fruits—they only need water and no other care. Yet, they reward me year after year! 🍉🌵

This time, I’ve also added a new variety—elephant tusk okra (Tusk okra)—and have transplanted them along with cucumbers. The cucumbers are now cleared, and these okras have taken over those containers.

So, today’s harvest is a perfect example of how you can continue growing food without any break between seasons. If you’d like to understand the process in detail, I’ve pinned the video in the comments & story.🌱

Do check it out—especially if you’re interested in growing your own food.
Share with fellow garden lovers and follow for more organic gardening tips and stories! 💚

#madgardener  #mygardenlife  #gardenlove  #gardentotable  #growyourfood  #growyourownfood  #sustainableliving  #madhaviguttikonda  #organic  #terracegarden  #organicgardening","#madgardener,#mygardenlife,#gardenlove,#gardentotable,#growyourfood,#growyourownfood,#sustainableliving,#madhaviguttikonda,#organic,#terracegarden,#organicgardening",1131,,2025-06-28T07:34:45.000Z,12w
https://www.instagram.com/p/DNbi7jESuFs/,organicgardening,https://www.instagram.com/brotanical_gasbro/,brotanical_gasbro,"Organic gardening is badass!

#throwback #organicgardening","#throwback,#organicgardening",243,,2025-08-17T15:44:05.000Z,5w
https://www.instagram.com/p/DKRgo1lqrhV/,organicgardening,https://www.instagram.com/yourorganiclydia/,yourorganiclydia,"These French climbing beans are one of the last things left in the greenhouse that require planting outdoors. For the first year ever, I will have finished planting out before the 1st June. But with the mild weather and an early last frost date (in my area) I took the calculated risk to get as many plants as possible out of pots and into the ground. Every growing year is different and this year I’ve scheduled the gardening around the weather, parenting and work. I’m grateful to the weather for holding out and allowing me to get everything planted ahead of schedule 🌞🌾

So far, everything looks to be well and there are early signs of young fruit already on the way. Here’s hoping for a plentiful season! 🌿🌼",,,,2025-05-30T10:00:57.000Z,16w
https://www.instagram.com/p/DNVgzlUxPIm/,organicgardening,https://www.instagram.com/carmelbellafarm/,carmelbellafarm,"💫🖤 𝑶𝒄𝒉𝒓𝒆 𝑽𝒆𝒊𝒍 🖤💫
This beauty looks and tastes like magic 🧚‍♀️. Midnight-colored skin shimmers with streaks of molten amber, mossy green, and violet… each fruit like it’s been brushed by moonlight 🌖 . Slice it open and the flesh glows in golden ochre and green, rich and meaty like a mango - dripping with sweet, citrusy juice… luscious, layered, complex and subtly intoxicating 😌.

Her indeterminate vines are tall and whimsical 🌿, with soft, drooping leaves, she loves to grow wild if you let her. Give her strong supports and consistent pruning, and you’ll be rewarded with massive clusters of the most stunning heart-shaped fruits all season long ✨. A forever favorite 🤍.
‼️ Seeds coming soon!
Not all varieties are listed in the store yet.
💌 Subscribe at www.carmelbellafarm.com to be notified of our pop-up seed sales ✨🌿
.
.
.
.

#love#tomato#tomatoes#heirloomtomatoes#oxheart#foodie#homegrown#tomatofarm#seeds#ochreveil#carmelbellafarm#photography#photooftheday#eatclean#foodnetwork#nature#foodart#greenthumb#garden#gardeners#organicgardening#farm#homestead#plantbased#recipes#diy","#love,#tomato,#tomatoes,#heirloomtomatoes,#oxheart,#foodie,#homegrown,#tomatofarm,#seeds,#ochreveil,#carmelbellafarm,#photography,#photooftheday,#eatclean,#foodnetwork,#nature,#foodart,#greenthumb,#garden,#gardeners,#organicgardening,#farm,#homestead,#plantbased,#recipes,#diy",8757,,2025-08-14T19:45:35.000Z,5w
https://www.instagram.com/p/DG75XG8y3SN/,organicgardening,https://www.instagram.com/gardening_ka_keeda/,gardening_ka_keeda,"Mulberry harvest from my terrace garden 

My mulberry plant fruiting heavenly in my terrace garden.

🪴 this is grafted plant and this fruits twice in year

🪴 This is planted in 18 inch pot.

 🪴 I use to prune this plant twice in year.

🪴 After prunning I use the stems for propagation of more plants.

When harvesting home grown is not only about fruits vegetables ,but also about happiness, joy and satisfaction of growing your own. 

🌱 It connects me with nature and make me more patient towards problems in life too.

🌱 It not only provides you organic and pest free food, but also contribute towards nature.. may be a little but significant. 

🌱 If you also feel the same then start your gardening journey today and harvest this unmatched happiness. 

DO FOLLOW FOR MORE INSPIRATION IN GARDENING. 

[ terrace gardening,  organic gardening,  fruit plants in pot,  fruit plant, mulberry ,  organic harvest ]

#gardeningisfun #gardeningtipsforbeginners #gardeningtips #gardeninghacks #plants #springvibes #spring #reels #reelsinstagram #reelitfeelit #reelinstagram #trending #viralreels #viralvideos #summerplants #summer #terracegardening #terracegarden #propagationtips
#plantpropagation #organicvegetablegarden #organicgardening #organic #homegrown #homegrownveggies
#mulberry #mulberryplant #fruitplant","#gardeningisfun,#gardeningtipsforbeginners,#gardeningtips,#gardeninghacks,#plants,#springvibes,#spring,#reels,#reelsinstagram,#reelitfeelit,#reelinstagram,#trending,#viralreels,#viralvideos,#summerplants,#summer,#terracegardening,#terracegarden,#propagationtips,#plantpropagation,#organicvegetablegarden,#organicgardening,#organic,#homegrown,#homegrownveggies,#mulberry,#mulberryplant,#fruitplant",100,,2025-03-08T10:59:30.000Z,28w
https://www.instagram.com/p/DOacIBpjJJa/,organicgardening,https://www.instagram.com/ionutneicutescu/,ionutneicutescu,"My question is, what am I going to do with all these!!!????🍅 It’s the 10th of September!

Usually, the tomato season was ending at the beginning of September, but last night harvest proves that this season might be the longest ever. 

My son's recommended me to make some pizza sauce. It's not a bad idea, and i might consider this suggestion.😉 

It's probably the last big harvest of uniquely shaped Tlacolula Pink tomatoes of the season. 

 This picture is like a statement of a successful growing season, which, by the way , is coming to an end. 🙃

Slowly, I've started to clear my garden, but I still have so many plants producing beautiful tomatoes. 

Are you still harvesting tomatoes?🤩

#tomatoes #tlacolulapink #tomatoharvest #harvesttime #growtomatoes #growwhatyoulove #organictomatoes #organicgardening #nodig #happygardener #lifeisbeautiful #londonweather #londongardens #bio #biogarden #kitchengarden #seedenvy #photooftheday #red #colouryourlife #tasty #allotment #plot #september #autumnvibes🍁","#tomatoes,#tlacolulapink,#tomatoharvest,#harvesttime,#growtomatoes,#growwhatyoulove,#organictomatoes,#organicgardening,#nodig,#happygardener,#lifeisbeautiful,#londonweather,#londongardens,#bio,#biogarden,#kitchengarden,#seedenvy,#photooftheday,#red,#colouryourlife,#tasty,#allotment,#plot,#september,#autumnvibes🍁",,,2025-09-10T07:20:15.000Z,1w
https://www.instagram.com/p/DKkmfspIsqw/,organicgardening,https://www.instagram.com/ravenscourtmontessori/,ravenscourtmontessori,"This week our garden yielded our first harvest ever of home-grown cauliflower, a bounty of blackcurrants, and the first strawberries and raspberries of this season. The cauliflower in particular was mind-blowingly delicious and leagues better than anything you could buy from a supermarket. The verdict was clear with clean plates all around and a chorus of little voices saying “more cauliflower please!” #organicgardening #ourkitchengarden #healthyeating","#organicgardening,#ourkitchengarden,#healthyeating",20,,2025-06-06T19:57:42.000Z,15w
https://www.instagram.com/p/DNdgKc8Pewb/,organicgardening,https://www.instagram.com/gardening_igbax/,gardening_igbax,"Credit:
evanzhu90 Go grab some cuttings from your friend's house!
What is your favorite shirt⁠
💥 𝗦𝗛𝗢𝗣 𝗡𝗢𝗪 🔥𝗟𝗜𝗡𝗞 𝗜𝗡 𝗠𝗬 𝗕𝗜𝗢 👆🏻 𝗦𝗵𝗶𝗽𝗽𝗶𝗻𝗴 ✈️⁠

#urbangardening #gardeningtime #instagardening #organicgardening #balconygardening #gardeningwithkids #ilovegardening #gardeningislife #happygardening #lovegardening #gardening #gardeningismytherapy #homegardening #epicgardening #thehappygardeninglife #gardeningfun #indoorgardening #gardening101 #vegetablegardening #gardeningaustralia #gardeningtips #gardeningisfun #gardeningmakesmehappy #gardeningtherapy #gardeningideas #containergardening #gardening_feature #backyardgardening #gardeninglove #gardeninglife","#urbangardening,#gardeningtime,#instagardening,#organicgardening,#balconygardening,#gardeningwithkids,#ilovegardening,#gardeningislife,#happygardening,#lovegardening,#gardening,#gardeningismytherapy,#homegardening,#epicgardening,#thehappygardeninglife,#gardeningfun,#indoorgardening,#gardening101,#vegetablegardening,#gardeningaustralia,#gardeningtips,#gardeningisfun,#gardeningmakesmehappy,#gardeningtherapy,#gardeningideas,#containergardening,#gardening_feature,#backyardgardening,#gardeninglove,#gardeninglife",10975,,2025-08-17T15:21:51.000Z,5w
https://www.instagram.com/p/DI7Mkj-zPJe/,organicgardening,https://www.instagram.com/sweetlifegarden/,sweetlifegarden,The Spring garden in full swing! #organicgardens #raisedbedgarden #phoenixgardens #growyourown #organicgardening #gardeninglife,"#organicgardens,#raisedbedgarden,#phoenixgardens,#growyourown,#organicgardening,#gardeninglife",99,,2025-04-26T21:30:55.000Z,21w
https://www.instagram.com/p/DNrAT-C3JS8/,organicgardening,https://www.instagram.com/creative_gardening1/,creative_gardening1,"Ever thought of using pine cones as mulch? 🌲 Not only do they keep the neighborhood cats from turning your garden into a litter box, but they also help repel slugs, silverfish, and even some weeds. Plus, they last way longer than regular mulch!

Simple, natural, and budget-friendly gardening at its best. Would you try this in your garden?

#GardeningHacks #OrganicGardening #creativegardening","#GardeningHacks,#OrganicGardening,#creativegardening",9111,,2025-08-22T21:12:54.000Z,4w
https://www.instagram.com/p/DM3eiXYOXaF/,organicgardening,https://www.instagram.com/southmooregarden/,southmooregarden,"I cut a handful of blooms to enjoy indoors, even though it’s a total dilemma. My growing season is short and seed heads take 4 to 6 weeks to mature, which means this is the time I should be letting everything go to seed, not cutting or deadheading.

Still… how could I resist these? Some of my absolute favorites from this season. I really hope they give me some stellar seedlings next year.

I downsized a lot this year, from over 250 cultivars to around 100 (maybe?). I really need to get better at logging inventory 🥴. Next season I might grow even fewer, focusing just on the ones that match my breeding goals.

Growing seedlings is such a fun and chaotic adventure. I had to cut all the singles this year. The hardest ones to say goodbye to were probably Rhubarb and Custard and Orange Hype. I’m also only growing a few waterlily types right now.

I’m still super new to all this “hybridizing” stuff and learning as I go. I don’t breed for show, so ADS standards aren’t really my thing. I’m a solution architect by day and a pretend flower farmer by night, there is no method to my madness.  Anyone else chaos planting? 😆🤣

#dahlias #dahlia #cutflowergarden #backyardgarden #dahliagarden #dahliasofinstagram #dahlialove #dahliaflower #flowergarden #homegrownflowers #zone5b #organicgardening #dahliapropagation  #dahliaseason #dahliagrower #dahliaaddict #dahliaobcession #dahliaenthusiast #dahliaphotography #dahliaheaven #dahliablooms #dahliabeauty #dahlialovers","#dahlias,#dahlia,#cutflowergarden,#backyardgarden,#dahliagarden,#dahliasofinstagram,#dahlialove,#dahliaflower,#flowergarden,#homegrownflowers,#zone5b,#organicgardening,#dahliapropagation,#dahliaseason,#dahliagrower,#dahliaaddict,#dahliaobcession,#dahliaenthusiast,#dahliaphotography,#dahliaheaven,#dahliablooms,#dahliabeauty,#dahlialovers",1837,,2025-08-02T20:56:30.000Z,7w
https://www.instagram.com/p/DM-de31iHAF/,organicgardening,https://www.instagram.com/gardenplanning/,gardenplanning,"🌼 Want more buzz in your garden? Plant with purpose.
Pollinators and beneficial insects aren’t just adorable—they’re essential for strong blooms, better harvests, and balanced ecosystems.

Here’s a simple guide:
🌿 Plant These:
• Lavender → Bees 🐝
• Marigolds → Monarch Butterflies 🦋
• Coneflower → Ladybugs 🐞
• Dill → Hummingbirds 🕊️
• Zinnias → Hoverflies 🌬️

The right plants invite the right helpers. Whether you're growing veggies or flowers, these garden allies protect your plants and boost pollination naturally.

Comment “BLOOM” to get our Plant Care App that:
🌿 Identifies any plant instantly
📖 Offers care instructions for every species
🩺 Diagnoses issues with a photo
⏰ Sends watering & care reminders so your garden stays thriving!

#PollinatorGarden #BeeFriendlyPlants #GardenTips #CompanionPlanting #BeneficialInsects #GrowYourOwn #EcoGarden #PlantWithPurpose #OrganicGardening #FlowerGarden #GardenInspiration #NatureFriendlyGarden #ButterflyGarden #GardenPlanning #SpringPlanting","#PollinatorGarden,#BeeFriendlyPlants,#GardenTips,#CompanionPlanting,#BeneficialInsects,#GrowYourOwn,#EcoGarden,#PlantWithPurpose,#OrganicGardening,#FlowerGarden,#GardenInspiration,#NatureFriendlyGarden,#ButterflyGarden,#GardenPlanning,#SpringPlanting",8446,,2025-08-05T14:02:12.000Z,6w
https://www.instagram.com/p/DIf_4zCxeA5/,organicgardening,https://www.instagram.com/bulimba_farmer/,bulimba_farmer,"With an empty bed from the recent sweet potato harvest, we picked up a few dwarf banana trees from the recent @bulimbacommunitycentre markets on the weekend! 

According to the marketing, these guys grow to 1.2m high and produce 30kg of bananas a year!! With two of them, I’m seeing a lot of banana muffins in my future… 
•
•
•
•
#bulimbafarmer #permacultureliving #bananas #regrow #permacultureaustralia #gyo #permaculturegarden #Urbanfarmingrevolution #ediblegarden #instagardeners #organicgardening #lovegardening #style #sustainablegardening #urbanfarming #sustainableliving #gardeningtips #gardenerslife #vegetablegarden #growsomething #seedlings #meetmyharvest #growitlocal  #gardenersofaustralia","#bulimbafarmer,#permacultureliving,#bananas,#regrow,#permacultureaustralia,#gyo,#permaculturegarden,#Urbanfarmingrevolution,#ediblegarden,#instagardeners,#organicgardening,#lovegardening,#style,#sustainablegardening,#urbanfarming,#sustainableliving,#gardeningtips,#gardenerslife,#vegetablegarden,#growsomething,#seedlings,#meetmyharvest,#growitlocal,#gardenersofaustralia",36,,2025-04-16T08:00:03.000Z,22w
https://www.instagram.com/p/DHEkglnPO_Z/,organicgardening,https://www.instagram.com/sandiaseed/,sandiaseed,"Companion Plants for Tomatoes and Peppers 

There are a lot of great companion plants that you can pair with tomatoes and peppers in the garden. If you have a small space, companion planting other vegetables and herbs is a great way to get more harvest out of your garden!

Find out more companions in our blog at sandiaseed.com (for a clickable link visit our profile page here: @sandiaseed )

Happy growing!

#companionplants #companionplanting #companiongardening #tomatocompanion #peppercompanionplants #pepperseeds #tomatoseeds #salsagarden #organicgardening #vegetablegarden #smallspacevegetablegardens #sandiaseed #hatchchile #hotpeppers #peppersoftheworld","#companionplants,#companionplanting,#companiongardening,#tomatocompanion,#peppercompanionplants,#pepperseeds,#tomatoseeds,#salsagarden,#organicgardening,#vegetablegarden,#smallspacevegetablegardens,#sandiaseed,#hatchchile,#hotpeppers,#peppersoftheworld",425,,2025-03-11T19:50:27.000Z,27w
https://www.instagram.com/p/DOuMSebgKjp/,organicgardening,https://www.instagram.com/simplyrootedgardenco/,simplyrootedgardenco,"Hey, I’m Tabatha - wife, mom, and the heart behind Simply Rooted Garden.

What began in 2020 as a few raised beds in my backyard has grown into a journey of learning, experimenting, and sharing the joy of fresh food right outside my door.

This season, I’m growing herbs and leafy greens for holiday meals with family and friends. I’m not here to test the limits of my garden. I already proved this summer that this little space can handle a big harvest. 

Now, my goal is simpler: to slow down and truly enjoy the experience of growing my own food.

So, I’m pulling out some of my favorite tools and starting the season with some collard greens and herbs. 

What about you? What’s your seasonal goal for growing? And what’s your favorite thing to plant in the fall and winter months?

Follow @simplyrootedgardenco.

#simplyrootedgarden #fallgarden #zone8a #wintergarden #herbgarden #leafygreens #raisedbedgardening #kitchengarden #organicgardening","#simplyrootedgarden,#fallgarden,#zone8a,#wintergarden,#herbgarden,#leafygreens,#raisedbedgardening,#kitchengarden,#organicgardening",49,,2025-09-17T23:26:40.000Z,3d
https://www.instagram.com/p/DOvbqciDsLX/,organicgardening,https://www.instagram.com/stevie_funfur/,stevie_funfur,"🧅 #onions man… they’re like half the frikkin ballgame amarite?? 🧅

#growyourownfood #organicgardening","#onions,#growyourownfood,#organicgardening",,,2025-09-18T11:00:12.000Z,3d
https://www.instagram.com/p/DJzDj7sJ472/,organicgardening,https://www.instagram.com/rhythmseedfarm/,rhythmseedfarm,"First day in Portland and I’ve touched ground!

I spent the day volunteering at Rhythm Seed Farm, @rhythmseedfarm an urban nonprofit seed farm here in the city. One of the first things I did was plant into the soil. There’s something deeply powerful about growing food in an urban landscape, especially at a place so rooted in the movement for food sovereignty.

Rhythm Seed Farm isn’t just growing vegetables, flowers, and medicine, they’re growing human connection and community.

Urban gardens like this are frontline spaces for building the future we want to see. In a system shaped by industrial agriculture and food deserts, planting a seed becomes a revolutionary act. It’s about reclaiming our right to grow, to feed our neighbors, and to heal the land from the ground up.

Happy organic gardening and seed saving! 🙌

#rhythmseed #rhythmseedfarm #foodsecurity #community #comminitygarden #urbangarden #urbangardening #seeds #organicgardening #regenerativefarming #openpollinated #heirloomseeds #organicseeds","#rhythmseed,#rhythmseedfarm,#foodsecurity,#community,#comminitygarden,#urbangarden,#urbangardening,#seeds,#organicgardening,#regenerativefarming,#openpollinated,#heirloomseeds,#organicseeds",38,,2025-05-18T14:09:41.000Z,18w
https://www.instagram.com/p/DOCn_EUDTv7/,organicgardening,https://www.instagram.com/cassiemarieedwards/,cassiemarieedwards,"Three days of growth in the garden. The tomatoes are putting on a show. This year I wanted to grow lots of things that would last well past the growing season, so I am trying to grown a year’s worth of onions, garlic, tomatoes, hot peppers, herbs, dried beans, and butternut squash. 

#organicgardening #gardening #vegetablegardening #nodiggarden #nodig #zone5gardening","#organicgardening,#gardening,#vegetablegardening,#nodiggarden,#nodig,#zone5gardening",63,,2025-09-01T01:22:06.000Z,2w
https://www.instagram.com/p/DMKHX2GIxfG/,organicgardening,https://www.instagram.com/transylvanian.wildflowers/,transylvanian.wildflowers,"Someone’s happy with the first zucchini harvest! 🌿
#growyourownfood🌱 #organicgardening #regenerativegardening #agroecology #transylvania #erdély","#growyourownfood🌱,#organicgardening,#regenerativegardening,#agroecology,#transylvania,#erdély",43,,2025-07-16T06:08:17.000Z,9w
https://www.instagram.com/p/DMm3m8CPqpp/,organicgardening,https://www.instagram.com/gardening_igbax/,gardening_igbax,"Credit gardening_for_beginner_ Tips
What is your favorite shirt⁠
💥 𝗦𝗛𝗢𝗣 𝗡𝗢𝗪 🔥𝗟𝗜𝗡𝗞 𝗜𝗡 𝗠𝗬 𝗕𝗜𝗢 👆🏻 𝗦𝗵𝗶𝗽𝗽𝗶𝗻𝗴 ✈️⁠ #thehappygardeninglife #epicgardening #gardeningtips #containergardening #gardeninglife #indoorgardening #gardening_feature #backyardgardening #gardeningwithkids #gardeninglove #gardening101 #gardeningmakesmehappy #gardeningislife #gardeningtherapy #instagardening #gardeningfun #gardeningismytherapy #vegetablegardening #gardeningaustralia #urbangardening #gardening #balconygardening #ilovegardening #organicgardening #happygardening #gardeningtime #gardeningideas #homegardening #gardeningisfun #lovegardening","#thehappygardeninglife,#epicgardening,#gardeningtips,#containergardening,#gardeninglife,#indoorgardening,#gardening_feature,#backyardgardening,#gardeningwithkids,#gardeninglove,#gardening101,#gardeningmakesmehappy,#gardeningislife,#gardeningtherapy,#instagardening,#gardeningfun,#gardeningismytherapy,#vegetablegardening,#gardeningaustralia,#urbangardening,#gardening,#balconygardening,#ilovegardening,#organicgardening,#happygardening,#gardeningtime,#gardeningideas,#homegardening,#gardeningisfun,#lovegardening",524,,2025-07-27T10:08:30.000Z,8w
https://www.instagram.com/p/DH5eyfkvSnz/,organicgardening,https://www.instagram.com/greendodoblog/,greendodoblog,"Following @thethriftygardener last post about neighbourly sharing of produce and seeds, here is one Big Malaka that I grew from seeds saved and gifted to me by my lovely neighbour Anthea. I can add this one to the collection of the biggest veggies that I have grown. Almost 1kg!😆 To be honest, I left it to ripen just a bit too much on the vine and it had lost the optimum firmness, although it was still juicy and flavourful. Needless to say, I have saved seeds from this one. Do I need to mention that there are no synthetic fertilisers used here, just natural methods?!

I noticed that these big tomatoes have very few seeds inside and they are quite tiny seeds compared to the size of the tomatoes they produce! 
This is not an April fools or a photoshop or Ai! Lol. It's the real deal! 

#monster #monstertomatoes #organicgardening #homegrownveggies","#monster,#monstertomatoes,#organicgardening,#homegrownveggies",81,,2025-04-01T09:00:14.000Z,24w
https://www.instagram.com/p/DMVHUhpNHeU/,organicgardening,https://www.instagram.com/islandcrofter/,islandcrofter,"Grey and drizzly today, but I don’t mind as the veg beds need the rain. We’re desperately in need of a good session of weeding and pruning but life gets in the way sometimes. We’re picking and eating potatoes, beets, kale, lettuce, spring onions, tomatoes and cucumbers right now and all is looking good, if a bit overrun! #summerharvests #growyourownveg #organicgardening #highlandgrowers #isleofskyegrowers","#summerharvests,#growyourownveg,#organicgardening,#highlandgrowers,#isleofskyegrowers",211,,2025-07-20T12:39:28.000Z,9w
https://www.instagram.com/p/DOqXwi9jGSP/,organicgardening,https://www.instagram.com/ionutneicutescu/,ionutneicutescu,"Happy Tomato Tuesday! 🍅

I have some important news: this is the last bountiful harvest of the season. 🫤

While there are still some varieties producing beautiful tomatoes—such as Taiga, Ananas, Pomodoro Marglobe, Blue Marzano, Mushroom Basket, Matina, Vesuviano Giallo, orange cherry, Costoluto Fiorentino, Coeur de Boeuf, spoon, Valentino and Maritime Bells—it won’t be long before the season comes to an end.

This basket is incredibly heavy! I struggled to move it into the shed. I may be strong, but it’s a lot to handle! 🤭

The weather has been tricky over the past two weeks, with heavy rain, strong winds, and cold nights. As I expected, today I found many plants knocked down by the wind. The plant supports broken and some tomatoes eaten by the slugs. But I'm fine with this. Nature things..

Overall, I’m thrilled with this harvest, and anything from here on out is just a bonus!

Be happy and keep growing tomatoes! 😄🍅

#season #tomatoseason #tomatoharvest #harvesttime #harvestoftheday #tomatotuesday #tomatogrower #tomatovarieties #colors_of_day #colouryourlife #lifeinlondon #growtomatoes #heirloomtomatoes #seedsowing #September #happylife #happytomatotuesday #organicgardening #photooftheday","#season,#tomatoseason,#tomatoharvest,#harvesttime,#harvestoftheday,#tomatotuesday,#tomatogrower,#tomatovarieties,#colors_of_day,#colouryourlife,#lifeinlondon,#growtomatoes,#heirloomtomatoes,#seedsowing,#September,#happylife,#happytomatotuesday,#organicgardening,#photooftheday",,,2025-09-16T11:49:56.000Z,5d
https://www.instagram.com/p/DNeJG_6zFzQ/,organicgardening,https://www.instagram.com/myhomeveggiepatch/,myhomeveggiepatch,"My veggie garden this time of year 🌿💚🌞
Don't think you can't grow your own food because you don't have enough space. There is so much variety of veggies grown in this space and the best thing is that it is all organic pesticides free. 🐝🐞🌿

I have been growing and harvesting cherry tomatoes, beef steak tomatoes, carrots, broccoli, cauliflowers, snow peas, sugar snap peas, Chinese cabbage, green and red cabbage, Asians greens, lettuce, spinach, kale and all the herbs we love. 

If you have been thinking of starting your own garden go and get into it you will be surprised what you can grow in a small space🌱🥦🫘🍅

#organicgardening #backyardveggiepatch #growyourownfood #subtropicalgarden #brisbaneveggiepatch #subtropicalgardening #veggiegarden #veggiepatch #gardener","#organicgardening,#backyardveggiepatch,#growyourownfood,#subtropicalgarden,#brisbaneveggiepatch,#subtropicalgardening,#veggiegarden,#veggiepatch,#gardener",50,,2025-08-17T21:19:40.000Z,5w
https://www.instagram.com/p/DOlgiLrD9OU/,organicgardening,https://www.instagram.com/desiurbangreenery/,desiurbangreenery,"""Just Chilling"" with My Chillies! 🌶 
Spicy Stories from My Terrace! 

Bold, Hot & Homegrown 🌱✅️

[Hot Chillies, Spice up your life, Chilly love, green fingers, My garden diary, grow your own, Terrace gardening, Organic gardening]

#desiurbangreenery #chillies #organicgardening #homegrown #greenthumb","#desiurbangreenery,#chillies,#organicgardening,#homegrown,#greenthumb",18,,2025-09-14T14:30:28.000Z,1w
https://www.instagram.com/p/DOGqY0klEtn/,organicgardening,https://www.instagram.com/ucmastergardenerssolano/,ucmastergardenerssolano,"Organic Gardening Advantages and Disadvantages

Advantages:

Adapts to long and varied growing seasons

Improves local clay soil

Enhances biodiversity

Reduces the need for synthetic fertilizers and pesticides, saving money over time.

Disadvantages:

Increased labor for pest and weed control.

Specific pests may require intensive management.

Soil amendments are labor-intensive.

Drought conditions mean organic gardeners must be water-wise.

High summer heat may stress plants, requiring careful plant selection and watering schedules

#ucmastergardenerssolano #ucanr #organicgardening","#ucmastergardenerssolano,#ucanr,#organicgardening",8,,2025-09-02T15:00:04.000Z,2w
https://www.instagram.com/p/DMvfl_MIOhF/,organicgardening,https://www.instagram.com/subuadina/,subuadina,"🍅🍆

#todaysharvest #veggiesfromthegarden #gardeningisfun #gardeningismytherapy #gardenlove #growyourownfood #organicgardening #countrylife #countryliving #viatalatara #viatalasat #dingradina","#todaysharvest,#veggiesfromthegarden,#gardeningisfun,#gardeningismytherapy,#gardenlove,#growyourownfood,#organicgardening,#countrylife,#countryliving,#viatalatara,#viatalasat,#dingradina",38,,2025-07-30T18:31:50.000Z,7w
https://www.instagram.com/p/DOvwRVXiRUB/,organicgardening,https://www.instagram.com/homeandgardenparadise/,homeandgardenparadise,"Want to maximize your fall harvest? 🥕✨

Pairing the right crops together is the secret to healthier plants and fewer pests—no chemicals needed!

These powerhouse combos thrive in cool-season beds:

🥬 Cabbage + Dill → Dill attracts beneficial insects that protect cabbage.

🌱 Peas + Turnips → Peas enrich the soil while turnips mature fast below.

🥦 Broccoli + Celery → Both love cool weather and share moisture needs.

🥗 Lettuce + Beets → Lettuce shades the soil while beets grow deep.

🧄 Garlic + Kale → Garlic deters pests, and kale keeps producing into winter.

🌿 Spinach + Radishes → Radishes mature early, leaving room for spinach.

🥕 Carrots + Onions → Perfect partners—different root depths and natural pest defense.

🍂 Quick Tip: Companion planting saves space, reduces pests, and boosts harvest flavor.

📲 Want reminders on what to pair and when to sow this season?

Bloom Buddy keeps your planting plan organized and sends timely care tips.

Comment “BLOOM” below, and we’ll send you the app link!

#FallGardenTips #CompanionPlanting #GardenPlanning #OrganicGardening #Gardening #FallGarden #autumngarden","#FallGardenTips,#CompanionPlanting,#GardenPlanning,#OrganicGardening,#Gardening,#FallGarden,#autumngarden",1055,,2025-09-18T14:00:59.000Z,3d
https://www.instagram.com/p/DLh8pgIKHEZ/,organicgardening,https://www.instagram.com/tips_4_home/,tips_4_home,"Tomato plants looking sad? Here’s a crazy-easy gardening hack: soak a banana peel in water for a day or two, then pour that water at the base of your tomato plants. The potassium gives them a major growth boost—ours exploded with blossoms after just one round. Total game-changer for backyard gardeners!

#gardeningtips #tomatoplant #organicgardening","#gardeningtips,#tomatoplant,#organicgardening",11870,,2025-06-30T15:44:58.000Z,11w
https://www.instagram.com/p/DNZQ49iyLA5/,organicgardening,https://www.instagram.com/idigherbs/,idigherbs,"Today’s harvest 💚😃. a little bit of this and a little bit of that- couldnt be out too long, the air quality from the wild fires is brutal 💔🌲🌲🔥cucumbers, squash, blackberries, a decent amount of peppers but most importantly- an entire basket of Tomatoes!  #todaysharvest #growyourownfood #idigthis #eatwhatyougrow #playwithyourfood #growagarden #feedyourself #healyourself #canadiangardening #eattherainbow #tomatoseasonisthebestseason #organicgardening #backyardbounty","#todaysharvest,#growyourownfood,#idigthis,#eatwhatyougrow,#playwithyourfood,#growagarden,#feedyourself,#healyourself,#canadiangardening,#eattherainbow,#tomatoseasonisthebestseason,#organicgardening,#backyardbounty",170,,2025-08-15T23:51:27.000Z,5w
https://www.instagram.com/p/DNdHAlPonRB/,organicgardening,https://www.instagram.com/greenstrokesofmylife/,greenstrokesofmylife,"A big Sunday rainbow 🌈 harvest 🧺🌞
Everything from my garden. The happiness you get after harvesting from your own garden is beyond words 😊☺️

Today's harvest 
💛Yellow  cherry tomatoes ( tumbling tom)
🧡 Orange cherry tomatoes ( Sungold)
❤️ Costoluto fiorentino ( beef tomatoes)
💚 Cucumbers ( Mini and long both)
💜 Buena Mulata peppers 
💛 Yellow courgettes 
💚 Green courgettes 
💜 Purple bell pepper 
💛 Lemon cucumber 
🧡 Marigolds 
💚 Basil 

#purplebellpepper #growingcucumbers #cucumberplant #growingpeppers #vegetablegarden #kitchengarden 
#seedtoplate #growingbellpepper #growingvegetablesathome #lemoncucumber #growingcourgettes #growingtomatoes #costolutofiorentino  #rainbowharvest  #containergardening  #gardenupdate #mygardentoday #growingmyownfood #organicgardening  #urbangardening  #gardeninglife #gardeningisfun #mygardenthismonth #itsgrowingtime  #growingyourownfood  #harvestoftheday #summerharvest #harvesttime #growingcabbage #sundayharvest","#purplebellpepper,#growingcucumbers,#cucumberplant,#growingpeppers,#vegetablegarden,#kitchengarden,#seedtoplate,#growingbellpepper,#growingvegetablesathome,#lemoncucumber,#growingcourgettes,#growingtomatoes,#costolutofiorentino,#rainbowharvest,#containergardening,#gardenupdate,#mygardentoday,#growingmyownfood,#organicgardening,#urbangardening,#gardeninglife,#gardeningisfun,#mygardenthismonth,#itsgrowingtime,#growingyourownfood,#harvestoftheday,#summerharvest,#harvesttime,#growingcabbage,#sundayharvest",84,,2025-08-17T11:42:04.000Z,5w
https://www.instagram.com/p/DIltoRsIX4D/,organicgardening,https://www.instagram.com/planted.gardens/,planted.gardens,"Sometimes you just need a few hours of this. 
New path layout,  much more growing space.  Mulched,  couch grass, bindweed and potentilla reptans significantly disciplined, relocated a couple of shrubs and got my alliums, spuds,  peas,  soy, and carrots in. Deciding between micro clover and creeping thyme for the gaps between stones,  what do you reckon?
.
.
#allotment #growyourown #allotmentlife #gardening #allotmentlove #growyourownfood #garden #kitchengarden #compost #homegrown #allotmentgarden #vegetablegarden #allotmentuk #ediblegarden #eatwhatyougrow #organicgardening #biodiversity #potager #allotmentsofinstagram #vegpatch #nodig #sustainability #harvest #ukallotment #organic #soilhealth #vegetables #permaculture #nature","#allotment,#growyourown,#allotmentlife,#gardening,#allotmentlove,#growyourownfood,#garden,#kitchengarden,#compost,#homegrown,#allotmentgarden,#vegetablegarden,#allotmentuk,#ediblegarden,#eatwhatyougrow,#organicgardening,#biodiversity,#potager,#allotmentsofinstagram,#vegpatch,#nodig,#sustainability,#harvest,#ukallotment,#organic,#soilhealth,#vegetables,#permaculture,#nature",23,,2025-04-18T13:16:29.000Z,22w
https://www.instagram.com/p/DNgO_ydxHs9/,organicgardening,https://www.instagram.com/gardenerd1/,gardenerd1,"Tomato hornworms can destroy a plant overnight—but we’ve got a trick to stop them. 🐛🍅

In our latest YouTube video, we show how to catch these sneaky pests in the act with one simple tool. It’s the easiest way to protect your tomatoes and stop the damage before it starts.

🐛 LINK IN BIO 🐛 

#gardeningtips #gardenhack #growyourownfood #organicgardening","#gardeningtips,#gardenhack,#growyourownfood,#organicgardening",27,,2025-08-18T16:49:35.000Z,4w
https://www.instagram.com/p/DIof5xsvex4/,organicgardening,https://www.instagram.com/akhil_bhandari_photography/,akhil_bhandari_photography,Harvesting time... #harvesting #kitchengarden #tomato #Strawberries #growbags #organicgardening,"#harvesting,#kitchengarden,#tomato,#Strawberries,#growbags,#organicgardening",1127,,2025-04-19T15:14:16.000Z,22w
https://www.instagram.com/p/DMVN0jbR9XN/,organicgardening,https://www.instagram.com/thermaland.oaks/,thermaland.oaks,"🚨 🌺 be sure to follow @thermaland.oaks in order to get all the link + recipes sent. COMMENT LINK 🌼 Garden like you mean it..without the toxins. From composting tricks to soil-boosting hacks, non-toxic pest control to natural fertilizers, these garden must-haves are how we grow clean, healthy food for our family straight from the backyard. 🪴✨ Organic gardening isn’t just a trend, it’s a lifestyle and it starts with what you don’t use. No chemicals, no junk, just real results. 🌱🍅 #GrownNotSprayed
#OrganicGardening #NonToxicGarden #HomegrownGoodness #ChemicalFreeGarden #GrowYourOwnFood #HealthyLivingFromTheGarden #SustainableGardening #GardenMustHaves #NaturalFertilizers #GardenHacks #BackyardFarming #HolisticHomestead #NontoxicLiving #CleanEatingStartsHere #SoilHealthMatters #GardeningTipsAndTricks #EcoFriendlyLiving #PermacultureLife #CrunchyMomGarden #NoToxinsJustTomatoes #DIYGardenProjects #CompostHacks #HeirloomGardening #HealthySoilHealthyYou #RaisedBedGardening #GardenToTable","#GrownNotSprayed,#OrganicGardening,#NonToxicGarden,#HomegrownGoodness,#ChemicalFreeGarden,#GrowYourOwnFood,#HealthyLivingFromTheGarden,#SustainableGardening,#GardenMustHaves,#NaturalFertilizers,#GardenHacks,#BackyardFarming,#HolisticHomestead,#NontoxicLiving,#CleanEatingStartsHere,#SoilHealthMatters,#GardeningTipsAndTricks,#EcoFriendlyLiving,#PermacultureLife,#CrunchyMomGarden,#NoToxinsJustTomatoes,#DIYGardenProjects,#CompostHacks,#HeirloomGardening,#HealthySoilHealthyYou,#RaisedBedGardening,#GardenToTable",587,,2025-07-20T13:36:17.000Z,9w
https://www.instagram.com/p/DI6xCpvvaW-/,organicgardening,https://www.instagram.com/hopestillfarm/,hopestillfarm,"""Earthy, rich, and sweet"" is how one customer described our spinach. ""The best I've ever tasted,"" said another. We do love it, and think you will too. And...

Arugula, $3.25/bag
Chives, $2.50/bunch
Cilantro, $3.25/bag
Lettuce, $4.50/bag
Spinach, $4.75/bag

How to order
We take orders by email or text. For email, please send your order the day before you would like to pick up; for text (774-279-0814), any time up to late morning on the day you'd like to pick up (early afternoon is also possible most days, as long as I am around). Include the items you want, and what day you would like to pick up. (First-time customers who are texting, please include YOUR NAME as well.)

How to pay
Pay by Venmo to hopestillfarm (look for my name, Richard Robinson, on the account). OR, set up a declining balance: With your first produce purchase, leave a check for $50 or more, made out to Hopestill Farm. We will keep a running tally of your balance, and alert you when you are getting low. Please include an email address for declining balance checks.

How to pick up your produce
On the day you requested, come by the farm (117 Mill St., Sherborn) between 4 and 6 PM. Park on the gravel at the top of the hill. Your order will be in the farmstand right there, in a cooler with your name on it. (Please do not remove the tag with your name; I use it for my tallies at the end of the day.)
#organicfarming #organicgardening #sherborn #sherbornma #organicchristmastree","#organicfarming,#organicgardening,#sherborn,#sherbornma,#organicchristmastree",50,,2025-04-26T17:30:22.000Z,21w
https://www.instagram.com/p/DMq2Xmouv60/,organicgardening,https://www.instagram.com/reshgala/,reshgala,"Companion planting is nature’s way to deter pests, attract pollinators, suppress weeds and maximize production in the garden.

Save this list for reference the next time you plant your garden. And remember to plant in trios or groups of threes (crop + herb + flower).

#companionplanting #gardeningtips #reshgala #growyourownfood #organicgardening #herbs #flowerstagram #gardening #learntogrow","#companionplanting,#gardeningtips,#reshgala,#growyourownfood,#organicgardening,#herbs,#flowerstagram,#gardening,#learntogrow",1497,,2025-07-28T23:14:38.000Z,7w
https://www.instagram.com/p/DOvsQ5BjGAi/,organicgardening,https://www.instagram.com/merseybeet_gardening/,merseybeet_gardening,"We have lift off.. signs of life🌱🚀🌱
Sown 5 days ago and so eager to push through that compost!
Choy Sum and Cauliflower Snowball🙌

#summerontheplot #urbangarden #urbangardening #growflowers #allotmentharvest #allotmentgarden #allotmentsofinstagram #allotmentuk #allotmentlove #allotmentlife🌱 #allotmentgardening #allotmenteering #allotmenteersofinstagram #vegetablegardening #homegrown #homegrownveggies  #growyourown #growyourownvegetables #homegrownveg #organicgardening #kitchengardening #justgrowit","#summerontheplot,#urbangarden,#urbangardening,#growflowers,#allotmentharvest,#allotmentgarden,#allotmentsofinstagram,#allotmentuk,#allotmentlove,#allotmentlife🌱,#allotmentgardening,#allotmenteering,#allotmenteersofinstagram,#vegetablegardening,#homegrown,#homegrownveggies,#growyourown,#growyourownvegetables,#homegrownveg,#organicgardening,#kitchengardening,#justgrowit",20,,2025-09-18T13:27:10.000Z,3d
https://www.instagram.com/p/DOrGIRcEy_W/,organicgardening,https://www.instagram.com/squarefootgardening/,squarefootgardening,"Square Foot Gardening is not just about a single growing season. It’s about practicing a proven method alongside a vibrant community around the world. It empowers us to own our independence. 
 
What have you gained since starting your Square Foot Garden? We asked our community, and this is what was shared: 
🌻The ability to be self-sufficient and grow our own food. 
🌻A sense of responsibility to care for our environment. 
🌻The creativity that comes with building a space for ourselves and our families. 
🌻The patience and resilience that comes from our gardening journey. 
🌻The mindfulness 

Photo credit: Taylor Kurtz

#SquareFootGardening #Homegardener #HowYourGardenGrows #WhatsInYourGarden #nolagarden #gardening #gardener #Growsomethinggreat #GardenTips #squarefootgarden #OrganicGardening #GardenPlanning #EdibleGarden #HealthyHarvest #GardenInspiration #GreenThumb","#SquareFootGardening,#Homegardener,#HowYourGardenGrows,#WhatsInYourGarden,#nolagarden,#gardening,#gardener,#Growsomethinggreat,#GardenTips,#squarefootgarden,#OrganicGardening,#GardenPlanning,#EdibleGarden,#HealthyHarvest,#GardenInspiration,#GreenThumb",24,,2025-09-16T18:35:12.000Z,5d
https://www.instagram.com/p/DOP7ZsEDC7x/,organicgardening,https://www.instagram.com/jamesasinclair/,jamesasinclair,"Why do we garden? ⬇️

I’m pretty sure I know why I do… all of the usual ~ a wage, my physical health and sanity, I get to eat or weave a lot of what I grow, beauty makes me happy (clichés, but aren’t they clichès for a reason?) plus presenting organic gardening talks, and having three decades worth of gardening friends means that I have the privilege of sharing my gardening passion with smashing people ⬇️

The photos in this post are from my garden and those that I am fortunate enough to work in. Each feed me, professionally, personally, and deliciously in different ways ⬇️

Now I want to know ~ Why do you garden? I will be hosting a panel at the Yeo Valley Organic Garden Festival, asking precisely this question, with @alysf @richardrickitt @richardclaxtongardens on Friday the 19th of September. Join us there! And if you can’t, please leave your thoughts in the comments or DM me. I am looking forward to seeing many of you there 

.
.
#yeovalleyorganicgardenfestival #organic #organicgardening #gardenersofinstgram #gardenmagic #botanicalwomen #womeninhorticulture #womeningardening #somerset #lovemyjob #flowers #flowerstagram #grow #gyo #garden #gardening #gardendesign #gardenparty #gardenlove #horticulture #petal_perfetion #eatwhatyougrow #yeovalley #gardeningrocks #vegetablegardening #tomatoes #botanicalpickmeup #cotswoldgardener #leafanddig #dibflowers","#yeovalleyorganicgardenfestival,#organic,#organicgardening,#gardenersofinstgram,#gardenmagic,#botanicalwomen,#womeninhorticulture,#womeningardening,#somerset,#lovemyjob,#flowers,#flowerstagram,#grow,#gyo,#garden,#gardening,#gardendesign,#gardenparty,#gardenlove,#horticulture,#petal_perfetion,#eatwhatyougrow,#yeovalley,#gardeningrocks,#vegetablegardening,#tomatoes,#botanicalpickmeup,#cotswoldgardener,#leafanddig,#dibflowers",163,,2025-09-06T05:25:34.000Z,2w
https://www.instagram.com/p/DOfTUuIAqmh/,organicgardening,https://www.instagram.com/parsleyandturnips/,parsleyandturnips,September harvest🥰 #harvest #harvesttime #beautifulday #ernte #erntezeit #september #freshfood #eatfresh #freshproduce #freshveggies #gardening #homegrown #food #foodgram #redcabbage #kohlrabi #zucchini #tomatoes #essen #gemüse #selfsufficient #organicgardening #organicfood #healthydinner #goodmorning #homegrown #ecofriendlyliving #beauty,"#harvest,#harvesttime,#beautifulday,#ernte,#erntezeit,#september,#freshfood,#eatfresh,#freshproduce,#freshveggies,#gardening,#homegrown,#food,#foodgram,#redcabbage,#kohlrabi,#zucchini,#tomatoes,#essen,#gemüse,#selfsufficient,#organicgardening,#organicfood,#healthydinner,#goodmorning,#homegrown,#ecofriendlyliving,#beauty",463,,2025-09-12T04:39:34.000Z,1w
https://www.instagram.com/p/DJcCLxcJCKU/,organicgardening,https://www.instagram.com/vego_garden/,vego_garden,"Morning Harvest💚👩🏻‍🌾

Cut all my leafy greens at base due to the heatwave we are expecting this weekend!☀️
•
•
•
•
•
#todaysharvest #homegrownveggies #vegogarden #raisedbedgarden #gardentotable #organicgardening #socal #zone8b #janirajay","#todaysharvest,#homegrownveggies,#vegogarden,#raisedbedgarden,#gardentotable,#organicgardening,#socal,#zone8b,#janirajay",187,,2025-05-09T15:35:05.000Z,19w
https://www.instagram.com/p/DOCElqTEsiX/,organicgardening,https://www.instagram.com/idigherbs/,idigherbs,"Todays Harvest! Lots of tomatoes in all shapes, sizes and colors 🥰 Sweet & hot peppers, carrots, beans, cucumbers, parsley and calendula.  A beautiful harvest that has saved me another trip to the grocery store 👌🏼 If only I had a milk cow and a coffee plantation, then I wouldn’t have to go out at all during the summer months 😆 #growyourownfood #eatwhatyougrow #feedyourself #growagarden #healyourself #todaysharvest #ilovetomatoes #tomatoseasonisthebestseason #backyardbounty #organicgardening","#growyourownfood,#eatwhatyougrow,#feedyourself,#growagarden,#healyourself,#todaysharvest,#ilovetomatoes,#tomatoseasonisthebestseason,#backyardbounty,#organicgardening",892,,2025-08-31T20:12:48.000Z,3w
https://www.instagram.com/p/DON9YYXkaCt/,organicgardening,https://www.instagram.com/gardening_igbax/,gardening_igbax,"Credit gardening_for_beginner_ Tips
What is your favorite shirt⁠
💥 𝗦𝗛𝗢𝗣 𝗡𝗢𝗪 🔥𝗟𝗜𝗡𝗞 𝗜𝗡 𝗠𝗬 𝗕𝗜𝗢 👆🏻 𝗦𝗵𝗶𝗽𝗽𝗶𝗻𝗴 ✈️⁠

#gardening #urbangardening #organicgardening #gardeninglife #gardeningtips #gardeningisfun #gardeningaustralia #containergardening #indoorgardening #thehappygardeninglife #gardeningwithkids #lovegardening #homegardening #ilovegardening #backyardgardening #vegetablegardening #gardeninglove #gardening_feature #gardeningismytherapy #gardeningideas #gardeningmakesmehappy #gardening101 #gardeningfun #gardeningtime #epicgardening #balconygardening #instagardening #happygardening #gardeningislife #gardeningtherapy","#gardening,#urbangardening,#organicgardening,#gardeninglife,#gardeningtips,#gardeningisfun,#gardeningaustralia,#containergardening,#indoorgardening,#thehappygardeninglife,#gardeningwithkids,#lovegardening,#homegardening,#ilovegardening,#backyardgardening,#vegetablegardening,#gardeninglove,#gardening_feature,#gardeningismytherapy,#gardeningideas,#gardeningmakesmehappy,#gardening101,#gardeningfun,#gardeningtime,#epicgardening,#balconygardening,#instagardening,#happygardening,#gardeningislife,#gardeningtherapy",913,,2025-09-05T11:00:47.000Z,2w
https://www.instagram.com/p/DLPQLANqVAM/,organicgardening,https://www.instagram.com/garden_ninja_lee/,garden_ninja_lee,"I’ve been recently asked for a well known gardening magazine to defend gardening makeover shows against other gardening celebrities criticising these shows and why they would ‘never be on them’. 🤔🥷🌿😂

Now I’m not blind to the pitfalls of all TV and social media gardening coverage. There’s a lot of smoke and mirrors. Online there’s a lot of incorrect and down right misleading advice from people claiming to be experts in horticulture, design and botany. 

In fact it makes me sometimes feels like a world away from why I started putting my guides free online. To help EVERYONE to learn how to garden regardless of background, budget or location. Not just likes or ‘fame’. 

I have no idea how well my entire quote/response will be sliced up. But I thought you all may appreciate the full response here. 

BUT THE BIG QUESTION of the Ninja community is…what do YOU think? Are gardening makeover shows just a product and bad for the industry. Or is it just more not so subtle gardening elitism?! 😫👎🌿

#gardening #plants #plantsofinstagram #gardeninglife #gardeninspiration #urbangardening #homegarden #greenthumb #gardenersofinstagram #organicgardening #plantlover #backyardgarden #growyourown #houseplants #plantaddict #gardeningtips #containergardening #permaculture #gardenlove #plantcare #leeburkhill #gardenrescue #gardenersworld","#gardening,#plants,#plantsofinstagram,#gardeninglife,#gardeninspiration,#urbangardening,#homegarden,#greenthumb,#gardenersofinstagram,#organicgardening,#plantlover,#backyardgarden,#growyourown,#houseplants,#plantaddict,#gardeningtips,#containergardening,#permaculture,#gardenlove,#plantcare,#leeburkhill,#gardenrescue,#gardenersworld",2903,,2025-06-23T09:34:26.000Z,12w
https://www.instagram.com/p/DL1OAbqMUOq/,organicgardening,https://www.instagram.com/thepinehillcottage/,thepinehillcottage,"Currently harvesting...💚💚💚

Romaine, Kale, Garlic Scapes, Asparagus, Peas, Strawberries, Lettuce, Parsley, Basil, Dill, Sage, Stevia, Mint, Oregano, Thyme, Nasturtiums, Chives, Blueberries, Rosemary, Shasta Daisies and Swiss Chard.

What are you harvesting?

🏡 Location: @thepinehillcottage
👩‍🌾 Designer: Reena, Master Gardener

#organicgardening #garden #harvest #gardenharvest #freshfood #healthylifestyle #gardening #gardeninglife","#organicgardening,#garden,#harvest,#gardenharvest,#freshfood,#healthylifestyle,#gardening,#gardeninglife",,,2025-07-08T03:36:46.000Z,10w
https://www.instagram.com/p/DODc7D2jT1I/,organicgardening,https://www.instagram.com/eventually_42/,eventually_42,"When your garden gives you cucumbers, you know freshness is served!"" 🥗

From seed to snack – proud of my organic garden baby. 

#cocumber #viralreels #instagood #organicgardening #organic #freshfruit #vegitables #green #nature #plantsmakemehappy #intargram #salad","#cocumber,#viralreels,#instagood,#organicgardening,#organic,#freshfruit,#vegitables,#green,#nature,#plantsmakemehappy,#intargram,#salad",62,,2025-09-01T09:04:41.000Z,2w
https://www.instagram.com/p/DJ51bqoKOBt/,organicgardening,https://www.instagram.com/scottishveggiegarden/,scottishveggiegarden,The sweetcorn is in! I am a bit worried that it’ll be a bit chilly but they had outgrown the root trainers and were definitely ready. Let’s hope we get lots of lovely cobs in the summer.,,379,,2025-05-21T05:20:05.000Z,17w
https://www.instagram.com/p/DNz4Ls1WF1o/,organicgardening,https://www.instagram.com/ionutneicutescu/,ionutneicutescu,"It's pickling time!!!!!💚 🫙 💚🫙💚🫙💚🫙💚

If you didn't eat pickled tomatoes until now, you have no idea how happiness looks. This is the real prebiotic! Not medicines bought from the chemist!!!😉

Look at all these tomatoes,  chillies, cucumbers, beetroots,  carrots, peppers, celeriac leaves, or dill! These will make the jars look spectacular!

The fermentation process takes a few weeks (longer if it is stored in a cold place)  and results in a distinct fizzy texture and a tangy, salty taste.

These are perfect with stews, mash, steaks, rice, or beans. I promise you an experience!!!

Eat these during the winter, and you can say goodbye to cold and flu!😉💚

#happytomatotuesday #tomatotuesday #pickled ##pickledtomatoes #fermentation
#bigjars #jars #allotmentuk #allotmentlife #homegrowntomatoes #biogarden #biogarten #probiotics #healthylifestyle #organic #organicgardening #veggiegarden #veggiebasket #plot #growwhatyoulove #muraturi #photooftheday","#happytomatotuesday,#tomatotuesday,#pickled,#pickledtomatoes,#fermentation,#bigjars,#jars,#allotmentuk,#allotmentlife,#homegrowntomatoes,#biogarden,#biogarten,#probiotics,#healthylifestyle,#organic,#organicgardening,#veggiegarden,#veggiebasket,#plot,#growwhatyoulove,#muraturi,#photooftheday",,,2025-08-26T07:55:02.000Z,3w
https://www.instagram.com/p/DMxf5f5xdco/,organicgardening,https://www.instagram.com/gramma_carol/,gramma_carol,"Good morning from #grammacarolsgarden 
#growyourown 
#organicgardening","#grammacarolsgarden,#growyourown,#organicgardening",8,,2025-07-31T13:12:59.000Z,7w
https://www.instagram.com/p/DMOPkXJI2va/,organicgardening,https://www.instagram.com/xpop_04/,xpop_04,"I’d be lying if I said I wasn’t just a wee bit proud 😁 Totally a team effort couldn’t have done it without the awesome team at the gardens! 💕 Not bad for a first harvest 😁🩷🥒🥕🍅🥬
Look at all those organic veggies! 
Hopefully more to follow 🙏🩷
.
.
.
.
.
.
.
.
.
.
#organic #organicfarming #firstyear #gardenlove #veggies #grownwithlove #homegrown #homegrownveggies #harvest #organicgardening","#organic,#organicfarming,#firstyear,#gardenlove,#veggies,#grownwithlove,#homegrown,#homegrownveggies,#harvest,#organicgardening",38,,2025-07-17T20:36:51.000Z,9w
https://www.instagram.com/p/DOBaCcKibHZ/,organicgardening,https://www.instagram.com/gardenplanning/,gardenplanning,"🧄🌿 4 DIY Sprays for a Pest-Free Garden 🌿🧄
Skip the harsh chemicals—your kitchen already has what you need to fight off garden invaders! These natural sprays are safe, effective, and easy to whip up at home.

✨ The Recipes:

Garlic-Chili Spray → Best for aphids, spider mites, whiteflies.

Vinegar & Herb Spray → Repels slugs, snails, and ants.

Cinnamon & Clove Spray → Stops ants, fungus gnats, soil fungus.

Neem Oil Spray → A powerhouse against aphids, mealybugs, scale, and mites.

💡 Pro Tip: Always spray in the early morning or evening to avoid leaf burn and help beneficial insects stay safe.

👇 Want pest ID and treatment tips in seconds?

Comment 'BLOOM' to get our plant care app that:

🩺 Diagnoses plant & pest issues instantly
🌿 Identifies any plant or insect
📖 Gives step-by-step treatment guides
⏰ Sends reminders so your garden stays healthy year-round

#GardenTips #NaturalPestControl #DIYGarden #HomemadePesticide #BLOOM🌱 #organicgardening","#GardenTips,#NaturalPestControl,#DIYGarden,#HomemadePesticide,#BLOOM🌱,#organicgardening",823,,2025-08-31T14:00:31.000Z,3w
https://www.instagram.com/p/DMm-6oMRLC3/,organicgardening,https://www.instagram.com/thehomegarden/,thehomegarden,"Harvesting Snowpeas 💚
.
.
.
.
.
#harvest #gardenharvest #inmygarden #growyourownfood #growfood #eatwhatyougrow #growwhatyoueat #organicgardener #organicgardening #organicgarden #backyardgarden #backyardgardening #urbangarden #urbangardening #kitchengarden","#harvest,#gardenharvest,#inmygarden,#growyourownfood,#growfood,#eatwhatyougrow,#growwhatyoueat,#organicgardener,#organicgardening,#organicgarden,#backyardgarden,#backyardgardening,#urbangarden,#urbangardening,#kitchengarden",176,,2025-07-27T11:12:21.000Z,8w
https://www.instagram.com/p/DMzKrA4tCnd/,organicgardening,https://www.instagram.com/jencaputomurphy/,jencaputomurphy,"Garden partnership foul! 🙋‍♀️ I've been rightfully called out by @murph.adam for repeatedly forgetting to include his pride and joy, our plums and gooseberries, in my harvest posts.

So, to avoid being demoted to head weeder, I present... The Great Purple Apology Basket. A monument to my forgetfulness, starring the very fruits I neglected. All these gorgeous shades of purple come from anthocyanins, powerful antioxidants that are as good for you as they look. I guess I should thank him for the healthy reminder! 😉

In this basket of atonement:

Fruit: Black Ice plums, gooseberries, Caroline raspberries.

Veggies: Red Express Purple Cabbage, Chinese String, Galine, Nagasaki Long, Kamo, Shinkansen, & Patio Baby Eggplants, Karma Purple Multiflora & Midnight Snack tomatoes, and an unknown variety of black chilis.

Herbs & Flowers: Purple Ruffles Basil, Purple Passion Flower, pansies, and Kramer's Plum Nigella.

Adam is already reminding me of purple things I forgot such as chive blossoms and Shiso 😂🤷‍♀️

Are you growing any purple veggies or fruits this year? Drop your favorites in the comments so I can add them to my list for next season!

#harvestbasket #purpleveggies #anthocyanins #chicagogarden #purpleharvest #zone5bgardening #urbangarden #midwestgardener 
#growyourownfood #organicgardening","#harvestbasket,#purpleveggies,#anthocyanins,#chicagogarden,#purpleharvest,#zone5bgardening,#urbangarden,#midwestgardener,#growyourownfood,#organicgardening",204,,2025-08-01T13:02:40.000Z,7w
https://www.instagram.com/p/DHMejtLTBXH/,organicgardening,https://www.instagram.com/abb_smythe/,abb_smythe,"The patch is looking bare and it’s a sign of new beginnings ✌🏻 

#thepatch #vegepatch #veggies #organic #organicgardening #organicgardener #sustainbleliving #selfsufficient #selfsufficientliving #abcmygarden #abcmyphoto #gardentherapy #autumn","#thepatch,#vegepatch,#veggies,#organic,#organicgardening,#organicgardener,#sustainbleliving,#selfsufficient,#selfsufficientliving,#abcmygarden,#abcmyphoto,#gardentherapy,#autumn",14,,2025-03-14T21:32:22.000Z,27w
https://www.instagram.com/p/DN3HBF32vTA/,organicgardening,https://www.instagram.com/pkoffsky/,pkoffsky,Harvest today from a beautiful  garden 10’ x 12’ 👩🏻‍🌾🪏🪴🫜#westportct #organicgardening #raisedbedvegetablegarden #growwhatyoulove #homegrownfood #wildaboutveggies #ctgrown #fairfieldcountyct,"#westportct,#organicgardening,#raisedbedvegetablegarden,#growwhatyoulove,#homegrownfood,#wildaboutveggies,#ctgrown,#fairfieldcountyct",17,,2025-08-27T15:38:25.000Z,3w
https://www.instagram.com/p/DOtKOsNjZy6/,organicgardening,https://www.instagram.com/brunis_tomatengarten/,brunis_tomatengarten,"Sind das nicht herrliche Farben 😍😍😍
Schade ist nur, dass ich keine Beschriftung mehr habe, ich tippe mal auf Die blaue Ananas, was meint ihr?

#tomaten #tomatoes #tomatoe #tomatsås #fruitlovers #insektenfreundlichgärtnern #vegetarian #vegetablegarden #biogarten #kleingarten #organic #organicgardening #landleben #gärtnern #gärtnerin #norway #biogarden #kochenmitleidenschaft #harvest #harvesting #fotografia #photographylovers #foto #verdurão #verduras #legumi #gardening #foodphotography #wirefoxterriers #foxterrier_official","#tomaten,#tomatoes,#tomatoe,#tomatsås,#fruitlovers,#insektenfreundlichgärtnern,#vegetarian,#vegetablegarden,#biogarten,#kleingarten,#organic,#organicgardening,#landleben,#gärtnern,#gärtnerin,#norway,#biogarden,#kochenmitleidenschaft,#harvest,#harvesting,#fotografia,#photographylovers,#foto,#verdurão,#verduras,#legumi,#gardening,#foodphotography,#wirefoxterriers,#foxterrier_official",149,,2025-09-17T13:49:27.000Z,4d
https://www.instagram.com/p/DNmGCSRtyrF/,organicgardening,https://www.instagram.com/centraltxbuckeye/,centraltxbuckeye,Lots of #homegrown #eggplant ripening. Looking forward to putting them up in the ball canning end of summer sauce that I can every year.  #backyardgarden #growfoodnotlawns #growityourself #growyourownfood #organicgardening #organic,"#homegrown,#eggplant,#backyardgarden,#growfoodnotlawns,#growityourself,#growyourownfood,#organicgardening,#organic",,,2025-08-20T23:26:43.000Z,4w
https://www.instagram.com/p/DOBB8kwDBOz/,organicgardening,https://www.instagram.com/growyourownfood_22/,growyourownfood_22,#organic #growyourownfood #gardening #garden #homegrown #organicgardening #vegetablegarden #gardenlife #growwhatyoueat #vegetables #backyardgarden #plants #harvest #eatwhatyougrow #sustainableliving #gardener #gardenersofinstagram #mygarden #eatwhatyougrow #growwhatyoueat,"#organic,#growyourownfood,#gardening,#garden,#homegrown,#organicgardening,#vegetablegarden,#gardenlife,#growwhatyoueat,#vegetables,#backyardgarden,#plants,#harvest,#eatwhatyougrow,#sustainableliving,#gardener,#gardenersofinstagram,#mygarden,#eatwhatyougrow,#growwhatyoueat",6,,2025-08-31T10:30:28.000Z,3w
https://www.instagram.com/p/DOt3KY1CPEp/,organicgardening,https://www.instagram.com/_the_veggie_patch/,_the_veggie_patch,"Peter Rabbit would be proud🥕🐇🧡
@kirchhoffsseeds

#organicgardening #carrotharvest #proud #loveıt #peterrabbit #homegrown #veggiepatch","#organicgardening,#carrotharvest,#proud,#loveıt,#peterrabbit,#homegrown,#veggiepatch",25,,2025-09-17T20:22:05.000Z,4d
https://www.instagram.com/p/DLQGxx5JHmc/,organicgardening,https://www.instagram.com/theknottygarden/,theknottygarden,"Some garden truths aren’t found in seed packets or how-to videos.

They’re learned by doing—by paying attention. Here are the lessons that stick with you long after harvest.

💧 Moving water is magic.
It invites life—frogs, birds, dragonflies—and oxygenates your space. A small fountain or stream makes your garden pulse with energy.

🌿 Vertical growing is essential.
Limited on space? Go up. Vining crops love it, airflow improves, and harvests become easier. Every layer of space can grow something.

🔁 Succession plant everything.
When one plant’s done, another goes in. This rhythm keeps beds productive and pollinators busy. Food and flowers alike—don’t let soil sit bare.

🌈 Variety brings resilience.
Monocultures are fragile. Mix colors, bloom times, species. Heirlooms + hybrids, annuals + perennials—intentional variety builds a bulletproof ecosystem.

🌱 Soil is everything.
Forget quick fixes. Compost, mulch, microbes—this is where life begins. Feed the soil, and the soil will feed the garden.

👣 The gardener’s shadow is the best fertilizer.
Presence matters. Walk, observe, touch, listen. The more you see, the better you respond. Your care is what cultivates abundance.

🌸 No flowers = no food.
Veggies depend on pollinators. Pollinators depend on blooms. Interplant flowers not just for beauty, but for the bees. It’s all connected.

🦋 Diversity = biodiversity.
Each plant invites different life. Together, they form a balanced, resilient web. More species = fewer problems and more joy.

🪺 A garden is an ecosystem.
It’s not just plants—it’s bugs, birds, bacteria, weather. Build relationships between living things, and watch your garden stabilize.

🎨 Plants don’t care about pretty.
They care about what helps them grow: soil, light, water. Ditch perfection. Embrace wild, messy, working beauty.

🐛 If nothing’s eating your garden… that’s a problem.
A garden with no pests is a garden with no predators. A few holes mean your ecosystem is alive and working as it should.

From my garden to yours,

🌸Erin",,2911,,2025-06-23T17:27:08.000Z,12w
https://www.instagram.com/p/DOuQEn-jfDT/,organicgardening,https://www.instagram.com/marjxowisno/,marjxowisno,"Damon and I harvested more carrots today 🥕—my second crop this year! 🎉

#CarrotHarvest #HomeGarden #GardenWin #GrowYourOwnFood #HarvestJoy #OrganicGardening #GardenLife #FamilyGarden #VeggieHarvest #GardeningWithKids #BackyardGarden #GardenGoals #FreshFromTheGarden #GardenLove #SeasonalHarvest","#CarrotHarvest,#HomeGarden,#GardenWin,#GrowYourOwnFood,#HarvestJoy,#OrganicGardening,#GardenLife,#FamilyGarden,#VeggieHarvest,#GardeningWithKids,#BackyardGarden,#GardenGoals,#FreshFromTheGarden,#GardenLove,#SeasonalHarvest",,,2025-09-18T00:02:24.000Z,3d
https://www.instagram.com/p/DN3IoG62pM6/,organicgardening,https://www.instagram.com/josiecorrales18/,josiecorrales18,"Good morning. 
#organicgardening 
#growyourownfood 
#gratefulthankfulblessed","#organicgardening,#growyourownfood,#gratefulthankfulblessed",5,,2025-08-27T14:16:27.000Z,3w
https://www.instagram.com/p/DMLxCXNp9-3/,organicgardening,https://www.instagram.com/gardenofvera/,gardenofvera,"Handful of summer 😍

#organicgardening #gardentotable #growingfood #growfoodnotlawns #growyourown #growfood #growwhatyoueat #harvest #berries #zone7gardening","#organicgardening,#gardentotable,#growingfood,#growfoodnotlawns,#growyourown,#growfood,#growwhatyoueat,#harvest,#berries,#zone7gardening",11,,2025-07-16T21:31:35.000Z,9w
https://www.instagram.com/p/DG9gfCzIf8B/,organicgardening,https://www.instagram.com/retrosuburbiaofficial/,retrosuburbiaofficial,"The good people from @deepgreenpermaculture have put together a wonderful guide to the Permaculture Principles.

Always worthwhile to have a look at this fundamental permaculture work by David Holmgren from another perspective, and Angelo Eliades is evidently very passionate and knowledgeable.

If you want to check it out head over to their profile and follow the link to their website- there's heaps of great info there.

 #SustainableLiving #Permaculture #PermaculturePrinciples #DeepGreenPermaculture #RegenerativeFarming #CommunityGardening #OrganicGardening #SustainableLifestyle #urbanagriculture","#SustainableLiving,#Permaculture,#PermaculturePrinciples,#DeepGreenPermaculture,#RegenerativeFarming,#CommunityGardening,#OrganicGardening,#SustainableLifestyle,#urbanagriculture",37,,2025-03-09T02:00:43.000Z,28w
https://www.instagram.com/p/DNq_IjfUMhd/,organicgardening,https://www.instagram.com/thebeginnersgarden/,thebeginnersgarden,"You grow your own food to take control of your health…

But what if some of the biggest risks are the ones we can’t see?

In this week’s episode of the Beginner’s Garden Podcast, I’m joined by neurologist Dr. Ray Dorsey—author of The Parkinson’s Plan—to talk about the surprising links between Parkinson’s disease and common chemicals found in pesticides, weed killers, even garden fences and water.

This isn’t about fear—it’s about awareness, and what we can do to protect ourselves and our families.

🎧 The full episode is out now—find it wherever you listen to podcasts. Or comment LISTEN!

👇 Did any of these slides surprise you? Let me know in the comments.

#TheBeginnersGardenPodcast #ParkinsonsAwareness #HomeGardeningTips #OrganicGardening #GrowYourOwnFood #PesticideFree #GardenHealth","#TheBeginnersGardenPodcast,#ParkinsonsAwareness,#HomeGardeningTips,#OrganicGardening,#GrowYourOwnFood,#PesticideFree,#GardenHealth",96,,2025-08-22T21:02:44.000Z,4w
https://www.instagram.com/p/DLc180gNtvt/,organicgardening,https://www.instagram.com/morenaj01/,morenaj01,"Ay sari sari🌿🌱🍃
#backyardgarden #organicgardening morenaj01","#backyardgarden,#organicgardening",3,,2025-06-28T16:10:12.000Z,12w
https://www.instagram.com/p/DHkQCECxmx9/,organicgardening,https://www.instagram.com/resiliencedesign/,resiliencedesign,"Evening gardening: New veggie beds in my backyard, with a little wattle fencing made from fig and hazel prunings to help direct pup traffic. 🐾

No lumber needed for raised beds, just planting into some compost and the earth. 

#garden #veggiegarden #backyardgardening #ediblelandscape #organicgardening #localfood #seasonalfood #foodnotlawns #resiliencedesign","#garden,#veggiegarden,#backyardgardening,#ediblelandscape,#organicgardening,#localfood,#seasonalfood,#foodnotlawns,#resiliencedesign",80,,2025-03-24T03:55:58.000Z,25w
https://www.instagram.com/p/DN7TtvxjcY1/,organicgardening,https://www.instagram.com/kassiolino/,kassiolino,"🇩🇪⬇️ A few impressions from my gardens. 
I am always taking lots of photos from my vegetables to make sure that I have enough memories of the lucky times of summer, when the winter is long and the abundance of summer seems to be far away. An emergency kit for myself to cure the winter blues. 

But, we still have summer and the abundance is still here! Let’s celebrate it!💚

🇩🇪 Zum Wochenende mal ein paar Eindrücke aus meinen Gärten. 
Ich mache immer zig Fotos von meinem Gemüse, damit ich mich im Winter, wenn der Sommer und die Fülle ewig weit weg erscheinen, aus dem Winterloch befreien kann. 

Aber, noch haben wir Sommer und Fülle. Lasst es uns feiern!💚

#garten #selbstversorgergarten #ökologischgärtnern #organicgardening #nutzgartenverliebt #urbanorganicgardener #eigeneernte #thehappygardeninglife #happygardening #selfsufficient #homegrown #backyardgardening #growfoodnotlawns #meingarten #ökofluencer #vegetablegarden #nutzgarten #gartenliebe #selbstversorger #ediblegarden #permaculturegarden #gartenzeit #gemüsebeet #KassiOlino #gyo #gartenblogger
#gardenersofinstagram #girlswhogarden","#garten,#selbstversorgergarten,#ökologischgärtnern,#organicgardening,#nutzgartenverliebt,#urbanorganicgardener,#eigeneernte,#thehappygardeninglife,#happygardening,#selfsufficient,#homegrown,#backyardgardening,#growfoodnotlawns,#meingarten,#ökofluencer,#vegetablegarden,#nutzgarten,#gartenliebe,#selbstversorger,#ediblegarden,#permaculturegarden,#gartenzeit,#gemüsebeet,#KassiOlino,#gyo,#gartenblogger,#gardenersofinstagram,#girlswhogarden",216,,2025-08-29T05:10:08.000Z,3w
https://www.instagram.com/p/DLNEr9TvhRP/,organicgardening,https://www.instagram.com/gardening_igbax/,gardening_igbax,"Credit gardening_for_beginner_
What is your favorite shirt⁠
💥 𝗦𝗛𝗢𝗣 𝗡𝗢𝗪 🔥𝗟𝗜𝗡𝗞 𝗜𝗡 𝗠𝗬 𝗕𝗜𝗢 👆🏻 𝗦𝗵𝗶𝗽𝗽𝗶𝗻𝗴 ✈️⁠ #lovegardening #vegetablegardening #organicgardening #gardening_feature #gardeningmakesmehappy #gardeningwithkids #ilovegardening #gardening101 #gardeningismytherapy #gardeninglife #gardeningaustralia #containergardening #gardeningfun #happygardening #backyardgardening #gardeningtherapy #indoorgardening #urbangardening #gardening #homegardening #gardeningisfun #gardeningtips #gardeningislife #gardeningideas #epicgardening #thehappygardeninglife #balconygardening #gardeninglove #instagardening #gardeningtime","#lovegardening,#vegetablegardening,#organicgardening,#gardening_feature,#gardeningmakesmehappy,#gardeningwithkids,#ilovegardening,#gardening101,#gardeningismytherapy,#gardeninglife,#gardeningaustralia,#containergardening,#gardeningfun,#happygardening,#backyardgardening,#gardeningtherapy,#indoorgardening,#urbangardening,#gardening,#homegardening,#gardeningisfun,#gardeningtips,#gardeningislife,#gardeningideas,#epicgardening,#thehappygardeninglife,#balconygardening,#gardeninglove,#instagardening,#gardeningtime",438,,2025-06-22T13:11:08.000Z,13w
https://www.instagram.com/p/DN8L0AJDPfq/,organicgardening,https://www.instagram.com/ionutneicutescu/,ionutneicutescu,"All that hard work at the plot is paying off!💚

 Today's harvest was a big one: a tray full of climbing french beans and refreshing cucumbers.

I will pickle all the cucumbers,  but I have no idea what to do with all the beans.

 There's nothing better than picking your own food straight from the garden, organic and flavoured.

What are you harvesting this weekend? 

 #allotmentlife #gardenharvest #homegrown #freshproduce #gogreen #greengands #knowyourfood #green #allotmentlife
#plot #growwhatyoulove #eatwhatyougrow #ediblegarden #bestseason #londonlife #londongardener #biogarden #organicgardening #frenchbeans #cucumbers #august #summerharvest #photooftheday","#allotmentlife,#gardenharvest,#homegrown,#freshproduce,#gogreen,#greengands,#knowyourfood,#green,#allotmentlife,#plot,#growwhatyoulove,#eatwhatyougrow,#ediblegarden,#bestseason,#londonlife,#londongardener,#biogarden,#organicgardening,#frenchbeans,#cucumbers,#august,#summerharvest,#photooftheday",,,2025-08-29T13:20:29.000Z,3w
https://www.instagram.com/p/DJTTe7JqFOB/,organicgardening,https://www.instagram.com/devonandearth/,devonandearth,"Chard! 🌱 

This sunset chard has been lighting up the allotment since last year and is growing so much with the warm weather we’ve been having! 

Chard, which is also known as Swiss chard, is a leafy green vegetable with a mild, slightly sweet taste, similar to spinach but with a stronger flavor. It’s a member of the beet family and has large, crinkled leaves attached to thick, crunchy stems. 

You can eat chard raw in salads, cooked like spinach, or used in various dishes. I like to use mine in pasta dishes, stews and casseroles and in wraps as a green leaf. 

I start my chard seeds off in the greenhouse in early spring and I multi sow them which means I sow more than one seed in each module. When they are around 5cm tall I garden them off and plant them out. I’ll then do another sowing, directly into the growing site, around July/August to overwinter giving me crops through winter and into early spring and the hungry gap. 

If you have any questions about growing chard pop them in the comments below. 

#chard #growveg #growingfood #growyourown #organicgardener #organicgardening #vegetablegarden","#chard,#growveg,#growingfood,#growyourown,#organicgardener,#organicgardening,#vegetablegarden",133,,2025-05-06T06:13:06.000Z,19w
https://www.instagram.com/p/DOnYxpSE7Y7/,organicgardening,https://www.instagram.com/susa.gardening.sanctuary/,susa.gardening.sanctuary,"What a fabulous day we had on Sunday. 

The Edible Garden Adventure organised by Andrew and Mandy of @kalamundagardenfestival brought us two coaches of awesome people who shared a passion for gardening.

Also on board the coaches were two special guests Costa from @costasworld and Darren Senior from 6pr. 
What great companions to have on each of these coaches sharing their knowledge in all things gardening.

Costa kept me waiting all day and then he ran straight past me, so funny!
He loved my golden podded peas, he loved my espalier pomegranate and grape vine. He even did some weeding on my gravel path and yes I’d have him back any day as my apprentice haha!

A big thank you to my special family who kept everyone topped up with refreshments and all their wonderful help prior to the event. Also to my friend Michelle who made the passion fruit slice, in which was a huge success…

It was really lovely meeting you all and I was honoured to share my garden with you.

Thank you Sue

💚💚💚

.

.

#susasgardeningsanctuary #ediblegardenadventure #event #gardening #organicgardening #sustainableliving #funday #gardenlife #sundayfunday #gathering #abcmygarden #gardeningaustralia #gardenersofinstagram #perthgardener #mygarden #myplace","#susasgardeningsanctuary,#ediblegardenadventure,#event,#gardening,#organicgardening,#sustainableliving,#funday,#gardenlife,#sundayfunday,#gathering,#abcmygarden,#gardeningaustralia,#gardenersofinstagram,#perthgardener,#mygarden,#myplace",,,2025-09-15T08:01:07.000Z,6d
https://www.instagram.com/p/DOjc4xTEfPc/,organicgardening,https://www.instagram.com/homesteadingindenver/,homesteadingindenver,"Mid-September harvest 🌿🍅
Things are definitely starting to slow down, but we’re still harvesting several full baskets per week. This season has been slower than usual for tomatoes and peppers, but we’re grateful everything else has been typically prolific and we’re especially excited for the first cantaloupe of the year! 🍈

We’re hoping for a late frost to give tomatoes and peppers extra time to ripen, but gardening in CO means never knowing how long your growing season will actually be 🤪 In theory, our first frost is under a month away. We’re not ready, but we continue to be amazed at how much the garden gives, even as the days get shorter 💚🌾

#denvergarden #septemberharvest #homegrown #urbangardening #fallgarden #cantaloupeseason #growyourown #urbanhomestead #slowfood #knowyourfarmerknowyourfood #organicgardening #milehighcitylife #growfoodnotgrass #thiswasaparkinglot","#denvergarden,#septemberharvest,#homegrown,#urbangardening,#fallgarden,#cantaloupeseason,#growyourown,#urbanhomestead,#slowfood,#knowyourfarmerknowyourfood,#organicgardening,#milehighcitylife,#growfoodnotgrass,#thiswasaparkinglot",357,,2025-09-13T19:20:04.000Z,1w
https://www.instagram.com/p/DNPhGAXzsGd/,organicgardening,https://www.instagram.com/created_by_amie/,created_by_amie,"Back home after an incredible week away in Bali with the Barossa to Bali crew via @barossavalleypt (more about that when I am recovered from my red-eye flight and the consequential lack of sleep 😴). 
The family left the house super neat and tidy so because I despise unpacking, I took to the kitchen to give the kids some of Mumma’s baking, and of course a lap around the veggie patch seeing what was ready to harvest. 
Ridiculously- there are still tomatoes. 
Also grabbed coriander, parsley, chard (love a good leafy greens “squeak”), mandarins, lemons, celery, a small cauliflower that wasn’t picked in time but will be great in fried rice, a few chillies and a lovely big bok choy 💚💚. 

Despite the veggie patch being somewhat neglected this season, it keeps on giving. Almost time for spring crops to go in. 
Oh, and what’s with the passionfruit deciding to fruit again so soon?? They are actually even ripening! 🤷🏼‍♀️ anyone else? 

Now that the fun stuff is done, I guess the suitcase needs attention. If anyone sees me at basketball tonight, I will be the one with toothpicks holding my eyelids up 😴😵‍💫. 

#whatiloveforwhoilove #organicgardening #winterproduce #homebaking #jumbomuffins #focaccia #growityourself #tiredaf #whydidithinknightflightwasagoodidea?","#whatiloveforwhoilove,#organicgardening,#winterproduce,#homebaking,#jumbomuffins,#focaccia,#growityourself,#tiredaf,#whydidithinknightflightwasagoodidea",78,,2025-08-12T05:00:38.000Z,5w
https://www.instagram.com/p/DHvETVZSRXp/,organicgardening,https://www.instagram.com/khilyaabrori/,khilyaabrori,"Foto-foto hasil kebun periode Oktober-Maret yang berhasil di abadikan ☺️📸 

#homegarden #berkebundilahansempit #petanikebun #panen #organicgardening #kebunsayur","#homegarden,#berkebundilahansempit,#petanikebun,#panen,#organicgardening,#kebunsayur",44,,2025-03-28T07:59:29.000Z,25w
https://www.instagram.com/p/DJ2jub_PbA6/,organicgardening,https://www.instagram.com/my_acupuncturist/,my_acupuncturist,"Hoping it not too cold the next few nights! The new tomato bed is looking lovely! It is important to me that my garden beds are beautiful and full of flowers and companion plants. Purple opal basil is one of my favorites!! I think that I'll start another 20 basil plants as well as garlic chives for that bed. How is your garden looking?? 
#growyourownfood 
#growfoodnotlawns 
#organicgardening 
#garden2025","#growyourownfood,#growfoodnotlawns,#organicgardening,#garden2025",28,,2025-05-19T22:48:26.000Z,17w
https://www.instagram.com/p/DMilWhgM8Lm/,organicgardening,https://www.instagram.com/coastalgardenerbrad/,coastalgardenerbrad,"Another big heirloom vegetable and herb harvest today -- lots more regular and long beans; ground cherries (New Hanover); okra (Clemson Spineless); hot peppers (Tabasco); sweet peppers (Banana, California Wonder, Cubanelle); basil (Cinnamon, Dark Purple Opal, Genovese, Thai Sweet Large Leaf); rosemary (Arp).

It is HOT today -- 93F (33C), with a forecast high of 95F (35C). The heat index (temperature + humidity) is already 106F (41C), so that will probably go even higher. I think I will stay inside in the air conditioning for the rest of this afternoon.

#gardenharvest #vegetablegardens #vegetablegardening #heirloomgardening #heirloomvegetables #organicgardening ##gaygardener","#gardenharvest,#vegetablegardens,#vegetablegardening,#heirloomgardening,#heirloomvegetables,#organicgardening,#gaygardener",21,,2025-07-25T18:12:00.000Z,8w
https://www.instagram.com/p/DJEXk8LT_i0/,organicgardening,https://www.instagram.com/nikkikat_gal/,nikkikat_gal,"Some time off the last few weeks saw @cam_warde and I make a little more progress towards having all my old veg garden beds aaaalmost all replaced. 
The fifth bed we’ve just completed, is sitting as a double-decker until we remove the very last old timber, and move the new edging over 🥰
.
.
.
#nikspotager #lifeatwillowdene #newveggardenbed #onemoretogo #cleverhusband #organicgardening #gardeningaustralia #gardeningaustraliamag","#nikspotager,#lifeatwillowdene,#newveggardenbed,#onemoretogo,#cleverhusband,#organicgardening,#gardeningaustralia,#gardeningaustraliamag",57,,2025-04-30T11:00:15.000Z,20w
https://www.instagram.com/p/DM0vHqKIcLN/,organicgardening,https://www.instagram.com/gardenerblind/,gardenerblind,"Aubergine success! Just picked my first one of the season.

#allotment #allotmentgarden #gardening #organic #organicgardening #disabledgardener #Aubergine #eggplants","#allotment,#allotmentgarden,#gardening,#organic,#organicgardening,#disabledgardener,#Aubergine,#eggplants",5,,2025-08-01T19:23:42.000Z,7w
https://www.instagram.com/p/DK0sygnqHO0/,organicgardening,https://www.instagram.com/keen_gardener/,keen_gardener,"Onion and beetroot, true garden companions, growing side by side in harmony. 🧅💜🌱.
.
.
.
#CompanionPlanting
#OnionAndBeetroot
#GardenBuddies
#OrganicGardening
#GrowYourOwn
#HomeGrownVeg
#EdibleGarden
#GardenLove
#VegetablePatch
#AllotmentLife
#GreenThumb
#PlantPartners
#SoilToTable
#GardeningJoy
#GardenInspiration
#GrowWhatYouEat
#GardenTherapy
#UrbanGardener
#SustainableLiving
#PlantWithPurpose","#CompanionPlanting,#OnionAndBeetroot,#GardenBuddies,#OrganicGardening,#GrowYourOwn,#HomeGrownVeg,#EdibleGarden,#GardenLove,#VegetablePatch,#AllotmentLife,#GreenThumb,#PlantPartners,#SoilToTable,#GardeningJoy,#GardenInspiration,#GrowWhatYouEat,#GardenTherapy,#UrbanGardener,#SustainableLiving,#PlantWithPurpose",15,,2025-06-13T02:00:33.000Z,14w
https://www.instagram.com/p/DNGAoRVxVqr/,organicgardening,https://www.instagram.com/rosefarmmoi/,rosefarmmoi,"Today’s harvest! Bumper harvest of snow peas, broccolini and cauliflower. #organicgardening",#organicgardening,4,,2025-08-08T12:23:47.000Z,6w
https://www.instagram.com/p/DILWWVbRRCB/,organicgardening,https://www.instagram.com/simone_maudsley/,simone_maudsley,"A growing healthy garden and chilies galore, this plant just keeps on giving. 
This is one of my favourite times of the year, the weather is getting that crispness to it, the sun is just right. My winter garden beds are coming along nicely. Coloured caulis are in, as are the broccoli, red cabbage and baby wongbok. I have new seedlings ready to go in next week also.
The afternoon run for the boys is better in this weather too. Otis has zero recall so he gets a 3kg weight and a long leash to play on. This dog doesn't stop and he's built like a tank for a JR 🤣

#odin #otis #organicgardening #vegegarden #wintergarden #autumnvibes #ruralliving #sustainableliving","#odin,#otis,#organicgardening,#vegegarden,#wintergarden,#autumnvibes,#ruralliving,#sustainableliving",6,,2025-04-08T07:32:48.000Z,23w
https://www.instagram.com/p/DOo7-c1DCQA/,organicgardening,https://www.instagram.com/l_costuna/,l_costuna,"More little Blessings!
#backyardgarden
#organicgardening
#organicvegetables","#backyardgarden,#organicgardening,#organicvegetables",,,2025-09-15T22:27:55.000Z,5d
https://www.instagram.com/p/DOs51k7jJMC/,organicgardening,https://www.instagram.com/raoastrid_/,raoastrid_,"A food forest is more than a garden —
it’s a living system that grows like nature itself. 🌱

At Native Place, our forest weaves food, medicinal herbs, and habitat
while restoring soil, water, and life.
It teaches us to pause, listen, and grow in harmony —
season after season. 🌳✨

🍃 Curious to learn how to design one yourself?
Join us for the Introduction to Permaculture Design (IPD) Course
📅 4–5 October 2025
📍 Native Place, Kamshet

👉 Only a few seats are left — DM us for more details & registrations.

Discover how soil, water, plants, and people
can come together to create abundance — just like a forest. 🌿

[Permaculture, Food Forest, Sustainable Living, Regenerative Farming, Permaculture workshop, Organic Gardening, Eco Community, Native Place]

#permaculture #foodforest #sustainableliving #permacultureworkshop #regenerativeagriculture #organicgardening #ecofriendlyliving #communityliving","#permaculture,#foodforest,#sustainableliving,#permacultureworkshop,#regenerativeagriculture,#organicgardening,#ecofriendlyliving,#communityliving",50,,2025-09-17T11:26:12.000Z,4d
https://www.instagram.com/p/DOuXGZMkW3n/,organicgardening,https://www.instagram.com/theplanttechie/,theplanttechie,"🍂 I can never get enough kale and carrots when the air gets crisp. What’s your top choice?

#fallveggies #organicgardening #gardenseasons","#fallveggies,#organicgardening,#gardenseasons",38,,2025-09-18T01:01:09.000Z,3d
https://www.instagram.com/p/DJdqSNxMhyH/,organicgardening,https://www.instagram.com/phildudmangardening/,phildudmangardening,"Ready to grow your own food?

Our popular Grow Your Food workshops are on again with dates lined up for July and August.

With only two dates this year, these workshops are filling up quickly so please book early to avoid disappointment. 

Just type 'WORKSHOPS' in the comments and I'll send you the details. 

Come along for a fun day and get your vegie patch pumping!

#growfood #organicgardening #gardeningworkshops","#growfood,#organicgardening,#gardeningworkshops",55,,2025-05-10T06:44:44.000Z,19w
https://www.instagram.com/p/DJmXYn0yoTB/,organicgardening,https://www.instagram.com/oldenorganics/,oldenorganics,"Feel free to come out to the farm this week (Please text to let us know you are coming to (920) 379-9004) to get your hands on Vegetable, Herb, and Annual Plants. LOTS and LOTS of different varieties of Herbs, So many varieties of Tomato and Pepper Plants. Broccoli, Cauliflower, Strawberries, Kale, Lettuce Mix, Sugar Snap Peas, Beans, Zucchini, Yellow Squash, Winter Squash, Pie Pumpkins, So So Many Plants. Otherwise you can also pick some out at The Free Market, Appleton, Wis and @brookfield_health_hut. All plants are certified organic. #organicgardening #supportlocal #buylocal","#organicgardening,#supportlocal,#buylocal",9,,2025-05-13T15:52:46.000Z,18w
https://www.instagram.com/p/DOI3JkSjXXD/,organicgardening,https://www.instagram.com/jenglazegregory/,jenglazegregory,"🌱 Healthy soil = healthy plants. Here’s my simple organic fertilizing rhythm that keeps the garden thriving season after season:

– Compost or soil conditioner each season
– Fish emulsion right after planting
– A balanced organic fertilizer as plants grow
– Tomato-Tone or Big Bloom during fruiting
– Bt spray, milk + water, and daily checks for pests & disease

It doesn’t have to be complicated — just consistent. Healthy soil, organic products, and steady care = abundant harvests 🤍

Save this post for when you’re planning your own garden rhythm — and follow along for organic gardening tips, seasonal planting guides, and slow living here at Post Oak Farm.

#PostOakFarm #OrganicGardening #FromSeedToTable #KitchenGarden #WomenWhoFarm #SlowLiving #HomesteadLife #SouthernHomestead","#PostOakFarm,#OrganicGardening,#FromSeedToTable,#KitchenGarden,#WomenWhoFarm,#SlowLiving,#HomesteadLife,#SouthernHomestead",6,,2025-09-03T11:24:35.000Z,2w
https://www.instagram.com/p/DJEks6wg1M2/,organicgardening,https://www.instagram.com/amy_lynn213/,amy_lynn213,"Part of organic gardening is accepting that there will be some holes in your leaves.  Might not be aesthetically pleasing, but it doesn’t affect the taste!
#organicgardening",#organicgardening,7,,2025-04-30T12:54:55.000Z,20w
https://www.instagram.com/p/DOaNS0iDQd8/,organicgardening,https://www.instagram.com/kassiolino/,kassiolino,"🇩🇪⬇️ Let’s play a game. Tell me what’s the first thing that came to your mind when you saw this picture. I am curious to know. 🤩

🇩🇪 Lasst uns mal ein Spiel spielen. Schreibt mir doch bitte mal euren ersten Gedanken zu diesem Foto in die Kommentare. Ich bin gespannt. 🤩

#garten #selbstversorgergarten #ökologischgärtnern #organicgardening #nutzgartenverliebt #urbanorganicgardener #eigeneernte #thehappygardeninglife #happygardening #selfsufficient #homegrown #backyardgardening #growfoodnotlawns #meingarten #ökofluencer #vegetablegarden #nutzgarten #gartenliebe #selbstversorger #ediblegarden #permaculturegarden #gartenzeit #gemüsebeet #KassiOlino #gyo #gartenblogger
#gardenersofinstagram #girlswhogarden","#garten,#selbstversorgergarten,#ökologischgärtnern,#organicgardening,#nutzgartenverliebt,#urbanorganicgardener,#eigeneernte,#thehappygardeninglife,#happygardening,#selfsufficient,#homegrown,#backyardgardening,#growfoodnotlawns,#meingarten,#ökofluencer,#vegetablegarden,#nutzgarten,#gartenliebe,#selbstversorger,#ediblegarden,#permaculturegarden,#gartenzeit,#gemüsebeet,#KassiOlino,#gyo,#gartenblogger,#gardenersofinstagram,#girlswhogarden",374,,2025-09-10T05:10:04.000Z,1w
https://www.instagram.com/p/DJi8jOtTaxa/,organicgardening,https://www.instagram.com/the.gourmanticgarden/,the.gourmanticgarden,"Summer or winter harvest? Asking Mother Nature.

And another lap around the sun.

#GrowItEatItDrinkIt #TheGourmanticGarden
.
.
.⁠
.⁠
.⁠
#gardentoglass #cocktailgarden #vegetablegarden #permaculture #gardeningaustralia #organicgardening","#GrowItEatItDrinkIt,#TheGourmanticGarden,#gardentoglass,#cocktailgarden,#vegetablegarden,#permaculture,#gardeningaustralia,#organicgardening",,,2025-05-12T08:00:03.000Z,18w
https://www.instagram.com/p/DLhX4vyOhHR/,organicgardening,https://www.instagram.com/asuburbangardener/,asuburbangardener,"First harvest of the season… basket full of basil, water spinach, peppers and cucumbers.
.
.
.
.
.
 #zone7a #marylandgardens #marylandgardening #gardenideas #gardeninspiration #gardeningtips #gardenphotography #gardenideas #growyourownfood #homegarden #vegetables #homegrown #familygarden #organicgardening #garden #organicgarden #veggiepatch #gardenupdate #frommygarden #lovegardening #gardenlovers #urbangardener #gardening4pleasure #summergarden #summergardening","#zone7a,#marylandgardens,#marylandgardening,#gardenideas,#gardeninspiration,#gardeningtips,#gardenphotography,#gardenideas,#growyourownfood,#homegarden,#vegetables,#homegrown,#familygarden,#organicgardening,#garden,#organicgarden,#veggiepatch,#gardenupdate,#frommygarden,#lovegardening,#gardenlovers,#urbangardener,#gardening4pleasure,#summergarden,#summergardening",65,,2025-06-30T10:23:42.000Z,11w
https://www.instagram.com/p/DMnSN2_otXT/,organicgardening,https://www.instagram.com/pawpawridge/,pawpawridge,"Check for Poops, Then Get Ready to Pick!

Those little green nuggets? Yep… hornworm poop. 🐛 And if you see it, you’ve got a tomato thief hiding out, blending in like a pro.

Step 1️⃣ Pick off every hornworm you can find.
Step 2️⃣ Clear away the poops.
Step 3️⃣ Come back tomorrow… if there’s new poop, the sneaky bandit is STILL there!

Start the hunt all over again. Did you know? A single hornworm can eat an entire tomato plant in just one night!

If you just can’t find them all, grab a Bt spray—it’s safe for organic gardening but spray it in the evening to protect your pollinators. Anyone who thinks gardening is peaceful clearly hasn’t been in a midnight showdown with these green eating machines…

What pest is the worst one in your garden?

#pawpawridge #organicgardening #tomatotips #gardenhacks #homesteadinglife #vegetablegarden","#pawpawridge,#organicgardening,#tomatotips,#gardenhacks,#homesteadinglife,#vegetablegarden",1602,,2025-07-27T14:01:01.000Z,8w
https://www.instagram.com/p/DOdSOdijekj/,organicgardening,https://www.instagram.com/quakedavid/,quakedavid,"🌿 Colourful September harvest 🌻

It's really surprising as to how the tomatoes are still growing now, we've had a very good season so far. 
The cucumbers are slowly dying off, and the sweetcorn is almost ready to be harvested🌽
Green beans, onions and peppers are doing excellent too, though my sugar snap peas haven't been a success this year. 

I'm quite sad the summer season has come to an end, though excited to clear out the greenhouse and start planting the winter veggies soon💚

#greenhouse #harvest #veggies #growyourownveggies
#gardening #gardeninspiration #gardentherapy #therapyindirt #gardenlove #gardenerslife #garden #tomatoes #cucumbers #sweetcorn #onions #potatoes #greenbeans #peppers #planting #harvesting #organicgardening #organicveggies #nature #photooftheday #photography #💚","#greenhouse,#harvest,#veggies,#growyourownveggies,#gardening,#gardeninspiration,#gardentherapy,#therapyindirt,#gardenlove,#gardenerslife,#garden,#tomatoes,#cucumbers,#sweetcorn,#onions,#potatoes,#greenbeans,#peppers,#planting,#harvesting,#organicgardening,#organicveggies,#nature,#photooftheday,#photography,#💚",,,2025-09-11T09:51:28.000Z,1w
https://www.instagram.com/p/DLurMg3PJS3/,organicgardening,https://www.instagram.com/gardening_igbax/,gardening_igbax,"Credit gardening_for_beginner_ Tips
What is your favorite shirt⁠
💥 𝗦𝗛𝗢𝗣 𝗡𝗢𝗪 🔥𝗟𝗜𝗡𝗞 𝗜𝗡 𝗠𝗬 𝗕𝗜𝗢 👆🏻 𝗦𝗵𝗶𝗽𝗽𝗶𝗻𝗴 ✈️⁠ #thehappygardeninglife #gardeningaustralia #gardening_feature #gardeningislife #lovegardening #organicgardening #backyardgardening #gardeningtips #gardening #homegardening #gardeningmakesmehappy #indoorgardening #gardening101 #urbangardening #balconygardening #vegetablegardening #gardeningfun #gardeninglife #happygardening #instagardening #gardeninglove #gardeningwithkids #gardeningtime #ilovegardening #gardeningideas #epicgardening #containergardening #gardeningisfun #gardeningtherapy #gardeningismytherapy","#thehappygardeninglife,#gardeningaustralia,#gardening_feature,#gardeningislife,#lovegardening,#organicgardening,#backyardgardening,#gardeningtips,#gardening,#homegardening,#gardeningmakesmehappy,#indoorgardening,#gardening101,#urbangardening,#balconygardening,#vegetablegardening,#gardeningfun,#gardeninglife,#happygardening,#instagardening,#gardeninglove,#gardeningwithkids,#gardeningtime,#ilovegardening,#gardeningideas,#epicgardening,#containergardening,#gardeningisfun,#gardeningtherapy,#gardeningismytherapy",664,,2025-07-05T14:22:34.000Z,11w
https://www.instagram.com/p/DNtVJPh3PgS/,organicgardening,https://www.instagram.com/catoctinfarmwitch/,catoctinfarmwitch,"I planted a different kind of cucumber this year, but then I left for a vacation and came back to a bunch of oversized cukes that were basically useless. And now they’ve been hanging on the vine growing ever bigger all summer like some eldritch horror. And now they shall feed the compost pile. #gardenfail #giantvegetables #growallthethings #organicgardening","#gardenfail,#giantvegetables,#growallthethings,#organicgardening",16,,2025-08-23T18:53:25.000Z,4w
https://www.instagram.com/p/DKvwFnbAhV_/,organicgardening,https://www.instagram.com/stresscake/,stresscake,"Finally got everything planted in the #littleplotthatcould. Had to replace a few things as the damn late season cold snaps wreaked havoc. And all just in time to leave town. Typical. And the first harvest of the 2025 season! All the green things - lettuce, mesclun, beet greens, chard, kale, bok choi, a few garlic scapes, chives, mint. Will probably make an herby ranchy type dressing with the herbs and scapes for a big ‘ol salad for lunch tomorrow. YUM. #communitygardens #organicgardening #DIYdinner #growyourown #albanyparkcommunitygarden","#littleplotthatcould,#communitygardens,#organicgardening,#DIYdinner,#growyourown,#albanyparkcommunitygarden",33,,2025-06-11T03:53:09.000Z,14w
https://www.instagram.com/p/DLHUmQqPGAi/,organicgardening,https://www.instagram.com/our_40_acre_life/,our_40_acre_life,"Let’s get specific, What to plant in July & August (local subtropical region)

I get asked this all the time 
 “What can I grow here?”
“Why are my plants dying?”

The truth is, what works in one part of the country might fail miserably somewhere else.
We’re subtropical here, and as always timing matters, especially in winter!

Right now (July & August) we’re at the tail end of our cool season seed planting, (mine were planted Feb/ March ) but there’s still plenty you can sow from seed to make the most of it….

🥬 Veggies
– Lettuce
– Kale
– Silverbeet
– Carrots
– Beetroot
– Snow peas
- Onions
– Radish
– Spring onions
– Broccoli & cabbage (pretty much July only, so now’s the time!)

🌿 Herbs
– Coriander
– Parsley
– Dill
– Chives
– Thyme
– Oregano

🌸 Flowers
– Calendula
– Violas
– Nasturtiums
– Alyssum
– Sweet peas (if you’re quick!)
- Sunflowers (grow nearly all year here for me)

Planting in the right season sets you up for success, healthy plants, fewer pests, and actual harvests. 🌿
Just because it’s for sale in a seed packet doesn’t mean it will grow well right now where you are, if at all! Take Rhubarb… it might grow for a while but I’ve never had much success in subtropical conditions! It likes the cold! 

Stick with what suits our local climate now and you’ll be harvesting before spring even begins….
Ah yes Spring.. we’ll talk about  seeds to sow soon for spring harvests next week 😝

@fivefreedomtravellers @karlyravennaturopath @evenindee @fingerboard_farm @teeschaos 
This post was for you 😘

Love your food 💚🌿

#subtropicalgarden
#whattoplantnow
#winterplanting
#julygarden
#augustgarden
#growfromseed
#seasonalplanting
#homegrownfood
#gardeningaustralia
#growwhatyoulove
#organicgardening
#plantthese
#subtropicalveggies
#ediblegarden
#herbgarden
#coolseasoncrops
#wintergarden
#flowergarden
#sustainablegardening
#knowwhatyougrow","#subtropicalgarden,#whattoplantnow,#winterplanting,#julygarden,#augustgarden,#growfromseed,#seasonalplanting,#homegrownfood,#gardeningaustralia,#growwhatyoulove,#organicgardening,#plantthese,#subtropicalveggies,#ediblegarden,#herbgarden,#coolseasoncrops,#wintergarden,#flowergarden,#sustainablegardening,#knowwhatyougrow",32,,2025-06-20T07:59:30.000Z,13w
https://www.instagram.com/p/DLdXNLnIrFC/,organicgardening,https://www.instagram.com/vermontcompost/,vermontcompost,"The harvest basket we dream of all winter long - green and vibrant, and overflowing with gorgeous produce! What does your dream harvest look like?

#gardening #organicgardening #vermont #vermontlife #harvest","#gardening,#organicgardening,#vermont,#vermontlife,#harvest",15,,2025-06-28T21:00:50.000Z,12w
https://www.instagram.com/p/DOGcslFiBwO/,organicgardening,https://www.instagram.com/womengrow/,womengrow,"August growing 🌱🫜🪏

#HomeGrownVeg #GrowYourOwn #VegetableGarden #KitchenGarden #GardenLife #OrganicGardening #UrbanGardening #UKGardening #BritishGarden #UKGrowers #UKAllotment #UKGardeners #AllotmentUK","#HomeGrownVeg,#GrowYourOwn,#VegetableGarden,#KitchenGarden,#GardenLife,#OrganicGardening,#UrbanGardening,#UKGardening,#BritishGarden,#UKGrowers,#UKAllotment,#UKGardeners,#AllotmentUK",,,2025-09-02T13:00:26.000Z,2w
https://www.instagram.com/p/DN8fg7nAJ9T/,organicgardening,https://www.instagram.com/vonniethevessel13/,vonniethevessel13,"Homegrown Organic Cantaloupe 🍈👨🏾‍🌾🌱

#homegrown #fruit #organicgardening #gardenvibes #growyourownfood #gardentotable #explorepage #fyp #trending #reels #viralfood #rawvegan #plantbased #healthylifestyles #alkaline #electricfoods","#homegrown,#fruit,#organicgardening,#gardenvibes,#growyourownfood,#gardentotable,#explorepage,#fyp,#trending,#reels,#viralfood,#rawvegan,#plantbased,#healthylifestyles,#alkaline,#electricfoods",99,,2025-08-29T16:12:39.000Z,3w
https://www.instagram.com/p/DNslG0p5Fiz/,organicgardening,https://www.instagram.com/mishyblu/,mishyblu,"When we first planted our orchard, we did it the “traditional” way.  Fruit trees spaced 3–4 metres apart with grass in between. It looked neat, and I imagined one day walking through the orchard and sitting under apple and cherry trees but we soon realised that grass competes with the trees and doesn’t give much back to the soil.

Since then, we’ve learned a lot about how nature works best. Now we’re creating diverse rows between the trees, planting herbs, flowers, perennials and annuals. These plants feed the soil, bring in pollinators, keep pests in check, and hold more water in the ground. Instead of a patch of trees with grass, we’re building a living food forest where every plant supports the whole system. 
.
.
.
.
.
.
#lonepalmfarm #selfsufficiency #foodforest #permaculture #regenerativefarming #homesteadlife #orchard #permacultureorchard #growyourownfood #offgridliving #organicgardening #permaculturelife #selfreliantliving #sustainableliving #fromthegarden #ediblelandscape #soilhealth #biodiversity #foodforestmagic #farmdiary","#lonepalmfarm,#selfsufficiency,#foodforest,#permaculture,#regenerativefarming,#homesteadlife,#orchard,#permacultureorchard,#growyourownfood,#offgridliving,#organicgardening,#permaculturelife,#selfreliantliving,#sustainableliving,#fromthegarden,#ediblelandscape,#soilhealth,#biodiversity,#foodforestmagic,#farmdiary",30,,2025-08-23T11:53:40.000Z,4w
https://www.instagram.com/p/DOekwDoja39/,organicgardening,https://www.instagram.com/harvestandbloomhamptons/,harvestandbloomhamptons,"Our first year growing Midnight Roma tomatoes from @row7seeds, and it certainly won’t be our last! 🤤
.
.
.
#row7seeds #midnightroma #organicgardening #gardentotable #hamptons","#row7seeds,#midnightroma,#organicgardening,#gardentotable,#hamptons",33,,2025-09-11T21:52:35.000Z,1w
https://www.instagram.com/p/DLYNygOTWzq/,organicgardening,https://www.instagram.com/derivedfromnaturenz/,derivedfromnaturenz,"Planning your spring garden? Don’t just grow food — create something beautiful. 🌸🌿

When I design my garden, I’m not just thinking about harvests.
I’m thinking about joy. Colour. Layers. Pollinators. Purpose.
A space that’s not only productive — but one that feels good to be in.

Here’s how I do it:
🌱 Dense Planting – to suppress weeds, boost yields, and reduce maintenance
🌼 Companion Planting – to naturally reduce pests and increase diversity
🌿 Layered Design – for airflow, beauty, and balance from soil to sky

📘 My Derived from Nature Method Guide teaches all 3, step by step.

Comment "" THRIVE"" to grab it before the price goes up!

📐 And my brand new Editable Planting Plan Templates?
They give you the exact formats I use — AND the full freedom to customize, rebrand, and even resell.

✨ If you want a garden that’s abundant and artistic… now’s the time.

⏳ Only 2 days left to get the prelaunch price on my editable planting plans pack before it goes up!

Comment “PLAN” and I’ll send you the links 💚

#gardenplanning #gardendesign #gardenwithpurpose #gardenideas #gardeninspiration #vegegardening #learntogrowfood #vegetablegarden #organicgardening","#gardenplanning,#gardendesign,#gardenwithpurpose,#gardenideas,#gardeninspiration,#vegegardening,#learntogrowfood,#vegetablegarden,#organicgardening",281,,2025-06-26T21:02:19.000Z,12w
https://www.instagram.com/p/DObMBWXkTMU/,organicgardening,https://www.instagram.com/growing.in.the.garden/,growing.in.the.garden,"The freshest compost and worm castings? The ones you make yourself. Ready to learn how? I’ve got resources for that.

Low desert friends It’s also time to prune those perennial herbs and roses. A little care now means a tastier, more beautiful fall garden. Don’t skip it.

Want the full September Task List and links to the “How-To” guides for these tasks and more? Comment SEPTEMBER LIST and I’ll send them to you.

#SeptemberGarden #DesertGardening #FallGardenPrep #WormComposting #ArizonaGardening #LowDesertGarden #GrowingInTheGarden #GardenTasks #FallGardening #CompostMagic #RaisedBedGarden #GardenChecklist #OrganicGardening","#SeptemberGarden,#DesertGardening,#FallGardenPrep,#WormComposting,#ArizonaGardening,#LowDesertGarden,#GrowingInTheGarden,#GardenTasks,#FallGardening,#CompostMagic,#RaisedBedGarden,#GardenChecklist,#OrganicGardening",180,,2025-09-10T23:01:31.000Z,1w
https://www.instagram.com/p/DOB5e1bDpId/,organicgardening,https://www.instagram.com/healthylifeinharmony/,healthylifeinharmony,Picking the fruits (and veggies!) of my labor. There’s something so satisfying about my little garden. 🪴🪏👩‍🌾 #growyourown #homegrown #farmtotable #gardenharvest #littlegarden #vegetablegarden #gardentherapy #freshveggies #organicgardening #containergarden,"#growyourown,#homegrown,#farmtotable,#gardenharvest,#littlegarden,#vegetablegarden,#gardentherapy,#freshveggies,#organicgardening,#containergarden",8,,2025-08-31T18:35:45.000Z,3w
https://www.instagram.com/p/DHPcF1HziEY/,organicgardening,https://www.instagram.com/phildudmangardening/,phildudmangardening,"Ready to grow your own food?

Our popular Grow Your Food workshops are on again with dates lined up for July and August.

With only two dates this year, we are expecting these workshops will fill up quickly so please book early to avoid disappointment. 

Just type 'WORKSHOPS' in the comments and I'll send you the details. 

Come along for a fun day and get your vegie patch pumping!

#growfood #organicgardening #gardeningworkshops","#growfood,#organicgardening,#gardeningworkshops",56,,2025-03-16T01:08:33.000Z,27w
https://www.instagram.com/p/DK0DieWhSd5/,organicgardening,https://www.instagram.com/portageviewfarm/,portageviewfarm,"If you think it’s too late to plant anything new in summer…
You’re missing one of the best-kept secrets in gardening. You can still get MORE from your garden — with the space you already have.

☀️ The key? Frost date planning + intentional replanting = a thriving fall harvest that starts now.

I teach you exactly how inside my upcoming masterclass: Grow the Distance — summer care + fall prep for real-life gardeners who want real food results.
Comment “TRACKER” and I’ll send you the free printable + waitlist link!

Let’s stretch your garden season — and your harvests — further than ever before! 🌻

.
.
.

#summergarden #fallgardenprep #gardeningtips #successionplanting #growthedistance #gardenplanning #selfsufficiency #intentionalgardening #organicgardening #beginnergardener #modernhomesteaders #homegrownfood #gardeningclass #gardenlife #gardenmaintenance","#summergarden,#fallgardenprep,#gardeningtips,#successionplanting,#growthedistance,#gardenplanning,#selfsufficiency,#intentionalgardening,#organicgardening,#beginnergardener,#modernhomesteaders,#homegrownfood,#gardeningclass,#gardenlife,#gardenmaintenance",77,,2025-06-12T20:00:05.000Z,14w
https://www.instagram.com/p/DOksyvLDfFQ/,organicgardening,https://www.instagram.com/milkwood/,milkwood,"🌱 If you’re new around here, you might not have seen this yet... we made a free guide to help you start your very own veggie garden. Hooray!⁠
⁠
Because let’s be honest... starting a garden can feel a bit overwhelming at first. But this guide breaks everything down into simple, doable steps that you can achieve, one at a time.⁠
⁠
Inside, we cover:⁠
🌱 How to set your garden goals (so you know what you’re growing for)⁠
🌱 Designing a patch that suits your space + life⁠
🌱 Soil & garden beds, crop planning + seeding⁠
🌱 Watering, structures + keeping plants nourished⁠
🌱 Harvesting! The best bit, with plenty left to share and preserve⁠
🌱 Plus loads of resources for further learning⁠
⁠
Wherever you live, whatever size your space... you can grow food at home, and we’d love to help you get started.⁠
⁠
The link to download the guide is in our profile today. Happy dreaming 🌱 ⁠
⁠
We’re always here for your questions too... supporting folks to grow food and resilience is what we do 💚 x⁠
⁠
#organicgardening #freeguide #freegardeningguide #growyourown #growfood #permacultureliving #permaculture #vegetablegardening #growagarden #sustainability #gardening⁠
⁠","#organicgardening,#freeguide,#freegardeningguide,#growyourown,#growfood,#permacultureliving,#permaculture,#vegetablegardening,#growagarden,#sustainability,#gardening",64,,2025-09-14T06:58:22.000Z,1w
https://www.instagram.com/p/DOqu_z0EQWK/,organicgardening,https://www.instagram.com/davidchildwhisperer/,davidchildwhisperer,"""Black gold, Texas Tea""...... not exactly, but the next best thing! I spent the day cleaning my Dawn's pond filter harvesting the fish byproducts....... the water and sludge will separate and I'll save the sludge to mix throughout the year as a fertilizer........ waste not, want not! #squarefootgardening #victorygarden #organicgardening #godsblessings","#squarefootgardening,#victorygarden,#organicgardening,#godsblessings",7,,2025-09-16T15:13:00.000Z,5d
https://www.instagram.com/p/DNLlPnosuWl/,organicgardening,https://www.instagram.com/littlegreengrowers.ie/,littlegreengrowers.ie,"🍂 Think veggie gardening ends in summer? Think again…

Autumn is the secret season for a thriving veg patch — cooler temps, fewer pests, and earlier harvests next year.

Here are 5 organic stars to plant as autumn arrives:
🌱 Kale – cold-hardy & packed with nutrients
🌱 Spinach – loves cooler days
🌱 Radish - quick to mature, harvest before the frosts arrive 
🌱 Kale – establish now before winter arrives and enjoy harvests all season long
🌱 Cabbage – plant now for an early spring treat

✨ Tip: Autumn planting means stronger roots and a head-start on the season ahead.

📦 Preorder your organic autumn–winter veg plants today!

#OrganicGardening #AutumnVeg #irishgarden #plants #GrowYourOwnFood #KitchenGarden #WinterVeg #HomeGrown #OrganicVeg #GardeningTips #SmallScaleFarming  #LittleGreenGrowers","#OrganicGardening,#AutumnVeg,#irishgarden,#plants,#GrowYourOwnFood,#KitchenGarden,#WinterVeg,#HomeGrown,#OrganicVeg,#GardeningTips,#SmallScaleFarming,#LittleGreenGrowers",,,2025-08-10T16:19:55.000Z,6w
https://www.instagram.com/p/DOsUa2hCe5f/,organicgardening,https://www.instagram.com/tentino7/,tentino7,Chibwabwa 😘 #greenhand #eatclean #postviralシ #gardening #organicgardening,"#greenhand,#eatclean,#postviralシ,#gardening,#organicgardening",1,,2025-09-17T05:59:15.000Z,4d
https://www.instagram.com/p/DIyc59qPTqF/,organicgardening,https://www.instagram.com/qualitygardensupplies/,qualitygardensupplies,"Late Autumn is the perfect time to get on top of your garden jobs and plant an array of vegies and herbs
Link is in the bio for some ideas on what to plant now in the garden this month:

#qualitygardensupplies #fortheloveofgardening #whattoplantmayaustralia #organicgardening","#qualitygardensupplies,#fortheloveofgardening,#whattoplantmayaustralia,#organicgardening",7,,2025-04-23T12:00:29.000Z,21w
https://www.instagram.com/p/DLb0zAHq0vE/,organicgardening,https://www.instagram.com/lifeisanorganicgarden/,lifeisanorganicgarden,"Rainy week harvest in a sunshine gap

Which African bird would drive you nuts…hadedas (ibis) in video one or guinea fowl in the second? 😅

Uhhmmm that is 7 heads of cauliflower!!! 🙈 Not quite @poodles_and_produce success but grateful nonetheless with eggplants, chillies and cherry tomatoes in winter to go with all the citrus. 

My caulis are still a win because life and sickness got in the way and they lived in seed punnets for way too long. I didn’t expect much, but direct sowed more seed 2 weeks ago in a 15cm empty row gap in my raised bed. That’s all the space you need and can transplant out from there. (Bonus succession crop)

You don’t always need soil and seed trays. Sowing can be made simple as long as the temperature is correct for what you are sowing. I always check germination temperatures for everything I sow. No use sowing seeds which need cold stratification on a heat mat for instance. I even move those seed trays outside to get the cold somewhere where they won’t get too washed out and waterlogged from rain. 

Once again my pots on soil method works. Seed trays placed in your beds (some under big leaf plant protection) allows the microbes to assist germination and the soil below regulates the moisture. 

Have any of you tried my pots on living soil trick yet? I can’t tell you how well it works and I even have unplanted trees and a full grapevine still in pots which they bust right out of. As much as I hate plastic, they work better than terracotta or cement pots. 

#thehappygardeninglife #gardenersofinstagram #urbanfarm #cauliflowers #orto #huerta #huerto #gemüsegarten #hagen #potager #jardinage #veggiegardening #veggiegarden #growfood #growfoodnotlawns #organicgardening  #nodig #eatwhatyougrow #growwhatyoueat #foodsecurity #allotmentgarden #growyourfood #homesteader #cheddarcauliflower #purplecauliflower #homegrownfood #homegrownveggies #raisedbedgardening #orangecauliflower","#thehappygardeninglife,#gardenersofinstagram,#urbanfarm,#cauliflowers,#orto,#huerta,#huerto,#gemüsegarten,#hagen,#potager,#jardinage,#veggiegardening,#veggiegarden,#growfood,#growfoodnotlawns,#organicgardening,#nodig,#eatwhatyougrow,#growwhatyoueat,#foodsecurity,#allotmentgarden,#growyourfood,#homesteader,#cheddarcauliflower,#purplecauliflower,#homegrownfood,#homegrownveggies,#raisedbedgardening,#orangecauliflower",558,,2025-07-09T17:37:03.000Z,10w
https://www.instagram.com/p/DIZDwuViWRJ/,organicgardening,https://www.instagram.com/organic_gwen/,organic_gwen,"In the harvest basket - Red Bell Peppers and Eggplants.

My peppers are all quite late this season and my Eggplants are not the biggest or the best, but I'm happy(seeing I'm the only one in our household eating them 😊). Veggies from the garden is always good - no matter size or shape 😊. 

Hope you're having a good Sunday in the vegetable garden 💚🌱 - I'm planning more seed sowing this week -
Purple Cauliflower
Sprouting broccoli
Broad beans
Sweet peas, calendula, cornflower
Peas
And cabbage.
More radish, michilli and lettuce.
What's on your sowing list this coming week?

.
.
.
.
.
#harvesttotable #organicgardening #organicgwen #growingveggies #eatwhatyougrow #redpeppers #eggplants #homegrownfood #fromthegarden
#gardeningsouthafrica #groentetuin","#harvesttotable,#organicgardening,#organicgwen,#growingveggies,#eatwhatyougrow,#redpeppers,#eggplants,#homegrownfood,#fromthegarden,#gardeningsouthafrica,#groentetuin",380,,2025-04-13T15:19:47.000Z,23w
https://www.instagram.com/p/DHRwMVhq9gZ/,organicgardening,https://www.instagram.com/foodgardening4all/,foodgardening4all,"What a busy day! Amongst other things I decided to give the strawberry guttering one last try, keeping in mind that I have to keep it well watered. It wasn’t costing me anything as it was home made compost and the strawberry plants were free. I even managed, with the help of the Geezer hubby, to get my first earlies in my tubs. Right! It’s back to the greenhouse for more sowing. 
.
.
.
.
.
#strawberries #guttering #potatoes #pots #allotment #ilovemyallotment
#allotmentlife #allotmentlife🌱
#allotmentlove #growyourown
#growyourownfood #gyo
#growyourownfood🌱
#growyourownveggies
#ilovegardening #foodsecurity #gardening_love #eastsheen
#nodig #compost #organicgardening
#veggrower #veggiegarden
#homegrown #allotmentuk
#allotmentveg #allotmentfruit #allotmenteer","#strawberries,#guttering,#potatoes,#pots,#allotment,#ilovemyallotment,#allotmentlife,#allotmentlife🌱,#allotmentlove,#growyourown,#growyourownfood,#gyo,#growyourownfood🌱,#growyourownveggies,#ilovegardening,#foodsecurity,#gardening_love,#eastsheen,#nodig,#compost,#organicgardening,#veggrower,#veggiegarden,#homegrown,#allotmentuk,#allotmentveg,#allotmentfruit,#allotmenteer",205,,2025-03-17T07:33:56.000Z,26w
https://www.instagram.com/p/DMMZq61MGk3/,organicgardening,https://www.instagram.com/standing.pine.acres/,standing.pine.acres,"Oooo we about to start rockin' over here!! 

In the blink of an eye, the garden has gone from ""about to explode"" to booming with growth! 

Everything starts growing and blooming and ripening exponentially quicker than just a couple weeks ago. 

There's something new to discover every day. 

I've been spending a lot of time roaming aimlessly up and down the aisles, observing all the changes, and just taking it all in. 

I inspect for disease and pest pressure, prune a couple leaves, flick off a couple bugs, pop a couple cherry toms, a cuke, do some deadheading, and bring up a solitary basket with some garden goodies, and herbs to dry & flowers to press. 

The garden always reminds me, ""everything in time."" 

And not a day goes by where I don't learn something new from the garden. She is one of my greatest teachers 🌱✨️
.
.
.
.
.
.
#thehappygardeninglife #backtonature #ilovegardening #inmygarden #ilovemygarden #gardenersofig #gardenmagic #gardengoals #gardendreams #gardeninspiration #gardentherapy #growagarden #instagardening #instagardenlovers #gardeninglife #gardeningmakesmehappy #gardeninglovers #gardenlove #gardenlovers #backyardgarden #raisedbedgarden #rusticgarden #zone6a #njgardening #jerseyfresh #sussexcountynj #organicgardening","#thehappygardeninglife,#backtonature,#ilovegardening,#inmygarden,#ilovemygarden,#gardenersofig,#gardenmagic,#gardengoals,#gardendreams,#gardeninspiration,#gardentherapy,#growagarden,#instagardening,#instagardenlovers,#gardeninglife,#gardeningmakesmehappy,#gardeninglovers,#gardenlove,#gardenlovers,#backyardgarden,#raisedbedgarden,#rusticgarden,#zone6a,#njgardening,#jerseyfresh,#sussexcountynj,#organicgardening",1840,,2025-07-17T03:26:39.000Z,9w
https://www.instagram.com/p/DMitni_MI5F/,organicgardening,https://www.instagram.com/grow_garnish/,grow_garnish,"I can’t believe these beauties are finally in my hands! 🍆🙌💚

Summer started with a full-on aphid and lily bug invasion. I mixed up a natural spray—baking powder, vinegar,liquid soap & water—and gave my plants a spa treatment 2–3 times a week. 🌿✨

Then came the heat wave. Leaves curled, brown spots appeared, and I went in with the snips, pruning every damaged leaf. Once a week, I pampered them with seaweed feed and watched those leaves balloon into elephant-ear giants. 🐘🍃

Even with all the drama, my eggplants kept blooming. Armed with my trusty paintbrush (yes, aubergines are bisexual!), I hand-pollinated every flower. 🎨🐝

And voilà—harvest time! Feast your eyes on homegrown aubergines that survived pests, scorching days, and my endless tinkering. Now, onto the kitchen for the ultimate curry. 😇🥰🤩

Have you ever waged war on garden pests or battled the heat for that perfect harvest? Drop your stories below! 👇
#backyardgrower 
#gardeningforwellbeing 
#gardenersofinstagram
#gardening2025
#organicgardening
#HomeGarden
#AubergineLove 
#GardenJourney #PestFree #GrowYourOwn #PlantParenthood
#gardeninginessex 
#chelmsfordgardeners","#backyardgrower,#gardeningforwellbeing,#gardenersofinstagram,#gardening2025,#organicgardening,#HomeGarden,#AubergineLove,#GardenJourney,#PestFree,#GrowYourOwn,#PlantParenthood,#gardeninginessex,#chelmsfordgardeners",103,,2025-07-25T19:24:16.000Z,8w
https://www.instagram.com/p/DM_P-dLtwLz/,organicgardening,https://www.instagram.com/lekmedmaten/,lekmedmaten,"Grönsaker i rektangel - hemodlad skörd💚
.
Veggie rectangle - homegrown harvest💚
.
.
.
#odlaipallkrage #odlaisverige #odlamat #odlamera #ekologiskodling #eko #hemodlat #nyskördat #ätmeragrönt #homegrownveggies #organic  #organicgardening #urbanorganicgardening","#odlaipallkrage,#odlaisverige,#odlamat,#odlamera,#ekologiskodling,#eko,#hemodlat,#nyskördat,#ätmeragrönt,#homegrownveggies,#organic,#organicgardening,#urbanorganicgardening",103,,2025-08-05T21:23:11.000Z,6w
https://www.instagram.com/p/DObJ87Fjyj-/,organicgardening,https://www.instagram.com/pawpawridge/,pawpawridge,"Peppers are still popping here on the Ridge! I love these Trident Poblano peppers, they’re crazy performers. I’ve grown them the last 3 seasons and they do better each year.

Here’s something a lot of folks don’t realize: peppers are actually perennials. Yep, if you overwinter them, they’ll come back stronger the next season. Saves time, boosts production, and lets you get a head start.

Simple rules for overwintering peppers:
• Before frost, dig them up carefully and pot them in fresh soil.
• Cut them back to just a few strong stems.
• Keep them in a sunny window or under a grow light.
• Water lightly, just enough to keep the roots alive.

Come spring, they’ll bounce right back and reward you with earlier, heavier harvests.

Have you ever tried overwintering any of your peppers?

#pawpawridge #gardeningtips #growfoodnotlawns #homesteadlife #pepperlover #organicgardening","#pawpawridge,#gardeningtips,#growfoodnotlawns,#homesteadlife,#pepperlover,#organicgardening",471,,2025-09-10T14:00:41.000Z,1w
https://www.instagram.com/p/DJhe5ebJJGB/,organicgardening,https://www.instagram.com/gardenplanning/,gardenplanning,"♻️ TURN KITCHEN SCRAPS INTO GARDEN GOLD!

Comment “BLOOM” below to get our plant identification app with detailed care instructions for 22,000+ species! Never kill another plant again.

Before you toss those food scraps, consider this: your kitchen waste is liquid gold for your garden! These common kitchen leftovers provide powerful nutrients that plants absolutely love.

Here’s what those everyday scraps add to your soil:
☕ Coffee Grounds - Pure nitrogen boost that encourages lush, green growth and improves soil structure. Perfect for acid-loving plants like blueberries, roses, and azaleas.
🍵 Used Tea Leaves - Rich in tannins and micronutrients that gently acidify soil while promoting healthy root development. Works great in compost or sprinkled directly around plants.
🍌 Banana Peels - Packed with potassium and phosphorus for robust flowering, fruiting, and strong root systems. Bury well chopped pieces near tomatoes, peppers, and fruit trees.
🥚 Eggshells - Natural calcium source that strengthens plant cell walls and prevents blossom end rot in tomatoes and peppers. Crush and sprinkle or steep in water for liquid fertilizer.

Comment “BLOOM” below to get our plant identification app with detailed care instructions for 22,000+ species! Never kill another plant again.

The app tells you exactly what your plants need and when. Comment “BLOOM” now!
#sustainablegardening #composting #zerowaste #organicgardening #kitchenscraps","#sustainablegardening,#composting,#zerowaste,#organicgardening,#kitchenscraps",3806,,2025-05-11T18:22:11.000Z,19w
https://www.instagram.com/p/DHpAsd8y7NW/,organicgardening,https://www.instagram.com/seedtofork/,seedtofork,"For too long, I extended myself. Not just physically and emotionally, but also by reaching for meaning. To help me gain direction, bearings. To feel a sense of belonging. Sometimes, begrudgingly, to keep up with trends.

It was no different in gardening. I spent years on the tomato merry-go-round thinking I’d never find the right tomatoes, that the next big yellow one was the one I *just had to grow*. Then, slowly, and I mean every season for a decade, a little bit of tinder, a proverbial rebuttal, sparked in me. Some might call it resentment, but I think it was a kinder thing. Curiosity. It was the curiosity it takes to be courageous. The curiosity it takes to push back against the tide of trends. And it can feel like swimming upstream, but it also brings new vantage points, unique angles, and a sense of returning home.

…continued on the blog: Seedtofork.com

#seedtofork #gardenplanning #tomatogarden #gardeninspiration #organicgardening","#seedtofork,#gardenplanning,#tomatogarden,#gardeninspiration,#organicgardening",178,,2025-03-25T23:29:24.000Z,25w
https://www.instagram.com/p/DIqOupCpRvM/,organicgardening,https://www.instagram.com/kingsseedsnz/,kingsseedsnz,"All things Autumn ~ Pumpkins, Squash and Walnuts 🍂

#growingfood #gardentotable #nzgarden #dailyharvest #dahlia #dahliaobsession #squash #growvegetables #myprideofplace #homegarden #vegpatch #gardenlove #ABCMygarden #organicgardening #permaculturegarden #homestead #slowliving #autumn #cutflowers #flowergarden #freshflowers #flowerfarm #nzgardener #dahlialove #floral #blooms","#growingfood,#gardentotable,#nzgarden,#dailyharvest,#dahlia,#dahliaobsession,#squash,#growvegetables,#myprideofplace,#homegarden,#vegpatch,#gardenlove,#ABCMygarden,#organicgardening,#permaculturegarden,#homestead,#slowliving,#autumn,#cutflowers,#flowergarden,#freshflowers,#flowerfarm,#nzgardener,#dahlialove,#floral,#blooms",98,,2025-04-20T07:22:40.000Z,22w
https://www.instagram.com/p/DKZ7PggKAEo/,organicgardening,https://www.instagram.com/aoifes_allotment_adventures/,aoifes_allotment_adventures,"💝Growing for giving💝

Mother’s win every time. I wouldn’t have it any other way, and being able to grow on this Lottie to give to friends and family is an absolute blessing.

Many of you may not know that a good number of veggies and flowers grown on this plot are for her (shhhh, I don’t even eat tomatoes and I’m growing 16 different varieties this year…).

My little rebellion are my gorgeous dahlias that I adore… “they’re really quite old fashioned, my granny grew them” - now that’s a whole new convo in itself!

But the one thing we unanimously agree on is the joy that sweet peas bring. We presently have 3 to 4 vases of different varieties at any one moment. The scent of summer is upon us.

(Also, how lucky am I that I’m growing up to be like her? Our faces are becoming more and more alike as the years progress. Fascinating and wonderful to see how I may look like in a decade or so’s time.)

Follow @aoifes_allotment_adventures as she enjoys sharing all that she grows for people and pollinators.
.
.
.
.
.
.
.
.

#gardeninginspo #gardening #gardeners #allotmentsofinstagram #sweetpeas #mothers #family #growyourown #beautifulflowers #organicgardening #pollinatorgarden #blessed #loveflowers #grownnotflown","#gardeninginspo,#gardening,#gardeners,#allotmentsofinstagram,#sweetpeas,#mothers,#family,#growyourown,#beautifulflowers,#organicgardening,#pollinatorgarden,#blessed,#loveflowers,#grownnotflown",273,,2025-06-02T16:28:55.000Z,15w
https://www.instagram.com/p/DNjhKfbNKMC/,organicgardening,https://www.instagram.com/centraltxbuckeye/,centraltxbuckeye,"Prefer homegrown watermelon with actual seeds- those are saved from the best grown watermelon and saved for starting seedlings next spring. I've fallen in love with this smaller sized orange watermelon! 🧡🍉 Will definitely grow these again next spring!
#growityourself #growyourownfood #backyardgrocerystore #growfruit #organicgardening #organic #knowwhereyourfoodcomesfrom","#growityourself,#growyourownfood,#backyardgrocerystore,#growfruit,#organicgardening,#organic,#knowwhereyourfoodcomesfrom",5,,2025-08-20T02:47:48.000Z,4w
https://www.instagram.com/p/DKxewWuh38W/,organicgardening,https://www.instagram.com/portageviewfarm/,portageviewfarm,"Planting isn’t the finish line — it’s the starting point.

If your garden isn’t producing like you expected, it’s not because you failed.

It’s because no one taught you how to care for it in the middle.

That’s what we are coverng in Grow the Distance.
 A live class that helps you care for your summer garden and prep for a fall harvest that actually feeds your family.

🍅 Learn how to replant with purpose 🧺 Know when (and how) to harvest 📅 Prep for fall with frost-date confidence 📊 Track your season to grow smarter next year

🎯 Comment “TRACKER”
 and I’ll send you the free Garden Harvest Tracker + save your seat for the class!!

.
.
.

#summergarden #fallgardenprep #gardeningtips #successionplanting #growthedistance #gardenplanning #selfsufficiency #intentionalgardening #organicgardening #beginnergardener #modernhomesteaders #homegrownfood #gardeningclass #gardenlife #gardenmaintenance","#summergarden,#fallgardenprep,#gardeningtips,#successionplanting,#growthedistance,#gardenplanning,#selfsufficiency,#intentionalgardening,#organicgardening,#beginnergardener,#modernhomesteaders,#homegrownfood,#gardeningclass,#gardenlife,#gardenmaintenance",128,,2025-06-11T20:00:05.000Z,14w
https://www.instagram.com/p/DNqfD6LMynP/,organicgardening,https://www.instagram.com/knott_the_plot/,knott_the_plot,"Fridays pickings from the kitchen garden 😍😋

#kitchengarden #organicgardening #grow #tomatoes #beans #squash #zucchini #dahlia #flowers #gardensofinstagram #gardening #growyourown #ediblegarden #vegetables #vegetablegardening","#kitchengarden,#organicgardening,#grow,#tomatoes,#beans,#squash,#zucchini,#dahlia,#flowers,#gardensofinstagram,#gardening,#growyourown,#ediblegarden,#vegetables,#vegetablegardening",81,,2025-08-22T16:22:22.000Z,4w
https://www.instagram.com/p/DK9466lxZsc/,organicgardening,https://www.instagram.com/maisonette_textiles/,maisonette_textiles,"Harvest. Some things are normal, if a tad early. Garlic scapes make great pickles. Not really enough strawberries for jam this year. That calls for a shortcake I guess. Have been eating them straight up, no herbicides, no pesticides. #maisonette #garden #organicgardening #kitchenfarmingproject #hudsonvalley #newyork","#maisonette,#garden,#organicgardening,#kitchenfarmingproject,#hudsonvalley,#newyork",25,,2025-06-16T15:39:43.000Z,13w
https://www.instagram.com/p/DI_x08LNLZj/,organicgardening,https://www.instagram.com/basiahomemademama/,basiahomemademama,"Good morning! ☀️ It’s that time again! 🤩We have our organically homegrown veggie plants looking for their forever gardens! 🌱

We will be taking orders starting today (April 28th) and scheduling pickups at our home in Crystal Lake. Just shoot us a message, let us know what to set aside for you and we’ll have it ready when you arrive. 

🚨PLEASE REMEMBER🚨
Due to limited space, we will not be holding plants for more than a day. Please reach out with your order when you can pick up on the SAME day or on the next day at the latest. Thank you for your understanding! 

We will be unavailable and unable to get to your messages on the mornings of 5/2 and 5/7. We will also be unavailable on 5/11 all day. 

Here is what’s available this year: 

🍅 TOMATOES ($2-$4)
Slicing tomatoes:
 Golden slicing
 Orange slicing
 Madame Marmande
 Raspberry
 Raspberry favorite 
 Raspberry giant 
 Oxheart 
 Mortgage lifter
 Striped German 

Cherry tomatoes:
Sweetie
Large (red)
Sunrise 
Black
Orange 
Venus (orange) dwarf
Mascot (red) dwarf 
Cherrola (red long trusses)

🫑 SWEET PEPPERS ($3-$4)
Red Baron 
Early yellow 
Big red 
Orange
Big Bertha
King of the north 
Wisconsin lakes
Carmen (red Italian)

Banana peppers 
Hungarian paprika 

🌶️ HOT PEPPERS ($3-$4)
Pimento (very mild and sweet)
Lemon drop
Cayenne 
Jalapeño
Thai

🔥 SUPER HOT PEPPERS ($2-$4)
Dragon’s breath 
Carolina reaper
Scorpion 
Ghost

🪴 OTHER ($3-$4)
Parsley (3 plants in a container)
Kohlrabi (4 plants in a container)
Kale (4-6 plants in a container)
Brussels sprouts (4 plants in a container)
Broccoli (4 plants in a container)
Rosemary 
Lavender 
Eggplant 

Cucumbers, pickling cucumbers, cucamelons, zucchini and basil won’t be ready until mid May just in time for planting. 

🍄‍🟫🍄‍🟫🍄‍🟫🍄‍🟫 Each plant order of $30 or more will receive a 1/2 lb box of @crystallakemushrooms’ blue oysters or shiitakes (while supplies last). 

We also have our usual goodies available for pickup (link in bio) if you’re interested:

https://homemade-mama.square.site/

We are located in Crystal Lake near Randall and Ackman.

THANK YOU! 💚",,23,,2025-04-28T16:13:25.000Z,20w
https://www.instagram.com/p/DLwxgyjt5rr/,organicgardening,https://www.instagram.com/renedeklerk3/,renedeklerk3,"When you haven't posted on Instagram for so long that you almost forgot how, then you know it's time. 

Those who know me know how much I love gardening. The small things that bring joy: my first ever cauliflower harvest. I almost left it too long! 

#gardening #OrganicGardening #WinterGardening #gardensofinstagram🌿🌱🌻 #veggiegarden","#gardening,#OrganicGardening,#WinterGardening,#gardensofinstagram🌿🌱🌻,#veggiegarden",7,,2025-07-06T09:56:16.000Z,11w
https://www.instagram.com/p/DJc-xbZJlO8/,organicgardening,https://www.instagram.com/athyrium_ghost/,athyrium_ghost,"I'm hiding them from the cabbage moths
.
.
.
#organicgardening #gardening #homesteading #homestead #brassicas #bokchoy","#organicgardening,#gardening,#homesteading,#homestead,#brassicas,#bokchoy",9,,2025-05-10T00:24:30.000Z,19w
https://www.instagram.com/p/DMjSUtUNOaZ/,organicgardening,https://www.instagram.com/iamtonyjenkins/,iamtonyjenkins,"Friday in the garden - I don't know who needs to hear this, BUT: 
It might not look good.
It might not feel good.
But, it's going to be good.

Evening meditation - Romans 8:28

#eveningvibes 
#organicgardening 
#giantgreentomato","#eveningvibes,#organicgardening,#giantgreentomato",2,,2025-07-26T00:44:58.000Z,8w
https://www.instagram.com/p/DL0meIIzMDB/,organicgardening,https://www.instagram.com/derivedfromnaturenz/,derivedfromnaturenz,"🌽🌿 The Three Sisters Planting Method 🌿🎃
A centuries-old strategy… reimagined for modern garden beds.

This slide shows exactly how to plant out the traditional trio—corn, beans, and pumpkin—in a way that works beautifully with dense planting, companion synergy, and layered design.

This isn’t just about tradition.
It’s about function, beauty, and results.

This exact plan ( deaign only) is inside my Editable Planting Plan Pack — ready for you to copy, tweak, reuse, or even use with clients.

And the method behind it? That comes from my Derived from Nature Method guide — where I teach you my 3 foundational systems for growing productive, pest-resistant, low-maintenance gardens:

✨ Layered Planting
✨ Dense Planting
✨ Natural Pest Control

They’ve never been taught like this—together, step by step, as an interconnected system that brings your garden to life.

👇

💾 Comment PLAN to get the Editable Planting Plans

🌱 Comment THRIVE to learn the Derived from Nature Method

#ediblegarden #threesistersplanting #denseplanting #layeredgarden #gardenplanning #vegetablegardenideas #gardendesign #companionplanting #organicgardening #derivedfromnature","#ediblegarden,#threesistersplanting,#denseplanting,#layeredgarden,#gardenplanning,#vegetablegardenideas,#gardendesign,#companionplanting,#organicgardening,#derivedfromnature",401,,2025-07-07T21:36:44.000Z,10w
https://www.instagram.com/p/DNEXIUwpw8e/,organicgardening,https://www.instagram.com/farmdaddyofficial/,farmdaddyofficial,"Wondering what to plant in August? We’ve got you covered! 🥬🍅🌼
From leafy greens to vibrant herbs, these are perfect picks for your self-watering FarmDaddy garden.💧

Your late-summer garden is just getting started...let’s grow! 
👉 Tap the link in bio to get your FarmDaddy system today.

#AugustPlanting #farmdaddy  #GrowYourOwn #LateSummerGarden #SelfWateringPlanter #HomegrownVeggies #GardeningMadeEasy #organicgardening #growyourown #selfwateringgarden #ecofriendlyliving","#AugustPlanting,#farmdaddy,#GrowYourOwn,#LateSummerGarden,#SelfWateringPlanter,#HomegrownVeggies,#GardeningMadeEasy,#organicgardening,#growyourown,#selfwateringgarden,#ecofriendlyliving",6,,2025-08-07T21:01:55.000Z,6w
https://www.instagram.com/p/DKALguiu6pw/,organicgardening,https://www.instagram.com/lmazu32/,lmazu32,"Finally...got some things planted this morning! All tucked away with insect netting...good luck little plants! 👩‍🌾💚🌱
 #brassica #organicgardening #inchbyinchrowbyrow","#brassica,#organicgardening,#inchbyinchrowbyrow",23,,2025-05-23T16:29:15.000Z,17w
https://www.instagram.com/p/DOvpI34kxRK/,organicgardening,https://www.instagram.com/gardenorganicuk/,gardenorganicuk,"Our GO team have been in the hot seat this week @yeovalley Organic Garden Festival! We've been fielding lots of questions about organic gardening and sharing tips for organic ways to mitigate droughts, improve your soil and nurture nature in your growing space.

We're here until Saturday 20 September, so if you've got a ticket please do come and say hello. You can pick up some special Heritage Seed Library seeds and organic gardening booklets.

#YeoValley #organic #OrganicGardening #gardening #gyo","#YeoValley,#organic,#OrganicGardening,#gardening,#gyo",30,,2025-09-18T12:58:20.000Z,3d
https://www.instagram.com/p/DN0N4LdUkdM/,organicgardening,https://www.instagram.com/nativeplacekamshet/,nativeplacekamshet,"Learn the secrets of sustainable living in just 2 days!

Join us for the 21st Introduction to Permaculture Design Course! 🌿
Step into our lush 20+ year-old permaculture garden at Native Place, Kamshet, for a 2-day hands-on learning journey in sustainable gardening, regenerative living, and creating nature-connected spaces.

Over the weekend, you will:
✨ Work on a group design project
✨ Take part in engaging outdoor activities
✨ Explore our thriving food forest
✨ Learn practical skills you can use at home

📅 Dates: 4-5th October 2025
📍 Venue: Native Place Guesthouse, Kamshet (1 hr from Pune | 3 hrs from Mumbai)
💰 Fees: ₹6500 (includes tuition, meals, and dorm stay — private rooms available at extra cost)

What you’ll learn:
🌱 Grow your own food
💧 Water harvesting & composting
🌾 Soil fertility & space planning
🌍 Permaculture ethics & principles

⚡ Limited seats are available — Don’t miss this chance to learn, connect, and grow alongside a community of like-minded people!
📲 Scan the QR code to fill the registration form

For more details:
📧 Email: nativeplacekamshet@gmail.com 
📱 WhatsApp: 9833313522 (Astrid Rao)

[permaculture, sustainableliving, organicgardening, growyourownfood, communityliving, natureconnection, ecocourse]

#permaculture #sustainability #organicgardening #growyourown #ecofriendly #naturelovers #gardening","#permaculture,#sustainability,#organicgardening,#growyourown,#ecofriendly,#naturelovers,#gardening",18,,2025-08-26T11:04:37.000Z,3w
https://www.instagram.com/p/DMDsAUKz0s0/,organicgardening,https://www.instagram.com/gardeningfram/,gardeningfram,"1-Still struggling to grow veggies?👇

🥕 Whether it’s your first garden or your fifth, this guide walks you from seed to harvest — with organic, edible success.
Credit: • theveggie.gardener

2-😍
Credit: user408109482 TikTok
Follow @gardeningfram 
What is your favorite shirt⁠
💥 𝗦𝗛𝗢𝗣 𝗡𝗢𝗪 🔥𝗟𝗜𝗡𝗞 𝗜𝗡 𝗠𝗬 𝗕𝗜𝗢 👆🏻 𝗦𝗵𝗶𝗽𝗽𝗶𝗻𝗴 ✈️⁠

#gardening #organicgardening #gardeninglife #urbangardening #containergardening #gardeningtips #gardeningisfun #gardeningaustralia #gardeninglove #indoorgardening #gardeningismytherapy #homegardening #gardeningideas #thehappygardeninglife #lovegardening #gardeningislife #gardeninginspiration #gardening_love #epicgardening #happygardening #sustainablegardening 
#smallspacegardening #happygardeninglife #raisedbedgardening #pnwgardening #instagardening #greenhousegardening #terracegardening #landscapegardening #springgardening","#gardening,#organicgardening,#gardeninglife,#urbangardening,#containergardening,#gardeningtips,#gardeningisfun,#gardeningaustralia,#gardeninglove,#indoorgardening,#gardeningismytherapy,#homegardening,#gardeningideas,#thehappygardeninglife,#lovegardening,#gardeningislife,#gardeninginspiration,#gardening_love,#epicgardening,#happygardening,#sustainablegardening,#smallspacegardening,#happygardeninglife,#raisedbedgardening,#pnwgardening,#instagardening,#greenhousegardening,#terracegardening,#landscapegardening,#springgardening",418,,2025-07-13T18:14:33.000Z,10w
https://www.instagram.com/p/DOLED4rk-rL/,organicgardening,https://www.instagram.com/milkwood/,milkwood,"🌱 Calling folks who want to learn to grow ALL the vegetables - our last veggie class for 2025 is now open 🍅⁠
⁠
🌿⁠ Yep, our hands-on and very excellent online course - Organic Vegetable Gardening - is open for bookings, this week only. Link in bio! 🌿⁠
⁠
If you'd like to design, build, plant and grow your best every veggie patch this season ,and provide all the vegetables your family needs... ⁠
⁠
...this is our last mentored class, taught by Hannah Moloney + the Milkwood crew, in gardening this year.⁠
⁠
🌱 We can't wait to help you get the hands-on skills you need to grow great veggies - to help those hands of yours re-connect to the earth & your ecosystem...⁠
⁠
...to boost your household's home-grown harvest, nutrition, resilience, biodiversity AND happiness levels, all at once 🌼⁠
⁠
(And as with all our courses, yes we do Fair Share discounts, for those who need ‘em - just get in touch 💚) ⁠
⁠
Feel free to tag anyone you rekon would love to get growing, we appreciate the help! ⁠
⁠
#OrganicGardening #LiveSustainably #GrowYourOwn⁠
⁠#milkwoodgardeningcourse","#OrganicGardening,#LiveSustainably,#GrowYourOwn,#milkwoodgardeningcourse",434,,2025-09-04T08:01:26.000Z,2w
https://www.instagram.com/p/DM4lO0hPy3n/,organicgardening,https://www.instagram.com/gardenwithjonny/,gardenwithjonny,"3 days of sun in a row and it’s feeling like spring already and to top it off an amazing harvest of Broccoli and Romanesco. 

#romanesco #broccoli #raisedgardenbed #organicgardening","#romanesco,#broccoli,#raisedgardenbed,#organicgardening",,,2025-08-03T07:14:15.000Z,7w
https://www.instagram.com/p/DNxYEee4vfW/,organicgardening,https://www.instagram.com/natasha_morgan_/,natasha_morgan_,"WOW!! Workshops are flying out the door!

ONE LUCKY LAST spot remains for my Garden Design workshop on Sunday 16 November 2025. 

If you’ve been thinking about it, now’s the time—this will be gone in a heartbeat.

But the good news is there are still tickets left for:
~ The Productive Garden
~ The Wicking Bed Garden
~ The Medicinal Garden with @thecottageherbalist (Caroline Parker). Caroline’s last workshop with me in 2024 completely sold out, so it’s such a joy to welcome her back.

📩 Want to be the first to know when new dates are released? Subscribe to my newsletter via the link in my bio.

Don’t wait—these workshops won’t last.

I’m honestly blown away by the support since releasing my spring workshops. 

Thank you! 
It means the world to me.
xx",,946,,2025-08-25T08:35:57.000Z,3w
https://www.instagram.com/p/DMXFZehqaA7/,organicgardening,https://www.instagram.com/scottishveggiegarden/,scottishveggiegarden,"Small harvests this weekend from the little corner of my back garden 🌈 ➡️ 

1. My little veg patch 
2. Rosella tomatoes
3. Chioggia beetroot
4. …and the multisown cluster of beetroot it came from 
5. Blue Lake beans 
6. Mystery onions 
7. …I can’t believe I forgot the variety name! 
8. Autumn fruiting raspberries and blue crop blueberries 
9. Charlotte potatoes 
10. Spring cabbage that still looks good despite being very nibbled! 🐌 

Not bad for a little 5mx5m corner of our new build garden! 

.
.
.
.
.

#chioggiabeetroot #containergarden #newbuildgarden #scottishgarden #scottishgardener #veggiegarden #vegetablegarden #kitchengarden #growyourown #growyourownfood #gardeninguk #ukgardeners #greenhousegardening #allotmentlife #homegrownveg #sustainableliving #harvestseason #gardenlife #backyardgarden #organicgardening #urbangardening #ediblegarden #gardenlove #gardeninspiration #gardentotable #instagardeners #gardeningcommunity #growwhatyoueat #scottishgrowers #gardeningjoy","#chioggiabeetroot,#containergarden,#newbuildgarden,#scottishgarden,#scottishgardener,#veggiegarden,#vegetablegarden,#kitchengarden,#growyourown,#growyourownfood,#gardeninguk,#ukgardeners,#greenhousegardening,#allotmentlife,#homegrownveg,#sustainableliving,#harvestseason,#gardenlife,#backyardgarden,#organicgardening,#urbangardening,#ediblegarden,#gardenlove,#gardeninspiration,#gardentotable,#instagardeners,#gardeningcommunity,#growwhatyoueat,#scottishgrowers,#gardeningjoy",163,,2025-07-21T07:01:11.000Z,8w
https://www.instagram.com/p/DIXF98-v2-2/,organicgardening,https://www.instagram.com/jimnzgarden/,jimnzgarden,"🫑Last Capsicum and Eggplant Harvest 2025🍆

🌞Time to say bye to the summer vegetables. Doing one last harvest and resetting the bed to plant out more winter vegetables🥬 I could have let these grow on for longer but they are slowing down  and I love planting out new things, and always satisfying to reset the bed with fresh compost and fertilisers😅

As the weather cools down, everything is slowing down slightly in the garden too. Less pests and more cooler weather to garden in is always welcome. Each change in season bring a whole new perspective in the garden😊

#autumngarden#wintergarden#autumnharvest#eggplant#capsicum#bellpepper#gardening#gardeningnz#homegrown#gardentips#growingfood#garden#organic#organicgardening#fruitsandveges#veges#fruits#backyardgarden#vegetablegarden#kitchengarden #growyourown#urbangarden #auckland#newzealand","#autumngarden,#wintergarden,#autumnharvest,#eggplant,#capsicum,#bellpepper,#gardening,#gardeningnz,#homegrown,#gardentips,#growingfood,#garden,#organic,#organicgardening,#fruitsandveges,#veges,#fruits,#backyardgarden,#vegetablegarden,#kitchengarden,#growyourown,#urbangarden,#auckland,#newzealand",247,,2025-04-19T21:00:52.000Z,22w
https://www.instagram.com/p/DOAX-MzCGRE/,organicgardening,https://www.instagram.com/peters_koekkenhave/,peters_koekkenhave,"For tiden starter jeg hver dag (efter morgenkaffen selvfølgelig) med at gå en runde i haven og opsamle nedfaldsæbler - hvis jeg ikke når det, risikerer robotplæneklipperen nemlig at få forstoppelse. Nogle æbler ryger ind til hønsene og andre ryger i komposten, mens de rimelig fejlfrie ryger ind i huset. Her på det sidste er der kommet et nyt sted at gøre af dem - de ryger i mistbænken under peberplanterne. Peberplanterne står bare frit uden overdækning, og med de faldende temperaturer nu hvor vi kommer ind i efteråret, går modningen af de runde, æblelignende peberfrugter stedse langsommere. Rådnende æbler har den gavnlige funktion at de udskiller etylen, som netop fremmer modningen af frugt. Dermed kan vores overflod af rådne æbler gøre nytte: vi får flere modne peber inden efterårskulden sætter en stopper for udviklingen. 
#praktiskøkologi #organicgardening #køkkenhave #kitchengarden #selvforsyning #selfsufficiency #haveselskabet #peber","#praktiskøkologi,#organicgardening,#køkkenhave,#kitchengarden,#selvforsyning,#selfsufficiency,#haveselskabet,#peber",95,,2025-08-31T04:23:43.000Z,3w
https://www.instagram.com/p/DMsiq58pKDA/,organicgardening,https://www.instagram.com/gardenplanning/,gardenplanning,"Kitchen Scraps = Garden Gold 🌱
Think twice before tossing that banana peel or used tea bag—your garden is craving them! These everyday leftovers are packed with nutrients that help your soil thrive, your compost heat up, and your plants grow stronger than ever.

This guide walks you through 5 common kitchen scraps that don’t belong in the trash—they belong in the earth. 🌍✨
From eggshells to veggie peels, each one comes with a Quick Tip to help you turn waste into wellness.

🌿 What’s Inside
✔️ Banana Peels for flowering power
✔️ Coffee Grounds to fuel soil life
✔️ Eggshells for calcium & slug defense
✔️ Tea Leaves for microbe-friendly mulch
✔️ Veggie Peels to supercharge compost

Let your leftovers do the dirty work. Your plants will thank you. 🌸

Comment “BLOOM” to get our Plant Care App that:
🌿 Identifies any plant instantly
📖 Offers care instructions for every species
🩺 Diagnoses issues with a photo
⏰ Sends watering & care reminders so your garden stays thriving!

#GardenTips #SustainableLiving #KitchenScraps #PlantCare101 #SoilHealth #GardenHacks #CompostingTips #OrganicGardening #PlantParenthood #EcoFriendlyChoices #GreenLiving #GrowYourOwn #gardenplanning","#GardenTips,#SustainableLiving,#KitchenScraps,#PlantCare101,#SoilHealth,#GardenHacks,#CompostingTips,#OrganicGardening,#PlantParenthood,#EcoFriendlyChoices,#GreenLiving,#GrowYourOwn,#gardenplanning",684,,2025-07-29T15:00:20.000Z,7w
https://www.instagram.com/p/DIShZd8RDgP/,organicgardening,https://www.instagram.com/catbabies/,catbabies,"I’m an impatient gardener, and had to know how my potato plants were doing under the surface after so long. So, I dug one lil tater up and , success! I’ll try to practice a little more patience moving forward 😬 #growyourown #organicgardening","#growyourown,#organicgardening",12,,2025-04-11T02:24:02.000Z,23w
https://www.instagram.com/p/DMwJ_T-oxUj/,organicgardening,https://www.instagram.com/suzanne00007/,suzanne00007,At last picked the first tomatoes and they taste lovely and naturally sweet.  #growyourown #organic  #organicgardening,"#growyourown,#organic,#organicgardening",8,,2025-07-31T00:42:18.000Z,7w
https://www.instagram.com/p/DMmCnIepnOe/,organicgardening,https://www.instagram.com/diggingthegardenlife/,diggingthegardenlife,"Slim pickings in the garden atm but I was still able to fill a basket with beautiful garden produce :)
White beets, broccoli side shoots and squash out of storage 🌿⚘🌿
The Freesias are not from my garden but a gift from my parents :)

#growingfood #roses #cutflowers #gardening #growityourself #nzgarden #nzgardening #southcanterbury #veggiegarden #vegetablegarden #organicgardening #permaculturegarden #nodiggarden #myprideofplace #gardenlife #newzealand #floral #harvest #homegrownhappiness #ABCMygarden #winter","#growingfood,#roses,#cutflowers,#gardening,#growityourself,#nzgarden,#nzgardening,#southcanterbury,#veggiegarden,#vegetablegarden,#organicgardening,#permaculturegarden,#nodiggarden,#myprideofplace,#gardenlife,#newzealand,#floral,#harvest,#homegrownhappiness,#ABCMygarden,#winter",62,,2025-07-27T02:48:28.000Z,8w
https://www.instagram.com/p/DOrowndjPIv/,organicgardening,https://www.instagram.com/b1ack_diamonds/,b1ack_diamonds,"The haul of tomatoes that I brought in from my garden today is absolutely insane! My windowsill is still covered, I have some in the fridge, I already have several jars of SaWce from last week, I really didn't expect my tomato plants to be this productive this year! 

I am highly impressed with these seeds! 

I'm definitely going to try to plan this out a little bit better for next year, the poor Vines were so heavy that they were snapping all over the place...

Some of these damn tomatoes are the size of pumpkins LOL! 

Time to make some more SaWce!!!!

Also, in the garden, some of the hot peppers are finally starting to ripen. I absolutely cannot wait to make the next batch of Hot SaWce! Luckily this year, I have everything from: Thai chili peppers, two huge bushels of cayenne pepper, several plants of ghost pepper, chocolate ghost, reapers, chocolate reapers, Trinidad Scorpions, and even a couple habanero plants. 

Everything is doing so damn good this year! I hope everyone else with gardens is having incredible luck as well!

#plants #garden #gardening #gardenlove #vegetablegarden #veggies #tomato #tomatoes #friedgreentomatoes #grow #diy #plant #gardenalchemy #tomatoseason #tomatogarden #ripetomatoes #tomatolove #tomatoplant #tomatoharvest #organicgardening #growfood #ediblegarden #homegrownveggies #vegetablegardening #growityourself #gardentherapy","#plants,#garden,#gardening,#gardenlove,#vegetablegarden,#veggies,#tomato,#tomatoes,#friedgreentomatoes,#grow,#diy,#plant,#gardenalchemy,#tomatoseason,#tomatogarden,#ripetomatoes,#tomatolove,#tomatoplant,#tomatoharvest,#organicgardening,#growfood,#ediblegarden,#homegrownveggies,#vegetablegardening,#growityourself,#gardentherapy",2,,2025-09-17T02:16:30.000Z,4d
https://www.instagram.com/p/DHMLnt-pLfz/,organicgardening,https://www.instagram.com/gardensoxx/,gardensoxx,"GardenSoxx offers so much versatility, that you are only truly limited by your imagination!

🌱 Use your GardenSoxx to turn concrete into a garden, lining a walkway or driveway with flowers or fresh produce.

🌱 Place GardenSoxx vertically on an elevated surface for easier accessibility and space optimization.

🌱 Create a bean ""teepee"" or other fun garden structures by combining your GardenSoxx with creative trellising and climbing plants.

🌱 Use GardenSoxx to enhance play structures and add a natural sensory experience for your little ones.

🌱 Create custom designs and mandala gardens that provide a relaxing, low-maintenance backyard escape.

What creative ideas can you come up with for your GardenSoxx garden?

Send us a photo of how you have set up your GardenSoxx, and we may feature you on our feed!

#easygardening #organicgardening #growyourown #growyourownfood #gardeningforall","#easygardening,#organicgardening,#growyourown,#growyourownfood,#gardeningforall",13,,2025-03-14T18:46:57.000Z,27w
https://www.instagram.com/p/DHGac3EORZz/,organicgardening,https://www.instagram.com/sowarizona/,sowarizona,It's time to plant warm-season seeds and transplants to get your summer garden started! Swipe through to see the list!,,57,,2025-03-12T13:01:16.000Z,27w
https://www.instagram.com/p/DOCJUVXEiVL/,organicgardening,https://www.instagram.com/suburbanbounty/,suburbanbounty,"It’s been a while since our garden got some love. It’s good to be having a good trickle of produce coming in now. We’re getting inspired to  spend more time and effort in the garden!

#suburbanbounty #organicgardening","#suburbanbounty,#organicgardening",11,,2025-08-31T20:54:08.000Z,3w
https://www.instagram.com/p/DKO4U-kS7hF/,organicgardening,https://www.instagram.com/permaculturemagazine/,permaculturemagazine,"SELF-WATERING CONTAINERS

Growing food in containers can be a challenge, but the self-watering container can really help keep plants topped up with water. 

In hot weather some containers may even need watering twice a day. This is time consuming and, of course, impossible if you’re busy elsewhere. Then there are weekends away and holidays: how do you prevent your plants from drying out?

Part of the solution – and an important innovation in container growing – are self-watering containers that include a water reservoir. 

Photo © Mark Ridsdill-Smith

Head to our website to learn how to build your own.

#selfwatering #growinginpots #organicgardening #diy #permaculture #water #holidaygarden #containergardening","#selfwatering,#growinginpots,#organicgardening,#diy,#permaculture,#water,#holidaygarden,#containergardening",56,,2025-05-29T09:30:14.000Z,16w
https://www.instagram.com/p/DJ4JeErNFPu/,organicgardening,https://www.instagram.com/thirdeyestudio/,thirdeyestudio,"There was a sale at ACE Hardware on organic potting soil so I was able to finish filling my last raised bed affordably with a combo of sticks and leaves on the bottom, my own homemade compost and four bags of dirt. I will get the rest of my tomatoes in this week. I am really having to have self control and NOT plant more than 4 in a 100 gallon and 5 in a 50 gallon bed.

#organicgardening",#organicgardening,3,,2025-05-20T13:37:29.000Z,17w
https://www.instagram.com/p/DNNybnfg92g/,organicgardening,https://www.instagram.com/the_kale_garden/,the_kale_garden,"Making friends in the garden! Check out this little grasshopper enjoying the shade among the cucumber leaves. 

My backyard is finally becoming a thriving ecosystem in the middle of the city! 

At the beginning of the season I rarely saw any ladybugs, bees or pollinators. My squash and cucumbers where shrivelling up and dying before developing. I was using a small soft paint brush to pollinate by hand. 

Even tho I had planted pollinator friendly plants like nasturtiums, black eyed Susan vines and hostas the bees and butterflies still weren’t showing up 🤔 

Fast forward to mid season and now I see multiple honey bees and bumble bees on my  veggie plants and in the shade garden! Im delighted that they found their way to my small yard! 

And while I’m struggling with some pests (aphids and squash vine borers) it’s worth it to support the native insect population. 

#gardening #veggiepatch #slowliving #home #nature #urbangarden #organicgardening #growyourfood","#gardening,#veggiepatch,#slowliving,#home,#nature,#urbangarden,#organicgardening,#growyourfood",4,,2025-08-11T12:53:38.000Z,5w
https://www.instagram.com/p/DNBkhxOJz4_/,organicgardening,https://www.instagram.com/bloomistrygardenco/,bloomistrygardenco,"Regenerative gardening is all about working with nature to build healthier soil, support biodiversity, and restore your local ecosystem — all while growing plants you love.

We focus on increasing organic matter, supporting soil life, and using natural, chemical-free treatments that leave the land better than we found it. Ready to grow a garden that gives back to the planet?
🌿 Book a consultation at Bloomistry.com and let’s get started.

#RegenerativeGardening #OrganicGardening #SoilHealth #SustainableLiving #GardenDesign #EcoFriendlyGardening #Bloomistry","#RegenerativeGardening,#OrganicGardening,#SoilHealth,#SustainableLiving,#GardenDesign,#EcoFriendlyGardening,#Bloomistry",,,2025-08-06T19:01:17.000Z,6w
https://www.instagram.com/p/DLpsIskRInk/,organicgardening,https://www.instagram.com/renaissance_nubian/,renaissance_nubian,"Seeing how much these plants have grown over the last month. 

#gardentoday #ilovemygarden #organicgardening #urbangardening 
#organicvegetables 
#blackgirlsgarden","#gardentoday,#ilovemygarden,#organicgardening,#urbangardening,#organicvegetables,#blackgirlsgarden",10,,2025-07-03T15:54:35.000Z,11w
https://www.instagram.com/p/DNRNLtZSH2Z/,organicgardening,https://www.instagram.com/alfanodonna/,alfanodonna,"Today's garden pickings; The peppers are now starting to make their appearance! 🌶 🌶 🌶 Giant Aconcagua (Argentinian origin), Anaheim, Purple Star Bell pepper,  Hungarian Yellow Wax, and my Pepperochini peppers. More to come, but this is what is popping up now.  Black Beauty zucchini, and a daily mix of beans and raspberries. #ilovegardening #organicgardening #organic #growyourownfood #nutrientrichfoods","#ilovegardening,#organicgardening,#organic,#growyourownfood,#nutrientrichfoods",18,,2025-08-12T20:45:07.000Z,5w
https://www.instagram.com/p/DNokVOfSn98/,organicgardening,https://www.instagram.com/kelownawoodcraft/,kelownawoodcraft,"🌿 Say goodbye to pesticides and hello to herbs!
Did you know that planting the right herbs can naturally protect your garden from pests? These four classics aren’t just delicious they’re hardworking garden allies:
🌱 Sage: Wards off cabbage moths, carrot flies, and beetles.
 🌱 Basil: Repels mosquitoes, flies, and aphids.
 🌱 Thyme: Deters cabbage worms and whiteflies.
 🌱 Chives: Protects against aphids and improves plant health.
Herbs add beauty, fragrance, and pollinator power while helping your garden thrive 💚
What’s your go-to companion plant for pest control?
#KelownaWoodcraft #GardenTips #CompanionPlanting #EcoFriendlyLiving #SustainableGarden #HerbGarden #GardenSanctuary #PesticideFree #GardenInspiration #CedarPlanters #GrowYourOwn #BackyardGarden #OrganicGardening #GardenHacks #PlanterBox","#KelownaWoodcraft,#GardenTips,#CompanionPlanting,#EcoFriendlyLiving,#SustainableGarden,#HerbGarden,#GardenSanctuary,#PesticideFree,#GardenInspiration,#CedarPlanters,#GrowYourOwn,#BackyardGarden,#OrganicGardening,#GardenHacks,#PlanterBox",4,,2025-08-21T22:29:56.000Z,4w
https://www.instagram.com/p/DLFz96ISpO1/,organicgardening,https://www.instagram.com/thebeginnersgarden/,thebeginnersgarden,"For years, I didn’t use fertilizer — and honestly, I didn’t think I needed to.⁠
⁠
But after seeing what a small change could do for certain crops in my garden, I started to wonder… was I missing something?⁠
⁠
In next week’s podcast episode, I’m breaking down what shifted my thinking — and sharing when fertilizer actually makes a difference (and when it doesn’t). We’ll cover crop-specific tips, container vs. raised bed needs, and how to apply it without going overboard.⁠
⁠
Curious? Comment LISTEN and I’ll DM you the link when it drops Tuesday!⁠
⁠
#gardeningtips #organicgardening #raisedbedgarden #fertilizinggarden #greenthumb #beginnergardener #gardeneducation","#gardeningtips,#organicgardening,#raisedbedgarden,#fertilizinggarden,#greenthumb,#beginnergardener,#gardeneducation",27,,2025-06-19T17:30:26.000Z,13w
https://www.instagram.com/p/DKxWg-xpERH/,organicgardening,https://www.instagram.com/wildearthfarmsanctuary/,wildearthfarmsanctuary,Garden blueberries for breakfast. #organicgardening,#organicgardening,6,,2025-06-11T18:48:12.000Z,14w
https://www.instagram.com/p/DOOpVTYEQB_/,organicgardening,https://www.instagram.com/reshgala/,reshgala,"I swear, I’ve never seen lettuce competing with cabbages for size! These Buttercrunch Lettuce heads are massive!🥬🥬🥬

If there’s just ONE THING that you’ll plant in your fall garden, make it lettuce, ok?

#organicgardening #lettuce #saladgarden #fallgarden #veggiegarden #harvest #gardengoals #growyourownfood #njgardening #reshgala","#organicgardening,#lettuce,#saladgarden,#fallgarden,#veggiegarden,#harvest,#gardengoals,#growyourownfood,#njgardening,#reshgala",847,,2025-09-05T17:24:46.000Z,2w
https://www.instagram.com/p/DH3M-g9KxgT/,organicgardening,https://www.instagram.com/thriftygreenlife/,thriftygreenlife,"What a bloody delightful day! ☀️ 

When you have to weed the bed you’ve been avoiding but it’s absolutely gorgeous outside so I am not complaining! I have suncream on before anyone says anything lol! 

#gardening #gyo #thriftygreenlife #organicgardening #allotmentlife #allotmentuk #vegetablegardening","#gardening,#gyo,#thriftygreenlife,#organicgardening,#allotmentlife,#allotmentuk,#vegetablegardening",1450,,2025-03-31T11:46:07.000Z,24w
https://www.instagram.com/p/DKP9avYzeOM/,organicgardening,https://www.instagram.com/my_humble_garden/,my_humble_garden,"One side of my bird netting came loose and I woke up to find one of the bushes picked clean 😭. I quickly harvested what I could on the other before anything else happens. 

Pictured: Pink lemonade blueberry and raspberry shortcake raspberry.

#berries #blueberries #vegetablegarden #growyourownfood #socalgardener #socalgardening #gardennewbie #newgardener #organicgardening #urbangardening #smallspacegardening #containergardening #backyardgarden #veggiegarden #zone10a #zone10 #newgardener #losangelesgarden #gardensofinstagram #pottedgarden #gardenlife #gardeningismytherapy #gardeninginspiration","#berries,#blueberries,#vegetablegarden,#growyourownfood,#socalgardener,#socalgardening,#gardennewbie,#newgardener,#organicgardening,#urbangardening,#smallspacegardening,#containergardening,#backyardgarden,#veggiegarden,#zone10a,#zone10,#newgardener,#losangelesgarden,#gardensofinstagram,#pottedgarden,#gardenlife,#gardeningismytherapy,#gardeninginspiration",67,,2025-05-29T19:33:56.000Z,16w
https://www.instagram.com/p/DKPWthztLWu/,organicgardening,https://www.instagram.com/songslittlegarden/,songslittlegarden,"The rain didn’t stop my morning harvest! Every other day, I’ve been picking a bowl of blueberries from my four three-year-old plants. I’ve been sharing the bounty with friends and neighbors, and freezing some for smoothies too. So grateful for this little backyard abundance. 😁 Happy gardening, everyone!

.
.
.

#backyardgardener 
#blueberriesfrommygarden
#bigboytomatoes
#harvestfrombackyard 
#koreancucumber
#gyo #growyourown 
#todaysharvest 
#ediblegarden
#growingfromseeds 
#urbangardening 
#organicgardening 
#backyardgarden 
#텃밭그램 #텃밭이야기 
#텃밭가꾸기 #백야드텃밭","#backyardgardener,#blueberriesfrommygarden,#bigboytomatoes,#harvestfrombackyard,#koreancucumber,#gyo,#growyourown,#todaysharvest,#ediblegarden,#growingfromseeds,#urbangardening,#organicgardening,#backyardgarden,#텃밭그램,#텃밭이야기,#텃밭가꾸기,#백야드텃밭",86,,2025-05-29T14:08:44.000Z,16w
https://www.instagram.com/p/DJCJMVjOnBy/,organicgardening,https://www.instagram.com/my_nordic_garden/,my_nordic_garden,"Well now, today feels like like summer here in Eastern Ontario 🌞 and you can tell the older SPINACH plants (seeds planted in September) just think the same 😂 Luckily the new load is already on its way and growing into strong seedlings. The kitchen garden is actually pretty busy these days! LETTUCES planted 3 weeks ago are growing strong, more LETTUCE and RADISH seedlings (and lots of DILL!!) are popping up and the SORREL gets harvested on a daily basis by the kids. With a simple cover, you can extend your seasons at least 2-4 weeks and get a head start in spring.

🌱Learning about seasonal plant choices and how to grow successively is key to an ongoing harvest from April till Christmas 🎄 
Would you like to learn more? CHECK OUT OUR BOOK 📚 the GARDEN TO KITCHEN PLANNER and start growing with the seasons. Link in BIO ⬆️

#ontariogarden #kitchengarden #husbandandwifeteam #organicgardening","#ontariogarden,#kitchengarden,#husbandandwifeteam,#organicgardening",5,,2025-04-29T14:16:05.000Z,20w
https://www.instagram.com/p/DNFFjgQJhVS/,organicgardening,https://www.instagram.com/diggingthegardenlife/,diggingthegardenlife,"Todays garden Harvest 😀 

Purple & Green Broccoli, Big old Parsnips that I left in ground for far too long and the last of the limes (grown undercover)

I also found a couple of Sweetheart roses behind the fence that are still thriving and looking georgous 💕

#growingfood #gardentotable #nzgarden #nzgardener #myprideofplace #permaculturegarden #organic #nodig #gratitude #wholefoods #vegiepatch
#hobbygarden #nzgarden #nzgardening #growingveggies #homestead #instagardeners #flowers #herbs #organicgardening #epicgarden #growsomethinglovely #ABCMygarden","#growingfood,#gardentotable,#nzgarden,#nzgardener,#myprideofplace,#permaculturegarden,#organic,#nodig,#gratitude,#wholefoods,#vegiepatch,#hobbygarden,#nzgarden,#nzgardening,#growingveggies,#homestead,#instagardeners,#flowers,#herbs,#organicgardening,#epicgarden,#growsomethinglovely,#ABCMygarden",79,,2025-08-08T03:50:07.000Z,6w
https://www.instagram.com/p/DICa-F2ishz/,organicgardening,https://www.instagram.com/organicblooms/,organicblooms,"My favourite thing is to work with Trainees clearing and weeding a flower bed, preparing it for planting, then finally planting & watering, all in the same day. It’s great to share their sense of achievement when they see a job through from start to finish like this. We have several polytunnels, allowing us to work inside if the weather is awful. That’s great, but not without challenges, in December’23 & January’24 our big tunnel was flooded & this week (early April) temperatures are already at 35 degrees by mid afternoon. #socialenterprise #polytunnel #organicgardening #organicflowers #learning","#socialenterprise,#polytunnel,#organicgardening,#organicflowers,#learning",,,2025-04-04T20:20:02.000Z,24w
https://www.instagram.com/p/DLb95cHNRbw/,organicgardening,https://www.instagram.com/naturalgardeneruk/,naturalgardeneruk,"Did you know some plants grow better together?

Companion planting is a simple, organic way to boost plant health, fight off pests and attract helpful insects, naturally.

From tomatoes and marigolds, to carrots and onions, discover the best plant pairings for a thriving garden in our latest blog.

#CompanionPlanting #GardeningTips #OrganicGardening #GrowYourOwn #SustainableLiving #naturalgardener","#CompanionPlanting,#GardeningTips,#OrganicGardening,#GrowYourOwn,#SustainableLiving,#naturalgardener",7,,2025-06-28T09:00:25.000Z,12w
https://www.instagram.com/p/DMliH0muKUw/,organicgardening,https://www.instagram.com/home_gardening_with_pete/,home_gardening_with_pete,"“Beets Update”

* Day 59 after sowing seeds 
* Total of 15 plants growing in a Mini Raised Fabric Planter
* From seeds to harvest should be about 65 to 70 days 

Looking forward to making several jars of Pickled Beets 🫜!
.
.
.
#beets #detriotbeets #harvestingbeets #backyardgarden #homegrown #organicgardening #growingbeets #growingvegetables #containergardening #igrowfood","#beets,#detriotbeets,#harvestingbeets,#backyardgarden,#homegrown,#organicgardening,#growingbeets,#growingvegetables,#containergardening,#igrowfood",40,,2025-07-26T21:54:00.000Z,8w
https://www.instagram.com/p/DLaEORXqmxv/,organicgardening,https://www.instagram.com/robyncaple/,robyncaple,"The key messages in the @gardenorganicuk ‘Every Garden Matters - a blueprint for boosting backyard biodiversity’ report are so important. I would like to get that message ~ which includes the importance of interconnection between green spaces, the crucial inclusion of plenty of native and near-native plant species in gardens as possible, and the importance of soil health, all intertwined with the principles and practices of organic gardening ~ to as many people as possible. Last night @vallis_farm near Frome, Somerset, invited me to present my interpretation of the report. What a venue! I urge you to go along to see all of the great things that are happening there. It is incredibly beautiful too, which always helps! Thank you so much for having me @vallis_farm. Katy @kittybrowndesign features in my talk because her planting schemes for Trowbridge town council are a fine example of how planting can connect nature and people in a joyous and gorgeously colourful way. It was lovely to remind her that all of her inspiring hard work should be celebrated 💛🩵🩷💜🧡💚❤️💙

.
.
#wildlifegarden #gardenorganic #organicgarden #beyondorganic #organic #organicgardening #allthingsbotanical #nativeplantgarden #biodiversity #plantingforpollinators #pollinatorfriendly #flowers#flowerstgram #grow #gyo #chemicalfree #englishgarden #englishcountrygarden #gardenersofinstagram #instagardeners_feature #latergram #inspiremyinstagram #petal_perfection #plantsplantsplants #underthefloralspell #greenenergy #womeninhorticulture #botanicalwomen #wildlife","#wildlifegarden,#gardenorganic,#organicgarden,#beyondorganic,#organic,#organicgardening,#allthingsbotanical,#nativeplantgarden,#biodiversity,#plantingforpollinators,#pollinatorfriendly,#flowers,#flowerstgram,#grow,#gyo,#chemicalfree,#englishgarden,#englishcountrygarden,#gardenersofinstagram,#instagardeners_feature,#latergram,#inspiremyinstagram,#petal_perfection,#plantsplantsplants,#underthefloralspell,#greenenergy,#womeninhorticulture,#botanicalwomen,#wildlife",95,,2025-06-27T14:17:14.000Z,12w
https://www.instagram.com/p/DL7pokTuy3E/,organicgardening,https://www.instagram.com/bloomwithaubrey/,bloomwithaubrey,"🌿 New to veggie gardening? Start strong with these must-know tips! 🥕✨

1️⃣Location is everything! Your veggies need 6–8 hours of sun, so pick a spot that shines.

2️⃣Know your zone. Not all plants thrive everywhere—check your USDA zone before planting.

3️⃣Feed your soil, not just your plants. Healthy soil = healthy harvest. Add compost and rotate crops each season.

4️⃣Welcome the bugs! 🌸 Marigolds, nasturtiums, and zinnias attract pollinators & beneficial insects. Skip the chemicals and let nature help.

5️⃣Harvest early and often. It encourages more growth and keeps your garden producing longer.

6️⃣And finally—don’t stress! Gardening is part science, part art, and 100% learning. Every “oops” is just future wisdom in disguise 🌱💚

Which tip do you swear by? Or wish you’d known sooner? Drop it below! 👇👇

#VeggieGardenTips #BeginnerGardener #GardenLife #GrowYourOwnFood #HomeGarden #GardeningJourney #OrganicGardening #PollinatorFriendly #CompostMagic #ZoneSmart #HarvestTime #LearningAsIGrow","#VeggieGardenTips,#BeginnerGardener,#GardenLife,#GrowYourOwnFood,#HomeGarden,#GardeningJourney,#OrganicGardening,#PollinatorFriendly,#CompostMagic,#ZoneSmart,#HarvestTime,#LearningAsIGrow",12,,2025-07-10T15:19:03.000Z,10w
https://www.instagram.com/p/DJE58xHJJ4u/,organicgardening,https://www.instagram.com/pharmunique/,pharmunique,"🍅☀️ Growing tomatoes in the summer heat? Don’t worry—your plants can thrive with the right care!

From deep watering to choosing the right varieties, this post breaks down 4 essential tips to help you grow strong, juicy tomatoes—even in high temps. 🌿

✅ How to water deep and consistently
✅ Why shade cloth (or taller crops) can make a big difference
✅ The magic of mulch 🌿
✅ Heat-tolerant varieties you’ll want to try!

💡 Bonus: I’m also sharing why I love using my @vego_garden bed for consistent hydration in the heat!

📌 Save this post to keep your tomato plants happy all summer long.
Trying to grow tomatoes in your zone? Comment your go-to summer tip below! ⬇️

#GrowYourOwnFood #TomatoTips #SummerGarden #OrganicGardening #VegetableGarden #VegoGarden #TomatoSeason #GardenTips #HeatTolerantPlants #GardenHacks #ContainerGardening #BackyardGarden #Zone9b #Zone10a #UrbanGardening #SustainableGardening #HomeGarden","#GrowYourOwnFood,#TomatoTips,#SummerGarden,#OrganicGardening,#VegetableGarden,#VegoGarden,#TomatoSeason,#GardenTips,#HeatTolerantPlants,#GardenHacks,#ContainerGardening,#BackyardGarden,#Zone9b,#Zone10a,#UrbanGardening,#SustainableGardening,#HomeGarden",307,,2025-04-30T16:00:08.000Z,20w
https://www.instagram.com/p/DJuviIrgCrF/,organicgardening,https://www.instagram.com/carisaonfire/,carisaonfire,"Gardening brings me great joy! 😃 

Slowly getting it planted this year. Finished up getting more seeds planted. Trying to not over do it, however I must say I’m getting pretty darn good with my left hand and arm on many things. 

Excited for these seeds to grow and produce healthy veggies 🥕 🍓🍆🥒🥗

#organicgardening #plantingseeds #healthyhabits","#organicgardening,#plantingseeds,#healthyhabits",6,,2025-05-16T21:57:41.000Z,18w
https://www.instagram.com/p/DMp90h2pNiQ/,organicgardening,https://www.instagram.com/squarefootgardening/,squarefootgardening,"This summer has been incredibly rainy in growing zone 7b! What challenges are you facing in your garden this year? Share the stories in the comments below or send us photos of your SFG. We would love to see what you are growing! 

#GardeningInspiration #FloridaGarden #UrbanGardening #SmallSpaceGardening #GardeningTips #GrowYourOwn #HealthyHarvest #SquareFootGardenTips #HealthyEating #OrganicGardening #GrowYourOwnFood #GreenThumb #EatLocal #Homegrown #OrganicLife","#GardeningInspiration,#FloridaGarden,#UrbanGardening,#SmallSpaceGardening,#GardeningTips,#GrowYourOwn,#HealthyHarvest,#SquareFootGardenTips,#HealthyEating,#OrganicGardening,#GrowYourOwnFood,#GreenThumb,#EatLocal,#Homegrown,#OrganicLife",14,,2025-07-28T15:00:35.000Z,7w
https://www.instagram.com/p/DObaoP1E9Z_/,organicgardening,https://www.instagram.com/venuskaplar/,venuskaplar,"Pinakbet vibes 😁
#homegrown 
#organicgardening 
#pinoyfood","#homegrown,#organicgardening,#pinoyfood",1,,2025-09-10T16:26:25.000Z,1w
https://www.instagram.com/p/DJF1DcapSzf/,organicgardening,https://www.instagram.com/anayasoul/,anayasoul,"TODAY'S HARVEST: fresh peppermint, lemon balm and lemon thyme..... Oh! And strawberries. I made tea out of the herbs and ate strawberries along with my breakfast. I'm so excited to be actually eating something that I grew!

I've been making a tea mixture of lemon balm, mint and green tea. They say lemon balm helps lift the mood. I'm noticing that to be true. It's not an aggressive effect, it's subtle. But its definitely helpful. 💚 #herbs #gardening #garden #organicgardening #organic #gardentherapy #tea #herbaltea","#herbs,#gardening,#garden,#organicgardening,#organic,#gardentherapy,#tea,#herbaltea",7,,2025-05-01T00:37:03.000Z,20w
https://www.instagram.com/p/DM3GClzOjCx/,organicgardening,https://www.instagram.com/harrisfamilyfarmfoundation/,harrisfamilyfarmfoundation,"The idea was to do an homage to ""American Gothic,"" but our models were so giddy about this year's first potato harvest that they couldn't keep a straight face! Meet Maddie & Scout, our seasonal Assistant Grower & full-time Fruit & Vegetable Grower respectively - they've been such great additions to our team this year as we continue to grow our impact. Speaking of which, we just surpassed our July harvest record right as the heat wave finally broke for at least a little while - another reason to smile!
*
#potatoharvest #americangothic #HFFF #growandgive #organicfoodforall #fooddonation #foodpantry # #nevertoolatetogarden #harborcountry #swmichigan #puremichigan #eatlocal #organicgardening #healthyliving","#potatoharvest,#americangothic,#HFFF,#growandgive,#organicfoodforall,#fooddonation,#foodpantry,#nevertoolatetogarden,#harborcountry,#swmichigan,#puremichigan,#eatlocal,#organicgardening,#healthyliving",10,,2025-08-02T17:22:28.000Z,7w
https://www.instagram.com/p/DKNM0RMSRcm/,organicgardening,https://www.instagram.com/annettelmattson/,annettelmattson,"It's a good day in the garden. 

#growfoodnotlawns #vegetablegarden #growyourownfood #foodrevolution #sustainableliving #organicgardening #gardeninginpdx","#growfoodnotlawns,#vegetablegarden,#growyourownfood,#foodrevolution,#sustainableliving,#organicgardening,#gardeninginpdx",9,,2025-05-28T17:50:48.000Z,16w
https://www.instagram.com/p/DN8JiDEiXfs/,organicgardening,https://www.instagram.com/savhydro/,savhydro,"If August in doesn’t do you (and your garden) in, nothing will. The great news in Zone 8/9 is that we’re entering Fall, the golden season where insects go back to hell and the humidity finally drops. 🙏 

We’ve got everything you need to grow the Fall garden of your dreams. Come shop seeds, germination kits, soil, fertilizers and so much more!

#zone8bgarden #zone8b #gardeninghumor #savannahhydro #organicgardening #fallgardening","#zone8bgarden,#zone8b,#gardeninghumor,#savannahhydro,#organicgardening,#fallgardening",18,,2025-08-29T14:22:50.000Z,3w
https://www.instagram.com/p/DMdoqe6tVsy/,organicgardening,https://www.instagram.com/r_j_bland/,r_j_bland,"Decent haul from the allotment this evening 😁🌱👍
.
.
#allotment #organicgardening #gardening #vegetablegardening #vegetables","#allotment,#organicgardening,#gardening,#vegetablegardening,#vegetables",9,,2025-07-23T20:04:44.000Z,8w
https://www.instagram.com/p/DMoLqdlMMGv/,organicgardening,https://www.instagram.com/bawoljustyna/,bawoljustyna,Garden Beauty #freshfromthegarden#organicgardening#gardenismyhappyplace#warzywazogródka#warzywaorganiczne#freshveggies,"#freshfromthegarden,#organicgardening,#gardenismyhappyplace,#warzywazogródka,#warzywaorganiczne,#freshveggies",18,,2025-07-27T22:22:59.000Z,7w
https://www.instagram.com/p/DM3L7CwoJJi/,organicgardening,https://www.instagram.com/lilyroot_/,lilyroot_,Allotment produce  #growyourfood #organicvegetables #organicgardening,"#growyourfood,#organicvegetables,#organicgardening",9,,2025-08-02T19:01:24.000Z,7w
https://www.instagram.com/p/DMxprpIuvba/,organicgardening,https://www.instagram.com/julianasartinbloom/,julianasartinbloom,"garden vegetables are slowly coming in everything in its own time! I started harvesting my herbs basil, dill, Thai basil, & tarragon #gardening #organicvegetables #organicgardening #freshherbsfromthegarden","#gardening,#organicvegetables,#organicgardening,#freshherbsfromthegarden",7,,2025-07-31T14:38:27.000Z,7w
https://www.instagram.com/p/DNS1ClmzaQX/,organicgardening,https://www.instagram.com/cliffviewgarden/,cliffviewgarden,"This year, I’m going with Swift and Rocket as first early crop and Apache as second early crop. #organicgardening @sanctuarymahiwhenua #potatoes","#organicgardening,#potatoes",12,,2025-08-13T11:52:39.000Z,5w
https://www.instagram.com/p/DII9tDgy60O/,organicgardening,https://www.instagram.com/digitalmanishtiwari/,digitalmanishtiwari,"Freshness you can see, trust you can taste! Join me in embracing the beauty of organic farming at home. 

#farm #farming #farmlife #gardening #plant #plantlover #organic #organicfruit #green #organicgardening #organicfarming #organicvegetables #organicfood  #garden #organicvegetables #agriculture #foodblogger #naturelovers #agricultureworldwide #urbanfarm #growfood #terracegardening #vegetables #vegetablegarden #healthyfood #foodlover #fruit #wildlife","#farm,#farming,#farmlife,#gardening,#plant,#plantlover,#organic,#organicfruit,#green,#organicgardening,#organicfarming,#organicvegetables,#organicfood,#garden,#organicvegetables,#agriculture,#foodblogger,#naturelovers,#agricultureworldwide,#urbanfarm,#growfood,#terracegardening,#vegetables,#vegetablegarden,#healthyfood,#foodlover,#fruit,#wildlife",14,,2025-04-07T09:18:58.000Z,23w
https://www.instagram.com/p/DJFGJuFqNC1/,organicgardening,https://www.instagram.com/growgreen13/,growgreen13,"Boothby’s Blonde is one of my favourite cucumber plants 🥒 
This years seeds came from @realseeds so I’ll definitely be able to save some for next year. 
.

#inmygarden#growyourownfood#sustainability#healthyfood#homegrown#growwhatyoueat#growyourown
#lovemygarden#kitchengarden#ediblegarden#thegoodlife#gardening#amateurgardener#organicgardening#organic#gardener#nature#garden#gardening#gardenlife #gardenersofinstagram#allotment#allotmentlife#allotmentuk#greenhouses#greenhousegardening#greenhouse#greenhousegrown #cucumber#cucumbers#greenhouselife","#inmygarden,#growyourownfood,#sustainability,#healthyfood,#homegrown,#growwhatyoueat,#growyourown,#lovemygarden,#kitchengarden,#ediblegarden,#thegoodlife,#gardening,#amateurgardener,#organicgardening,#organic,#gardener,#nature,#garden,#gardening,#gardenlife,#gardenersofinstagram,#allotment,#allotmentlife,#allotmentuk,#greenhouses,#greenhousegardening,#greenhouse,#greenhousegrown,#cucumber,#cucumbers,#greenhouselife",22,,2025-04-30T17:47:14.000Z,20w
https://www.instagram.com/p/DMDyDUCKNVW/,organicgardening,https://www.instagram.com/jessukgardendiaries/,jessukgardendiaries,"My first rainbow harvest of 2025! 🌈🧺 I even harvested an egg from my potato pot! 

Yep, you read that right, an EGG. For those of you that missed my stories yesterday, I found an egg in my potato pot! 

Apparently, it’s a thing. Buried by a fox who ‘should’ later return for it. 

Now where did it come from? Apparently, people leave food out for foxes and one of their favourites being a raw egg 🥚 I did not know this! Did you?

I had SO many messages from people telling me this. It’s my third year of growing and I have never heard of this, let alone experience it! 

Now, I have also had several warnings NOT to break the said egg, because it will stink for days! 😱

So there you have it, I’m a true gardener now I can say I’ve harvested an egg from my garden without hens! 🙌

___________________________
#rainbowharvest #harvestbasket #igrewthis #grownfromseed #kitchengardener #homegardening #blueberries #frenchbeans #runnerbeans #cucumbers #charlottepotatoes #yellowcourgette #zuchini #nasturtium #scarletkale #organicgardening #gardenblogger #potatoharvest #gardengram #gardening #gardening_love #ukgarden #growyourownveg #girlswhogarden #instagardener #backyardgardening #homeallotment #igrewthis","#rainbowharvest,#harvestbasket,#igrewthis,#grownfromseed,#kitchengardener,#homegardening,#blueberries,#frenchbeans,#runnerbeans,#cucumbers,#charlottepotatoes,#yellowcourgette,#zuchini,#nasturtium,#scarletkale,#organicgardening,#gardenblogger,#potatoharvest,#gardengram,#gardening,#gardening_love,#ukgarden,#growyourownveg,#girlswhogarden,#instagardener,#backyardgardening,#homeallotment,#igrewthis",491,,2025-07-14T15:10:09.000Z,9w
https://www.instagram.com/p/DJuq05hzYM2/,organicgardening,https://www.instagram.com/harmonygardens_az/,harmonygardens_az,"Hellooooo! We missed you! 💜

🌱
🌱
🌱
🌱
🌱

#arizonagardening #desertgardening #urbangardening #organicgardening #growyourownfood #chandlerarizona #thehappygardeninglife  #urbanorganicgardener #raisedbeds 
#azgrown 
#foodforest #suburbanhomestead","#arizonagardening,#desertgardening,#urbangardening,#organicgardening,#growyourownfood,#chandlerarizona,#thehappygardeninglife,#urbanorganicgardener,#raisedbeds,#azgrown,#foodforest,#suburbanhomestead",85,,2025-05-16T21:16:33.000Z,18w
https://www.instagram.com/p/DMXkLNat7mW/,organicgardening,https://www.instagram.com/jencaputomurphy/,jencaputomurphy,"Hi friends! I've been able to spend a good amount of my time in the garden since I've been home from the hospital. I'm definitely still taking it easy and sporting sunglasses and a big hat. 

It seems like every day I'm finding new varieties of tomatoes that are ready to harvest and it's been fun to taste through them. 

That's a big bowl of chamomile in the middle (harvested with my favorite berry picker). 

I'm getting my stitches out in a few hours!!! 

It's less uncomfortable to move my eyes around and I can handle a few minutes of looking at my phone here and there so I will try to check in more often.

What's new in your garden over this last week? What did I miss in your life?! 

#backyardgarden  #illinoiszone5b #illinoisgarden #zone5b #zone5bgardening #urbangarden #midwestgardener #gardenharvest
#homegrownveggies
#growyourownfood #organicgardening #harvestbasket #rainbowharvest","#backyardgarden,#illinoiszone5b,#illinoisgarden,#zone5b,#zone5bgardening,#urbangarden,#midwestgardener,#gardenharvest,#homegrownveggies,#growyourownfood,#organicgardening,#harvestbasket,#rainbowharvest",199,,2025-07-21T11:30:57.000Z,8w
https://www.instagram.com/p/DKZfHC5u3e7/,organicgardening,https://www.instagram.com/machamer_meadow/,machamer_meadow,"2025's garlic harvest! 

This amount will last us a little over a year. I have just a few  garlic pieces left from last year's garden in the freezer to use, so this is quite literally perfect timing.

It's such a joy to be able to grow a whole year's worth of something for our family! I planted 87 cloves of garlic in October 2024, and it sat through lots of cold and snowy days and grew into this! I planted in two beds, one 2x4 and the other 5x3. Not a ton of space at all considering this is a year's worth!

And if that's the only amount of space you're working with, not a problem! I pulled these out yesterday June 1st, and that gives me still the entire summer to plant more crops in those garden beds. Which I did! As soon as we pulled the garlic, we planted corn and green bean seeds!

Happy gardening ❤️

#garlic #homegrowngarlic #organicgardening #growyourownfood","#garlic,#homegrowngarlic,#organicgardening,#growyourownfood",5,,2025-06-02T12:21:31.000Z,15w
https://www.instagram.com/p/DN6K9JsD6ki/,organicgardening,https://www.instagram.com/shrub.london/,shrub.london,"Jaw Dropping Tomatoes! 🍅

This really is the season. These beauties are from Dawn and Perry @padswood_farm just north of Battle. Gardeners delight, Stuppice, Sunfire, Brads atomic, Ukrainian Purple are featuring here. 

D&P save a lot of their own seed from all varieties of produce that they grow; a surefire way to cultivate robust and region specific plants, but as with all our growers, they also buy from superb seed companies that don't get nearly enough praise for their essential and highly technical work. 

Some of these include @realseeds , @vitalseeds , @tamarorganics and @kingseeds for any of those budding home growers! 
 
#TomatoSeason #SeedSaving #OrganicGardening #LocalFarmers #SustainableFarming #MarketGardeners #SupplyChain #FoodSecurity","#TomatoSeason,#SeedSaving,#OrganicGardening,#LocalFarmers,#SustainableFarming,#MarketGardeners,#SupplyChain,#FoodSecurity",813,,2025-08-28T18:34:37.000Z,3w
https://www.instagram.com/p/DOAp8mej3SD/,organicgardening,https://www.instagram.com/savour_soil_permaculture/,savour_soil_permaculture,"Just arrived home after a big day facilitating at the Bethania Community Garden, where we dived deep into the world of organic gardening and backyard abundance. With a full house, more people than we could have hoped for, the space was buzzing as we explored what it really takes to create a thriving, productive garden at home.

Using the community garden as our living classroom, we learned directly from the soil, the plants, and the systems already in place. Together, we covered everything from soil health and planning and planting to spacing, food forests, microbes, and compost, among other topics.

We also discussed the single most important ingredient in building an abundant garden (any guesses what it might be? 😊). By the end, everyone left not only with new knowledge and practical skills, but also with the energy and confidence to take care of their own gardens.

#Savoursoil #Permaculture #OrganicGardening #CommunityGarden #BackyardGarden #GrowYourOwnFood #GardeningAustralia #Growyourownfood #Communityfarmer #Makingitreal","#Savoursoil,#Permaculture,#OrganicGardening,#CommunityGarden,#BackyardGarden,#GrowYourOwnFood,#GardeningAustralia,#Growyourownfood,#Communityfarmer,#Makingitreal",8,,2025-08-31T07:00:46.000Z,3w
https://www.instagram.com/p/DIWMlPBsPG9/,organicgardening,https://www.instagram.com/motherearthnewsmag/,motherearthnewsmag,"It's nice to share your property with wildlife but they can wreck havoc in your vegetable garden. Learn how to build a garden fence to keep animals out while adding beauty and functionality to your growing space. Here's a durable garden fence that won’t break the bank, the link is in our bio⠀
.⠀
.⠀
.⠀
#garden #gardening #gardenlife #gardenwise #nature #plants #gardener #outdoors #gardens #gardenknowhow #gardenlove #gardeninspiration #gardenbed #organicgardening #vegetablegarden #growfood #growwhatyoueat #gardening101 #learnhowtogarden #gardenlove⠀","#garden,#gardening,#gardenlife,#gardenwise,#nature,#plants,#gardener,#outdoors,#gardens,#gardenknowhow,#gardenlove,#gardeninspiration,#gardenbed,#organicgardening,#vegetablegarden,#growfood,#growwhatyoueat,#gardening101,#learnhowtogarden,#gardenlove",77,,2025-04-12T12:39:09.000Z,23w
https://www.instagram.com/p/DN8KeXzAmQt/,organicgardening,https://www.instagram.com/paikeseterad/,paikeseterad,"Köögivilja kastike 🌈
Selliseid portse ""oleks pidanud"" plaani järgi saama hooaja tipphetkel iga päev... aaaaagaaa... olen piisavalt juba virisenud selle aasta üle 🤷‍♀️😭😂.
Naudin parem seda iludust siin täie hingega 💪💁‍♀️😍😍.

#vegetablebasket #vegetables #organicgardening #fruitsofmylabor #isekasvatatudhästikasvatatud 
#köögiviljakast #köögiviljadonhead","#vegetablebasket,#vegetables,#organicgardening,#fruitsofmylabor,#isekasvatatudhästikasvatatud,#köögiviljakast,#köögiviljadonhead",87,,2025-08-29T13:08:49.000Z,3w
https://www.instagram.com/p/DHTPHYdObqT/,organicgardening,https://www.instagram.com/thefarmatrevere/,thefarmatrevere,"The glory of gardening, hands in the dirt, head in the sun, heart with nature.  To nurture a garden is to feed not just the body, but the soul. ( Alfred Austin). 

Fostering this love for nature, responsibility and mindfulness to what we put in our bodies is why we feel such pride in what we do at The Farm at Revere.  Graham planted 3 boxes yesterday of Fennel, Carrots and Arugula.  Then covered the seeds and wrote the signs.  Thankful for these life skills that the farm teaches. 

#thefarmatrevere #organicgardening #organicfarming","#thefarmatrevere,#organicgardening,#organicfarming",15,,2025-03-17T12:32:07.000Z,26w
https://www.instagram.com/p/DJrfIQKxlNW/,organicgardening,https://www.instagram.com/msyancynetwork/,msyancynetwork,"When alignment meets purpose, something beautiful happens 🌸 2yrs ago I decided to grow my own food for my family. Being in the garden & communing with nature brought me so much peace. Just a year ago, I decided to share that joy with others through my content on TikTok & YouTube. I received so much love from strangers I’ve never met.♥️ Fast forward to 2025, I’m being invited to a creator collective from one of the biggest conglomerates to network with fellow creators that are aligned within their purpose 🥹 From plant lady to the big leagues🙏🏾 I’m so grateful for all of the blessings God has continued to bestow upon me. I’m so honored to share my passions with others in hope to inspire the next generation to never give up & keep working towards their goals.💪🏾 It’s only up from here now 💃🏽💃🏽💃🏽. ——————————————————————-🪴 JOIN MY HANDS-ON GARDEN WORKSHOP: in the ( D (M) V ) AREA.—————————————————————————————————————————👨🏽‍🌾 WHAT’S INCLUDED:✔️ Live vegetable or fruit plant of your choice (pepper, tomato, watermelon, cantaloupe, etc)✔️ Flower pot for planting✔️ Premium soil + fertilizer✔️ Extra seeds to take home✔️ FREE gardening eBook✔️ Light o’dourves & refreshing drinks✔️ Fun giveaways & more!——————————————————————————————————📚 YOU’LL LEARN:✅ How to grow food in small spaces✅ Container gardening 101✅ How to care for your plant baby✅ Natural, beginner-friendly tips✅ Learn how to find the best place to grow your garden✅ Decide what type of garden works for you✅ Raised, in the ground, or a containerBeginning garden design✅ Seed starting and planting time✅ Care and Maintenance✅ Natural, beginner-friendly tips✅ Live Q&A-#gardening #greenthumb #growyourownfood #garden #organicgardening #plant #homesteading #gardeningtips #whattodoinbaltimore #inmygardentoday #baltimorecity #youtubecreator #youtuber","#gardening,#greenthumb,#growyourownfood,#garden,#organicgardening,#plant,#homesteading,#gardeningtips,#whattodoinbaltimore,#inmygardentoday,#baltimorecity,#youtubecreator,#youtuber",,,2025-05-15T15:36:38.000Z,18w
https://www.instagram.com/p/DOWNKlWCOfY/,organicgardening,https://www.instagram.com/small_thyme_grower/,small_thyme_grower,Rainbow 🌈 Carrots 🥕  #newtogardening #gardeninglife #backyardgarden #planting #plantsmakepeoplehappy #organic #ediblegarden #gardenlife  #plants #nature #growyourown #allotment #growyourownfood #vegetablegarden #gardentokitchen #organicgardening #organic #homegrown #urbangardening #kitchengarden #growtoeat #gardeningismytherapy #fruitandveg #gardentokitchentable #gardenfresh #butternutsquash #vegetables #rainbowcarrots #carrots #bee,"#newtogardening,#gardeninglife,#backyardgarden,#planting,#plantsmakepeoplehappy,#organic,#ediblegarden,#gardenlife,#plants,#nature,#growyourown,#allotment,#growyourownfood,#vegetablegarden,#gardentokitchen,#organicgardening,#organic,#homegrown,#urbangardening,#kitchengarden,#growtoeat,#gardeningismytherapy,#fruitandveg,#gardentokitchentable,#gardenfresh,#butternutsquash,#vegetables,#rainbowcarrots,#carrots,#bee",6,,2025-09-08T15:52:35.000Z,1w
https://www.instagram.com/p/DMVWpwRu-J3/,organicgardening,https://www.instagram.com/lindsayraewellness/,lindsayraewellness,"It’s not lazy gardening. It’s supporting a healthy ecosystem by living in synchronicity with nature. This practice leaves a subtle footprint and invites weeds, wildflowers, insects, frogs and snakes to call it home. By using this method, good bugs balance bad bugs. Absolutely zero insecticides, pesticides, herbicides, or any other -icides have touched this sacred space. How to do it? Let go. Let go of the need to control. What’s required? Maintain just enough space for your crops to grow. That’s all. Nature will take care of the rest. 

…Symbolic? Maybe! 😉 

#livethelifeyoulove #organicgardening #selfsustainable #homestead #nofarmsnofood #natureknowsbest","#livethelifeyoulove,#organicgardening,#selfsustainable,#homestead,#nofarmsnofood,#natureknowsbest",7,,2025-07-21T01:00:48.000Z,8w
https://www.instagram.com/p/DOjdNg3kaMX/,organicgardening,https://www.instagram.com/one.piece.at.a.time.farm/,one.piece.at.a.time.farm,"The pumpkins are coming in! 

This year, we planted Long Island Cheese Pumpkins, and they are really adorable! There's probably about eight more on the vine still. Makes me long for Thanksgiving! 

#onepieceatatimefarm #sisterfarmers #longislandcheesepumpkin #pumpkinpatch #gardening #organicgardening #organicallygrown #harvest","#onepieceatatimefarm,#sisterfarmers,#longislandcheesepumpkin,#pumpkinpatch,#gardening,#organicgardening,#organicallygrown,#harvest",27,,2025-09-13T19:22:54.000Z,1w
https://www.instagram.com/p/DIaNE4UIJtF/,organicgardening,https://www.instagram.com/annemt26/,annemt26,Pwede na ma harvest. 😁 some salad soon👌#organicgardening #lettuce #homegrownveggies,"#organicgardening,#lettuce,#homegrownveggies",6,,2025-04-14T02:00:24.000Z,22w
https://www.instagram.com/p/DOt_D84jSg4/,organicgardening,https://www.instagram.com/deerpaulsparadisegarden/,deerpaulsparadisegarden,"Visting my chillies at night.What a  beauty !!!
#deerpaulsparadisegarden #gardenersofinstagram #chilligarden #chillipflanze #chilliplant #habanero #scorpionchilli #jardinpotager #jardin#organicgardening #jardinbio","#deerpaulsparadisegarden,#gardenersofinstagram,#chilligarden,#chillipflanze,#chilliplant,#habanero,#scorpionchilli,#jardinpotager,#jardin,#organicgardening,#jardinbio",76,,2025-09-17T21:31:06.000Z,4d
https://www.instagram.com/p/DKxo0vVutRg/,organicgardening,https://www.instagram.com/mz.rrt/,mz.rrt,"I needed a tomato to make some guacamole, so I went outside on my patio and picked one… 

Yup, I’m bragging 😂😂 Cause I’m really a real life farmer !! Seriously, im simply growing what I love to eat 🥰 

(Them bird or squirrels really wont allow my strawberry bush be great 😡) 

#PatioGarden
#RaisedBedGarden
#organicgardening
#organicfarming
#localfarmers","#PatioGarden,#RaisedBedGarden,#organicgardening,#organicfarming,#localfarmers",2,,2025-06-11T21:33:48.000Z,14w
https://www.instagram.com/p/DMTsbsDuDGf/,organicgardening,https://www.instagram.com/hans.k.linderoth/,hans.k.linderoth,"Reached into dirt today, beneath some potatoes ….. 7.19.25 - Wilton Connecticut - raised bed gardening - yes a few tomatoes added

#organic #organicgardening #raisedbedgardening #potatoes #newengland #wilton #fairfieldcounty #vegetarian #newenglandlife #coastalnewengland #gardening #newenglandlife #connecticut #Connecticut photographer #natural #healthy","#organic,#organicgardening,#raisedbedgardening,#potatoes,#newengland,#wilton,#fairfieldcounty,#vegetarian,#newenglandlife,#coastalnewengland,#gardening,#newenglandlife,#connecticut,#Connecticut,#natural,#healthy",12,,2025-07-19T23:29:45.000Z,9w
https://www.instagram.com/p/DN6rMMeAWWz/,organicgardening,https://www.instagram.com/l_costuna/,l_costuna,"Thank you Lord for this Another Beautiful harvest from our garden!
#backyardgarden
#organicgardening
#organicfruitsandvegetables","#backyardgarden,#organicgardening,#organicfruitsandvegetables",1,,2025-08-28T23:16:12.000Z,3w
https://www.instagram.com/p/DOp2o2qjLnB/,organicgardening,https://www.instagram.com/growtoeatmag/,growtoeatmag,"Why go organic?

Because your garden deserves to thrive the natural way! 🌿

Protect your plants from diseases, keep pests away without harsh chemicals, and feed your soil naturally for healthier, tastier crops.

Go organic. Go greener. Live healthier. 💚

@makhro_home_and_garden 

#MakhroHomeAndGarden #OrganicGardening #NaturalFarming #EcoFriendlyGarden #HealthyPlants #GardenCare #PestControl #PlantFertilizer #TheGardener","#MakhroHomeAndGarden,#OrganicGardening,#NaturalFarming,#EcoFriendlyGarden,#HealthyPlants,#GardenCare,#PestControl,#PlantFertilizer,#TheGardener",2,,2025-09-16T07:00:32.000Z,5d
https://www.instagram.com/p/DMJRlmTB8Hg/,organicgardening,https://www.instagram.com/healthyhomesteader/,healthyhomesteader,"Dressing make the meal — especially in the summer ☀️🍴
Skip the bottles and whip up these simple dressings with ingredients you already have at home.

Think backyard BBQs, fresh-picked salads, grilled meats, and sunny dinners on the porch — but with way better flavor (and no weird ingredients).

From honey mustard to teriyaki, ranch to tzatziki — these are the clean staples your summer meals need 🌿🍓

📌 Save and share this for all your summer cooking

💛 Drop “COOKBOOK” and I’ll send you my garden-fresh recipe guide with even more scratch-made goodness from fresh produce!

#farmfresh #organicgardening #homegrown #simplerecipes #summerfood #grillingseason","#farmfresh,#organicgardening,#homegrown,#simplerecipes,#summerfood,#grillingseason",1936,,2025-07-15T22:18:19.000Z,9w
https://www.instagram.com/p/DMYOu3-y9Yr/,organicgardening,https://www.instagram.com/brigidwalsh/,brigidwalsh,"Thinking of growing cucumbers this season? 🥒

Here are 4 easy ways to set yourself up for a bumper harvest:
• Wait for warm weather — cucumbers thrive in heat and sunshine.
• Add a trellis early so your vines grow up (not all over your garden).
• Water deeply at the base — wet leaves invite disease.
• Harvest often to keep the cucumbers coming!

Set them up right, and you’ll be swimming in crunchy, garden-fresh cukes all season long. 😋

#permaculturetips #growyourownfood #organicgardening #100milesnorth","#permaculturetips,#growyourownfood,#organicgardening,#100milesnorth",,,2025-07-21T17:41:58.000Z,8w
https://www.instagram.com/p/DNjYUh3MojN/,organicgardening,https://www.instagram.com/janz_gu/,janz_gu,"Every harvest is proof that small seeds grow into big blessings.

#fromgardentotable #organicgardening #organicvegetables #greeleycolorado","#fromgardentotable,#organicgardening,#organicvegetables,#greeleycolorado",1,,2025-08-19T22:08:46.000Z,4w
https://www.instagram.com/p/DNMeMtVMvux/,organicgardening,https://www.instagram.com/forksinthedirt/,forksinthedirt,"Back from our 3 week family vacation (I'll post more soonish) and slowly working our way through jet lag and the jungle garden...

But a quick walk through gave me this harvest, which became part of dinner - and just like that, we are back grounded in our home 💚

And I'm so grateful... for the infinite beauty of this planet, my family,  friends and neighbors, our housesitters, pollinato and our hens.

 It takes many villages, all interconnected. That may be the jet lag talking 😉

I know the world is on fire (for real, the wild fire smoke is bad in MN right now) but getting away from it all and just seeking joy is a necessity. 

It's also so good to be back here, I can't wait to see what you guys have been up to!?! Let me know- what's growing on with you? 

#gardening #growingfood ##organicgardening #kitchengarden #gardentotable #veggies #vegetablegarden #eattherainbow #happygardener #harvest","#gardening,#growingfood,#organicgardening,#kitchengarden,#gardentotable,#veggies,#vegetablegarden,#eattherainbow,#happygardener,#harvest",,,2025-08-11T00:37:37.000Z,5w
https://www.instagram.com/p/DHMDj0-Azlo/,organicgardening,https://www.instagram.com/tiracado/,tiracado,"Letting my babies get some sun today ☀️

#seedlings #grownfromseed #gardening #vegetablegarden #growyourownfood #inflation #foodprices #herbgarden #greenhousegardening #organicgardening #garden","#seedlings,#grownfromseed,#gardening,#vegetablegarden,#growyourownfood,#inflation,#foodprices,#herbgarden,#greenhousegardening,#organicgardening,#garden",,,2025-03-14T17:36:28.000Z,27w
https://www.instagram.com/p/DM8g0koK8yU/,organicgardening,https://www.instagram.com/scottishveggiegarden/,scottishveggiegarden,"One of my pepper plants toppled over because I forgot to pinch it out when it was little so it ended up a single stem supporting the weight of all these lovely mini peppers! I have a few others on the go so decided to pick these early. We’ve already eaten a few and they’re delicious! The variety is Snackbite and I grow them every year - they’re my faves. 

.
.
.
.
.

#pepperharvest #snackbitepeppers #summergarden #scottishgarden #scottishgardener #veggiegarden #vegetablegarden #kitchengarden #growyourown #growyourownfood #gardeninguk #ukgardeners #greenhousegardening #allotmentlife #homegrownveg #sustainableliving #harvestseason #gardenlife #backyardgarden #organicgardening #urbangardening #ediblegarden #gardenlove #gardeninspiration #gardentotable #instagardeners #gardeningcommunity #growwhatyoueat #scottishgrowers #gardeningjoy","#pepperharvest,#snackbitepeppers,#summergarden,#scottishgarden,#scottishgardener,#veggiegarden,#vegetablegarden,#kitchengarden,#growyourown,#growyourownfood,#gardeninguk,#ukgardeners,#greenhousegardening,#allotmentlife,#homegrownveg,#sustainableliving,#harvestseason,#gardenlife,#backyardgarden,#organicgardening,#urbangardening,#ediblegarden,#gardenlove,#gardeninspiration,#gardentotable,#instagardeners,#gardeningcommunity,#growwhatyoueat,#scottishgrowers,#gardeningjoy",144,,2025-08-04T19:52:42.000Z,6w
https://www.instagram.com/p/DKAv6fZupQn/,organicgardening,https://www.instagram.com/octoberjulie/,octoberjulie,"Y’all. 
This year’s garlic is 🤩😍
#garlic #garlicharvest #organicgardening #growyourownfood #organicgarlic #woodvioletfarmga #redtochgarlic","#garlic,#garlicharvest,#organicgardening,#growyourownfood,#organicgarlic,#woodvioletfarmga,#redtochgarlic",43,,2025-05-23T21:50:59.000Z,17w
https://www.instagram.com/p/DI_52mYJYyk/,organicgardening,https://www.instagram.com/coastalgardenerbrad/,coastalgardenerbrad,"Very busy and productive morning, as I started to take the vegetable seedlings that I started indoors and transplant then into my @vego_garden raised-bed vegetable garden.

This morning, I transplanted my hot peppers (12 seedlings of 5 varieties); sweet peppers (17 seedlings of 12 varieties); eggplants (9 seedlings of 6 Asian & Italian varieties); ground cherry (1 seedling/variety); okra (5 seedlings of 2 varieties); and cucumbers (6 seedlings of 2 varieties). (This is the 1st time I tried to start cucumbers early indoors instead of planting seeds directly in my garden. I am not sure the fragile seedlings will survive their transplanting, so I may need to plant seeds anyway.)

Still to be transplanted, maybe tomorrow, are all my seedlings for tomatoes, ampalaya (aka bitter melon), upo (aka edible gourd), and winter & summer squash. I also still need to direct-sow seeds for beans and corn.

Almost all varieties of seedlings that I transplanted today were heirloom varieties.

#gardenplanting #heirloomgardening #heirloomvegetables #organicgardening #vegogarden #gaygardener","#gardenplanting,#heirloomgardening,#heirloomvegetables,#organicgardening,#vegogarden,#gaygardener",21,,2025-04-29T12:08:02.000Z,20w
https://www.instagram.com/p/DHeYYN7JFfu/,organicgardening,https://www.instagram.com/farmscape/,farmscape,"What is an edible landscape design?

Edible landscaping is the art of integrating food-producing plants into traditional landscape design. Instead of purely ornamental greenery, an edible garden landscape design places food at the center of the landscape instead of tucked into a corner, and incorporates fruit trees, vegetable beds, culinary herbs, and pollinator-friendly flowers. 

With careful planning, you can create a lush, productive edible garden that is as visually stunning as it is functional. Whether you’re interested in a vertical edible garden, raised beds, or a full-scale edible front yard garden design, the possibilities are endless.

Ready to turn your yard into a thriving, edible paradise? Contact Farmscape today to schedule a consultation and bring your edible landscaping vision to life.",,50,,2025-03-21T20:24:45.000Z,26w
https://www.instagram.com/p/DNqMrv3B5A3/,organicgardening,https://www.instagram.com/gardening_igbax/,gardening_igbax,"Credit: gardening_for_beginner_
・・・
What is your favorite shirt⁠
💥 𝗦𝗛𝗢𝗣 𝗡𝗢𝗪 🔥𝗟𝗜𝗡𝗞 𝗜𝗡 𝗠𝗬 𝗕𝗜𝗢 👆🏻 𝗦𝗵𝗶𝗽𝗽𝗶𝗻𝗴 ✈️⁠

#homegardening #gardeningaustralia #gardeningtips #gardening101 #urbangardening #gardeningtime #gardeningisfun #ilovegardening #lovegardening #gardeningfun #gardening #vegetablegardening #instagardening #containergardening #gardeninglove #happygardening #epicgardening #indoorgardening #gardening_feature #thehappygardeninglife #organicgardening #gardeningwithkids #backyardgardening #gardeningtherapy #gardeningmakesmehappy #gardeningismytherapy #gardeninglife #gardeningislife #balconygardening #gardeningideas","#homegardening,#gardeningaustralia,#gardeningtips,#gardening101,#urbangardening,#gardeningtime,#gardeningisfun,#ilovegardening,#lovegardening,#gardeningfun,#gardening,#vegetablegardening,#instagardening,#containergardening,#gardeninglove,#happygardening,#epicgardening,#indoorgardening,#gardening_feature,#thehappygardeninglife,#organicgardening,#gardeningwithkids,#backyardgardening,#gardeningtherapy,#gardeningmakesmehappy,#gardeningismytherapy,#gardeninglife,#gardeningislife,#balconygardening,#gardeningideas",597,,2025-08-22T13:41:47.000Z,4w
https://www.instagram.com/p/DLEhk8IIvG-/,organicgardening,https://www.instagram.com/dubarryofireland/,dubarryofireland,"Pulling weeds 🌿

Organic gardening isn’t always easy, but it’s always worth it. No chemicals just consistency. The @niwaki.hq  weeding hoe has become my best friend since cultivating these borders.

#ad #dubarry #dubarrylife #niwaki #WeedFreeNaturally #OrganicGardening #GrowGreen #GardenGoals #WomenInHorticulture #FemaleGardeners #SheGrows #PlantLadies #GreenThumbGirls #GrowGirlsGrow #PlantParenthood #GardenTherapy #FloralFeminine #UrbanGardenGirls #gardening #GardenGoals #GardenLife
#NatureKnowsBest","#ad,#dubarry,#dubarrylife,#niwaki,#WeedFreeNaturally,#OrganicGardening,#GrowGreen,#GardenGoals,#WomenInHorticulture,#FemaleGardeners,#SheGrows,#PlantLadies,#GreenThumbGirls,#GrowGirlsGrow,#PlantParenthood,#GardenTherapy,#FloralFeminine,#UrbanGardenGirls,#gardening,#GardenGoals,#GardenLife,#NatureKnowsBest",83,,2025-06-19T12:08:17.000Z,13w
https://www.instagram.com/p/DOQ9qBzDRiK/,organicgardening,https://www.instagram.com/harvestandbloomhamptons/,harvestandbloomhamptons,"Some harvest highlights from one of our Asian inspired vegetable gardens. 
.
.
.
#organicgardening #vegetablegarden #hamptonshome #hamptonsliving #hamptons","#organicgardening,#vegetablegarden,#hamptonshome,#hamptonsliving,#hamptons",25,,2025-09-06T15:00:51.000Z,2w
https://www.instagram.com/p/DNRl0YxgyJN/,organicgardening,https://www.instagram.com/victorycrystals/,victorycrystals,"Embrace the slow. Planting a garden is essentially creating a living altar. 🥒🥕🐝🦋🕷️🕸️🌻🌸🌞💚

*
*
*
*
*
*

#VictoryCrystals #homegarden #growyourownfood #pachamama #peaceinnature #mygarden #organicgardening #livingaltar #mysanctuary #gardenmeditation #plantspirits #naturesmedicine #growyourown #gardenharvest #slowliving #myhappyplace #goodmedicine #intentionalliving #embracetheslow","#VictoryCrystals,#homegarden,#growyourownfood,#pachamama,#peaceinnature,#mygarden,#organicgardening,#livingaltar,#mysanctuary,#gardenmeditation,#plantspirits,#naturesmedicine,#growyourown,#gardenharvest,#slowliving,#myhappyplace,#goodmedicine,#intentionalliving,#embracetheslow",53,,2025-08-13T00:20:24.000Z,5w
https://www.instagram.com/p/DOn3m3KjjeD/,organicgardening,https://www.instagram.com/suesidzina/,suesidzina,"#harvest from Saturday .... fall items about to start going in under shade cloth in one bed.... pruning dead leaves from summer crops and some spent plants
.
.
.
#thehappygardeninglife #organicgardening #backyardgarden #raisedbedgarden #September #got #gardening #womengardeners #suburbanorganicgardener #sustainability #homegrown","#harvest,#thehappygardeninglife,#organicgardening,#backyardgarden,#raisedbedgarden,#September,#got,#gardening,#womengardeners,#suburbanorganicgardener,#sustainability,#homegrown",,,2025-09-15T12:30:31.000Z,6d
https://www.instagram.com/p/DMa_HzNucDH/,organicgardening,https://www.instagram.com/barrangermitchell/,barrangermitchell,"The garden is finally starting to really pump@out produce! I see lots of veggies in our future. The dehydrator is full of herbs again, and I think it’s time to get the mason jars out and start pickling! #growyourownfood #backyardgarden #abundance #freshveggies #organicgardening","#growyourownfood,#backyardgarden,#abundance,#freshveggies,#organicgardening",22,,2025-07-22T19:23:15.000Z,8w
https://www.instagram.com/p/DJZoMhZyl9i/,organicgardening,https://www.instagram.com/gardensoxx/,gardensoxx,"This Mother’s Day, skip the bouquet and grow something meaningful together. 🌱💐

Plant memories that last by spending time in the garden—whether it’s herbs on the balcony or tomatoes by the back door, there’s nothing like nurturing plants (and connection) side by side.

GardenSoxx makes it easy with a simple, mess-free system you can set up anywhere—no digging, no stress.

🌸 Give the gift of growth! Shop now and celebrate mom with a garden you’ll both love. Visit www.GardenSoxx.com to shop our kits and other growing solutions.

#EasyGardening #GardeningWithMom #GrowYourOwnFood #OrganicGardening #HomeAndGarden","#EasyGardening,#GardeningWithMom,#GrowYourOwnFood,#OrganicGardening,#HomeAndGarden",6,,2025-05-08T17:09:34.000Z,19w
https://www.instagram.com/p/DLWNYqtMuzX/,organicgardening,https://www.instagram.com/anamericaninnorway/,anamericaninnorway,First radish of the year! #radishesofinstagram #organicgardening#jennysfolkartmuseum,"#radishesofinstagram,#organicgardening,#jennysfolkartmuseum",3,,2025-06-26T02:20:18.000Z,12w
https://www.instagram.com/p/DLy47kQRYyq/,organicgardening,https://www.instagram.com/simone_maudsley/,simone_maudsley,"One of the 2 yellow caulis I've grown, this breed seems to be on the smaller side of what I've previously grown, yet they are really lovely to eat and give the garden extra colour in amongst the green leafy growth. I have 1 green and 2 whites left in this batch.
The broccoli florets are growing strong giving me harvest whilst I wait for the others to mature. The beans...... Well, they are still prolific !!.

#colouredcauliflower #organicgardening #heritageseeds #healthygardens #selfsustaining","#colouredcauliflower,#organicgardening,#heritageseeds,#healthygardens,#selfsustaining",5,,2025-07-07T08:17:02.000Z,10w
https://www.instagram.com/p/DITjYrxs63M/,organicgardening,https://www.instagram.com/ramblin_sol_farm/,ramblin_sol_farm,"Don't forget to sign up for our garden workshop/farmtour on Sunday! Includes a farm tour, container garden  activity and discussion on preventative garden methods! Love you guys, happy growing!

#Spring #GardenState #GrownInMonmouth #OrganicGardening #GardenTherapy","#Spring,#GardenState,#GrownInMonmouth,#OrganicGardening,#GardenTherapy",27,,2025-04-11T12:31:26.000Z,23w
https://www.instagram.com/p/DHyFpJWt_q_/,organicgardening,https://www.instagram.com/merylcubley/,merylcubley,"#purplesproutingbroccoli
#organic
#homegrown
#husbandgardener
#organicgardening
#gardening
#organicveg","#purplesproutingbroccoli,#organic,#homegrown,#husbandgardener,#organicgardening,#gardening,#organicveg",16,,2025-03-29T12:05:48.000Z,25w
https://www.instagram.com/p/DNDetY5Myov/,organicgardening,https://www.instagram.com/mainesolbotanicals/,mainesolbotanicals,"Yellows and oranges. It's like sunshine in every plant

Mother Nature is stunning
🏵️☀️🌻

Come see all the beauty and  learn about permaculture design at the MOFHA Gather and Grow Your Sept 4th 6 to 7, raindate Sept 5th

Our backyard farm is part of this year's tour!

Sign up at MOFGA - Link also on our websites front page. Link in bio

#organicgardening 
#permaculturedesign 
#","#organicgardening,#permaculturedesign",8,,2025-08-07T12:48:54.000Z,6w
https://www.instagram.com/p/DM1IYfOybyn/,organicgardening,https://www.instagram.com/healthyhomesteader/,healthyhomesteader,"Sweet corn season = the best kind of problem 🌽

Here are 8 easy, summery ways to use it up — from grilled to creamy to BBQ pasta salad (yep, it’s a thing and it slaps).

💾 Save this before your counter’s covered in cobs
💬 Drop COOKBOOK for more real food summer faves
🌽 Tag your corn-obsessed bestie

#simplerecipes #realfood #homegrown #organicgardening #farmfresh #homemadefood #corn","#simplerecipes,#realfood,#homegrown,#organicgardening,#farmfresh,#homemadefood,#corn",433,,2025-08-01T23:04:27.000Z,7w
https://www.instagram.com/p/DJOvj-9gARA/,organicgardening,https://www.instagram.com/allotmentonline/,allotmentonline,"Is organic fertiliser as good as chemical fertiliser?...

@natural_grower tells us the benefits of organic fertiliser:
https://naturalgrower.co.uk/blogs/blog/organic-v-chemical-fertiliser?utm_source=Klaviyo&utm_medium=campaign&_kx=x6GA5qSP3kIO5pzKX2foQBfpoxWgXdhAUUIzwGagxn3-hYQPY_cSNtUqcGlQwXfZ.WB5ris

#organicgardening #fertiliser #gardenblog","#organicgardening,#fertiliser,#gardenblog",8,,2025-05-04T11:42:14.000Z,20w
https://www.instagram.com/p/DJQo0DtMeOO/,organicgardening,https://www.instagram.com/mianna_naturals/,mianna_naturals,"Gardening mistakes are inevitable, but learning from the mistakes of others will help save you valuable time and resources. 

I hope you learnt from my gardening mistakes. Don't forget to save and share this post with others

#miannanaturals #gardentips #gardenmistakes #portharcourtgardener ##organicgardening #ediblegarden #nigeriangarden ##nigeriangardener #storiesfrommyhomegarden #chroniclesofanorganicgardener","#miannanaturals,#gardentips,#gardenmistakes,#portharcourtgardener,#organicgardening,#ediblegarden,#nigeriangarden,#nigeriangardener,#storiesfrommyhomegarden,#chroniclesofanorganicgardener",16,,2025-05-05T05:21:45.000Z,19w
https://www.instagram.com/p/DMqixuyBTKj/,organicgardening,https://www.instagram.com/repdavidvaladao/,repdavidvaladao,"They didn't get the memo - their Republican constituents are not interested in being poisoned in the name of corporate, BigAg profits. The embarrassing cowardice of these elected officials who didn't make a single comment of concern during discussion of Section 453 of the spending bill - the section that is a pesticide liability shield - does not deserve to be rewarded with re-election. 

Can you even imagine willingly supporting the continued exposure to chemicals that cause cancer, infertility, Parkinson's, autoimmunity, masculinization of baby girls etc etc. It's inconceivable to anyone with a conscience at all. 

Calling on @realdonaldtrump to remind these guys of your MAHA mandate. 

Democrats are not off the hook here. The previous standalone bill to pass a pesticide liability shield had some Dems on board. However, kudos to them for speaking up about the horror of 453 during the Appropriatioins meeting and fully supporting its opposition. It should have been both sides who opposed it. 

#nontoxic #cleaneating #organicgardening #soil","#nontoxic,#cleaneating,#organicgardening,#soil",3178,,2025-07-29T15:55:20.000Z,7w
https://www.instagram.com/p/DObJ7JVDHq9/,organicgardening,https://www.instagram.com/ohba_htx/,ohba_htx,"September is the perfect time to plant in Houston, and we’ve made it easy for you! From leafy greens and root veggies to pollinator-friendly flowers and herbs—check out our guide for what to plant right now.

Whether you're growing for your family, your soil, or your community, organic fall gardening starts here. Swipe through, save this for your next trip to the garden center, and tag us in your planting pics!

#OHBAHouston #FallPlanting #OrganicGardening #HoustonGardeners #GrowWithPurpose #SeptemberGarden #SustainableLiving","#OHBAHouston,#FallPlanting,#OrganicGardening,#HoustonGardeners,#GrowWithPurpose,#SeptemberGarden,#SustainableLiving",85,,2025-09-10T14:00:27.000Z,1w
https://www.instagram.com/p/DOZW5OzDZcS/,organicgardening,https://www.instagram.com/betterhomesharvests/,betterhomesharvests,Gardening Sale! 🌱 Up to 40% Off Organic Gardening Tools! Get ready for spring with high-quality tools. Shop now at betterhomesandharvests.com! #OrganicGardening #GardeningTools #SpringSale #BetterHomesandHarvests,"#OrganicGardening,#GardeningTools,#SpringSale,#BetterHomesandHarvests",,,2025-09-09T21:15:27.000Z,1w
https://www.instagram.com/p/DOHO-VTkoGY/,organicgardening,https://www.instagram.com/carmelbellafarm/,carmelbellafarm,"✨ Slivka Gurman ✨🧚‍♀️
One of the most enchanting varieties on the farm…
Long, luscious trusses heavy with jewel-like tomatoes that resemble fruits from a fairytale, glowing in metallic pink with antho shoulders. Abundant and indulgently meaty, each one offers velvety, rich flavor that seduces the senses. Medium-early ripening and endlessly generous, this enchanting beauty transforms any garden into a magical feast. 🌿🍅

‼️ Seeds available soon!
Not all varieties are listed in the store yet.
💌 Subscribe at www.carmelbellafarm.com to be among the first to know about our pop-up seed sales…. They go fast! 🫶🏼✨🌿
.
.
.
.

#slivkagurman#love#tomato#tomatoes#heirloomtomatoes#oxheart#foodie#homegrown#tomatofarm#seeds#ochreveil#carmelbellafarm#photography#photooftheday#eatclean#foodnetwork#nature#foodart#greenthumb#garden#gardeners#organicgardening#farm#homestead#plantbased#recipes#diy","#slivkagurman,#love,#tomato,#tomatoes,#heirloomtomatoes,#oxheart,#foodie,#homegrown,#tomatofarm,#seeds,#ochreveil,#carmelbellafarm,#photography,#photooftheday,#eatclean,#foodnetwork,#nature,#foodart,#greenthumb,#garden,#gardeners,#organicgardening,#farm,#homestead,#plantbased,#recipes,#diy",,,2025-09-02T20:19:46.000Z,2w
https://www.instagram.com/p/DNTNAcbOPlt/,organicgardening,https://www.instagram.com/milkweed.and.daisies/,milkweed.and.daisies,"Show you my garden world. 16 years of tending this ½ acre urban homestead has given me more than just vegetables & flowers, it’s been a daily practice in peace, patience, and possibility. I grow a wide variety of edible flowers & vegetables, harvest from the garden almost every day, and shape each season with organic, sustainable methods. Every year brings new lessons, fresh flavors, and a deeper connection to the land. Here’s to the soil that feeds us, the seeds that teach us, and the quiet joy of growing our own food. 

#amysgardentotable 
#halfacreofheaven 

#urbangarden #garden #vegetablegarden #flowergarden #minnesota #homesteading #dailyharvest #mngarden #growyourownfood #organicgardening #sustainableliving #gardenpeace #gardenbasket #gardenersofinstagram #growyourownfood","#amysgardentotable,#halfacreofheaven,#urbangarden,#garden,#vegetablegarden,#flowergarden,#minnesota,#homesteading,#dailyharvest,#mngarden,#growyourownfood,#organicgardening,#sustainableliving,#gardenpeace,#gardenbasket,#gardenersofinstagram,#growyourownfood",318,,2025-08-13T15:22:04.000Z,5w
https://www.instagram.com/p/DHXulMrqiqP/,organicgardening,https://www.instagram.com/natasjadedeyn788/,natasjadedeyn788,"Sinds enkele dagen mochten deze baby tomaatjes overdag in de serre! 
En de komende dagen zal dat niet anders zijn☀️
Daar worden ze mooi en sterk van.💪🪴

#moestuinieren #garden #tomaten #tomatoes #growingtomatoes #seedlings #gardening #gardeningtips #dwarf #greenhouse #greenhousegardening #ediblegarden #organicgardening #allotmentgarden #homegrown #springiscoming #tomatolovers #tomatoplants #homegarden #backyardgardening #moestuingeluk #goodwether #tomatobabies #lovemygarden #tasjas_tuin","#moestuinieren,#garden,#tomaten,#tomatoes,#growingtomatoes,#seedlings,#gardening,#gardeningtips,#dwarf,#greenhouse,#greenhousegardening,#ediblegarden,#organicgardening,#allotmentgarden,#homegrown,#springiscoming,#tomatolovers,#tomatoplants,#homegarden,#backyardgardening,#moestuingeluk,#goodwether,#tomatobabies,#lovemygarden,#tasjas_tuin",90,,2025-03-19T06:24:03.000Z,26w
https://www.instagram.com/p/DL7O-85sw37/,organicgardening,https://www.instagram.com/joegardener/,joegardener,"Mid-summer at the GardenFarm means one thing: surprises. The good, the bad, and the lessons that come with both.

This week on the podcast, we’re bringing back a solo episode I recorded during a summer much like this one—hot, busy, and full of teachable moments from the garden.

Tune in for a behind-the-scenes look at what I was seeing and learning in real time as I recorded the episode straight from the garden. 🎧 Check it out at the link in my bio or anywhere you get your podcasts. 

What about you? Got any mid-summer garden takeaways you'd like to share? Let me know in the comments.

#joegardener #organicgardening #summergarden #gardentips #growyourownfood #gardeninglife #midseasoncheckin #gardenjournal #gardeningpodcast #joegardener #iamajoegardener","#joegardener,#organicgardening,#summergarden,#gardentips,#growyourownfood,#gardeninglife,#midseasoncheckin,#gardenjournal,#gardeningpodcast,#joegardener,#iamajoegardener",465,,2025-07-10T11:26:10.000Z,10w
https://www.instagram.com/p/DKXMg1HTOpk/,organicgardening,https://www.instagram.com/squarefootgardening/,squarefootgardening,"We’re always excited to share the results from first-time gardeners! 
Big thanks to Robbie in growing zone 7a (Waynesville, NC) for sharing these amazing photos of her #FirstSquareFootGarden. 
The leaf lettuce and Swiss chard are thriving, and the tomatoes and cucumbers are coming along beautifully!🥬🍅🥒 Plus, check out those lovely nasturtium flowers and baby cauliflower. 
 
What's growing in your garden? Share your photos in the comments or DM us! We'd love to feature your Square Foot Garden too.

#FirstGarden #Homegardener #HowYourGardenGrows #WhatsInYourGarden #nolagarden #gardening #gardener #Growsomethinggreat #GardenTips #squarefootgarden #OrganicGardening #GardenPlanning #EdibleGarden #HealthyHarvest #GardenInspiration #GreenThumb","#FirstSquareFootGarden,#FirstGarden,#Homegardener,#HowYourGardenGrows,#WhatsInYourGarden,#nolagarden,#gardening,#gardener,#Growsomethinggreat,#GardenTips,#squarefootgarden,#OrganicGardening,#GardenPlanning,#EdibleGarden,#HealthyHarvest,#GardenInspiration,#GreenThumb",120,,2025-06-01T15:00:36.000Z,16w
https://www.instagram.com/p/DNrBt6sZL36/,organicgardening,https://www.instagram.com/growarber/,growarber,"Plant parents, rejoice 🌱💚 We’ve just stocked up on Arber’s sustainable plant care products, from grow fertilizers to accessories that make your green space thrive. Find them now on our website!",,7,,2025-08-22T21:25:13.000Z,4w
https://www.instagram.com/p/DNhkE-2zgEP/,organicgardening,https://www.instagram.com/garden_inthe_gumtrees/,garden_inthe_gumtrees,"No dig garden bed! 🚫🪏We started our veggie patch by going into battle with an insane amount kikuyu lawn. Those rhizomes were my mortal enemy and they kept popping back up. We used gravel and raised garden beds to smother what was left after basically taking all our topsoil off with the grass. 😢 Very sad, but it worked and we have not seen kikuyu for years. Now I need to give some love back to what’s left of my precious top soil. I’ve started three no dig beds amongst my garden beds. I got this Esther Deans book when I first started gardening and she’s a legend so I’m excited to see how we go! #nodig #estherdeans #permaculture #organicgardening","#nodig,#estherdeans,#permaculture,#organicgardening",35,,2025-08-19T05:13:02.000Z,4w
https://www.instagram.com/p/DM_IhmcJCSL/,organicgardening,https://www.instagram.com/digplantlove/,digplantlove,"I wanted to share my lovely client Cynthia’s raised garden to give you a little inspiration for planning your own green space!

We met back in the spring for a garden consultation—she had questions about natural fertilizers, plant spacing, critter protection, and a few other things. And just look at her garden now… so lush and productive. And so pretty! I love it! 💚

I hope it inspires you to start dreaming up your own raised bed garden this fall. I’d be happy to help you plan it out and get started on the right foot!

#KitchenGarden #RaisedBedGarden #GardenInspiration #EdibleGarden #GrowYourOwnFood #GardenCoach #BackyardGarden #FallGardenPlanning #OrganicGardening #MontrealGardens #GardenConsultation #SmallSpaceGardening #VegetableGarden","#KitchenGarden,#RaisedBedGarden,#GardenInspiration,#EdibleGarden,#GrowYourOwnFood,#GardenCoach,#BackyardGarden,#FallGardenPlanning,#OrganicGardening,#MontrealGardens,#GardenConsultation,#SmallSpaceGardening,#VegetableGarden",44,,2025-08-05T20:18:06.000Z,6w
https://www.instagram.com/p/DOhYqtngaPv/,organicgardening,https://www.instagram.com/sharkgardenburien/,sharkgardenburien,"This morning,  our volunteers harvested another 50 pounds of organic produce for the @whitecenterfoodbank . Then we finished harvesting the rye and headed over for an epic berry picking session (next post). Once the grains are dry enough,  we're going to bring them out to process so we can make flour.  Stay tuned for details on that.  It's pretty fun! 
#volunteers #harvest #organicgardening","#volunteers,#harvest,#organicgardening",7,,2025-09-13T00:04:44.000Z,1w
https://www.instagram.com/p/DHl2-L7M67W/,organicgardening,https://www.instagram.com/peters_koekkenhave/,peters_koekkenhave,"Broccolinisorten Stemia F1 har jeg dyrket i flere år som en udpræget sommerafgrøde: sået i marts, udplantet april og høst fra sidst i maj til engang i august. Sidste år stødte jeg på en oplysning om at sorten også var velegnet til overvintring. Den skulle kunne sås i september-oktober, overvintre på friland og give høst i det tidlige forår. Så det måtte prøves. Der blev sået i september, men overvintret i små potter i drivhuset - og udplantet på friland først i marts.

Men idag opdagede jeg at 2 af 3 planter allerede har dannet hovedskud, og det er planterne alt for små til - de skal være betydelig større for at kunne bære en ordentlig produktion af broccoliniskud. Jeg tænker at det muligvis kan skyldes det forholdsvis varme vejr på et for tidligt tidspunkt i planternes udvikling. Skuddene er nu blevet skåret af, så planterne forhåbentlig kan blive en del større inden de giver sig til at lave flere sideskud. Det har også vist sig at en enkelt af de 9 overvinterende almindelige broccoliplanter i en mistbænk har fået samme fikse ide - den kommer også til at miste hovedet. #praktiskøkologi #organicgardening #køkkenhave #kitchengarden #selvforsyning #selfsufficiency #haveselskabet #broccolini","#praktiskøkologi,#organicgardening,#køkkenhave,#kitchengarden,#selvforsyning,#selfsufficiency,#haveselskabet,#broccolini",140,,2025-03-24T18:06:43.000Z,25w
https://www.instagram.com/p/DOLLLxFDoCc/,organicgardening,https://www.instagram.com/organic_decojardin/,organic_decojardin,"Cuando tienes frutales, la compra la haces en casa. 😎
¿Te doy ideas? 🍑🥑🥭🍋
.
🌾 Organic Centro de Jardinería
📲 649 08 61 28
📌 Carretera de Maó-Ciutadella, km 42,5.
.
.
.
.
.
.
.
.
.
.
.
.
.
.
.
.
.
.
#organicmenorca
#organicgardening
#floresyabrazos
#regalaflores
#plantas
#flores🌸","#organicmenorca,#organicgardening,#floresyabrazos,#regalaflores,#plantas,#flores🌸",71,,2025-09-04T09:11:31.000Z,2w
https://www.instagram.com/p/DNLEGTiAM8k/,organicgardening,https://www.instagram.com/skylifeshotsphotography/,skylifeshotsphotography,"Garden organic string beans. I know what I'll be doing today!  Vacuum sealing and freezing. Already have 3 quarts. This large colander should yield about 4 more quarts.

#organicgardening #organicstringbeans #preparingforthefuture #grocerypricesrising","#organicgardening,#organicstringbeans,#preparingforthefuture,#grocerypricesrising",7,,2025-08-10T11:31:40.000Z,6w
https://www.instagram.com/p/DOrY2pck7Y8/,organicgardening,https://www.instagram.com/bris.backyard/,bris.backyard,"And just like that, the garden snacks are back!
.
.
.
#garden #gardening #gardener #gardenlove #vegetablegarden #vegetables #vegegarden #vegepatch #veggies #veggiegarden #veggiepatch #grow #growfood #mygarden #ABCmygarden #ediblegarden #eatwhatyougrow #homegrown #growwhatyoueat #gardeningaustralia #organic #organicgardening #brisbackyard","#garden,#gardening,#gardener,#gardenlove,#vegetablegarden,#vegetables,#vegegarden,#vegepatch,#veggies,#veggiegarden,#veggiepatch,#grow,#growfood,#mygarden,#ABCmygarden,#ediblegarden,#eatwhatyougrow,#homegrown,#growwhatyoueat,#gardeningaustralia,#organic,#organicgardening,#brisbackyard",23,,2025-09-16T21:18:46.000Z,5d
https://www.instagram.com/p/DN3EtBvanaz/,organicgardening,https://www.instagram.com/creative_gardening1/,creative_gardening1,"A little Epsom salt trick for the garden 🌱✨ Mix 1 tsp in warm water, spray it on your plants, and watch the magic happen. Tomatoes, peppers, and even roses love the magnesium boost! 🍅🌶🌹

#GardeningTips #GrowYourOwnFood #OrganicGardening","#GardeningTips,#GrowYourOwnFood,#OrganicGardening",898,,2025-08-27T13:42:10.000Z,3w
https://www.instagram.com/p/DIeMa71p0Xg/,organicgardening,https://www.instagram.com/dreamsofplants.pdx/,dreamsofplants.pdx,"You know what brings me joy after a long day? A handful of homegrown food that grew itself. As a professional gardener, I need my personal gardens to tend themselves as much as possible in a more permaculture style of garden. Alas, I usually only have a few hours a week I can devote to them. The trick is to let things seed themselves, let things grow over the winter, to not be too aggressive about turning your beds over in the spring, and know your baby veggie plants so you avoid weeding them. Plants often plant themselves where they want to grow! I do delineate areas for summer crops, but let the perennial and self seeders fill the edges.

Here are some of my spring favorites for the autopilot garden: French sorrel, arugula, parsley, cilantro, overwintered kale/collards, chives, chard, and mustard greens. I haven't really planted any of these in years. I do spread cilantro and arugula seeds around from time to time. It can take a season or two for things to establish, and you have to be ok with letting a few bolt and seed everywhere.",,,,2025-04-15T15:11:37.000Z,22w
https://www.instagram.com/p/DKCmRKDxSE1/,organicgardening,https://www.instagram.com/fitbyjenpersonaltrainer/,fitbyjenpersonaltrainer,"Some of our harvest today 😋 

#organicgardening #organicfarming #healthylifestyle #eatyourveggies","#organicgardening,#organicfarming,#healthylifestyle,#eatyourveggies",7,,2025-05-24T15:01:31.000Z,17w
https://www.instagram.com/p/DNFygq6o4Kp/,organicgardening,https://www.instagram.com/fruitandcedarspicefarm/,fruitandcedarspicefarm,"This year's harvest hasn't been as bountiful as the previous ones though done in parts.
#organicgardening#foodforest#turmeric#","#organicgardening,#foodforest,#turmeric",4,,2025-08-08T10:20:25.000Z,6w
https://www.instagram.com/p/DNszpF05Fo3/,organicgardening,https://www.instagram.com/ecowormusa/,ecowormusa,"🌍💚 Choose a plant guard that’s kind to the earth! 

Ecoworm Potassium Soap is biodegradable, safe for beneficial insects, and approved for organic gardening. Protect your garden sustainably! 🌱✨ 

Potassium Soap works as natural insecticide and helps to combat and prevent the most common pests in homes, gardens and greenhouses

#Ecoworm #organicgardening","#Ecoworm,#organicgardening",21,,2025-08-23T14:00:41.000Z,4w
https://www.instagram.com/p/DML3fVzBxTV/,organicgardening,https://www.instagram.com/healthyhomesteader/,healthyhomesteader,"Pickle lovers, this one’s for you. 🥒
No canning, no weird steps, no waiting days to eat.
Just 10 ridiculously easy fridge pickles that instantly upgrade every summer meal:

🥗 Wraps
🍔 Burgers
🍳 Breakfast boards
🍖 BBQ sides
🥕 Snack plates

From classic dill to spicy jalapeños and sweet pickled peppers — these are the recipes to keep your fridge stocked with flavor (and your gut happy).

📌 Save this post for summer meal magic
💬 Drop which one you’re making first!
🔥Share this with your pickle loving friends!

#simplerecipes #homegrownveggies #gardenfresh #homemade #organicgardening #farmfresh","#simplerecipes,#homegrownveggies,#gardenfresh,#homemade,#organicgardening,#farmfresh",3392,,2025-07-16T22:27:59.000Z,9w
https://www.instagram.com/p/DOoP7odDH3u/,organicgardening,https://www.instagram.com/dalefootcomposts/,dalefootcomposts,"🌷 How to plant a bulb lasagne 🌷
A bulb lasagne (or layered planting) is a brilliant way to get months of colour from one pot – and our Bulb Compost is perfect for the job. Here’s how:
1️⃣ Choose a deep pot with drainage holes.
2️⃣ Add a layer of Bulb Compost to the bottom.
3️⃣ Place your largest, latest-flowering bulbs (tulips work well). Cover with more compost.
4️⃣ Add a middle layer with bulbs like daffodils or hyacinths. Cover again.
5️⃣ Top with the earliest bulbs (crocus or dwarf iris). Finish with another layer of compost.
6️⃣ Water well and leave the pot in a sheltered spot until spring.
🌼 The result? A staggered display of blooms from early spring right through to early summer – all in one container.
Our peat-free Bulb Compost gives bulbs the drainage, nutrients and structure they need to thrive year after year.
#BulbLasagne #AutumnPlanting #PeatFree #OrganicGardening #DalefootComposts","#BulbLasagne,#AutumnPlanting,#PeatFree,#OrganicGardening,#DalefootComposts",17,,2025-09-15T16:03:04.000Z,6d
https://www.instagram.com/p/DLiL5mYSRo0/,organicgardening,https://www.instagram.com/true_organic_/,true_organic_,"Which one are you? Comment below! 👇
⠀⠀⠀⠀⠀⠀⠀⠀⠀
#WhatTypeOfGardener #TrueOrganic #GrowWithTrue #GardenLife #PlantParent #GardenerLife #GrowWithUs #RelateableContent #OrganicGardening #WhichOne #Quiz #GardenerTypes #GardenMemes #Gardener #OrganicGardens","#WhatTypeOfGardener,#TrueOrganic,#GrowWithTrue,#GardenLife,#PlantParent,#GardenerLife,#GrowWithUs,#RelateableContent,#OrganicGardening,#WhichOne,#Quiz,#GardenerTypes,#GardenMemes,#Gardener,#OrganicGardens",,,2025-06-30T17:58:13.000Z,11w
https://www.instagram.com/p/DNQ0loYM1ru/,organicgardening,https://www.instagram.com/honestlykitchen/,honestlykitchen,"Curious about growing your own food the no-dig way? Join us at our very own Drumanilra Farm this August & September for a hands-on, beginner-friendly No Dig Workshop. You’ll learn everything from turning grass into veg beds, managing weeds and pests, to starting seeds and taking care of crops. You’ll even help build a real bed for our market garden.

Led by Odhran Crowe, organic grower & permaculture expert, known for transforming his own Irish homestead using soil-first, no-dig methods.

Why join?
Odhran brings real-world experience and a down-to-earth teaching style that will leave you confident and inspired to start your own no-dig garden at home.

Workshops run from 10am to 1pm on Wednesday 20th August and Wednesday 3rd September. It’s €60 per person and includes a 15% voucher for lunch at our farm to fork restaurant, Honestly Farm Kitchen, in Carrick-on-Shannon.

Book online now—spaces are limited! See link in bio.

#nodig #irishfarm #organicgardening #growyourown #growyourownveggies #sustainablefarming #learntogrowfood","#nodig,#irishfarm,#organicgardening,#growyourown,#growyourownveggies,#sustainablefarming,#learntogrowfood",,,2025-08-12T17:10:12.000Z,5w
https://www.instagram.com/p/DN5yd0ck12w/,organicgardening,https://www.instagram.com/hudsonvalleyseedco/,hudsonvalleyseedco,"Organic Practices for the Home Gardener with @hiddenacrefarm and @realorganicproject - Saturday, Sept 6 - 1:30PM⁠
⁠
Join Jack Whettam of Real Organic certified Hidden Acre Farm to learn organic farming practices for the home garden. We'll focus on simple Fall essentials like cover crops, garlic planting and pest management. Bring your questions! This class will take place both indoors and in the Hudson Valley Seed Company Trials Garden: 11 Airport Rd, Accord, NY 12404⁠
⁠
#organicgardening #growyourfood #realfood #organicfarmingpractices #homegarden","#organicgardening,#growyourfood,#realfood,#organicfarmingpractices,#homegarden",42,,2025-08-28T15:01:04.000Z,3w
https://www.instagram.com/p/DOYeV5djG4B/,organicgardening,https://www.instagram.com/organicharvestfarmstead/,organicharvestfarmstead,"🌱 Tuesday Tips
Want crisp, refreshing cucumbers all season long? Start by giving them what they love most—consistent moisture and healthy soil. Adding mulch around your cucumber plants helps lock in water, keep the soil cool, and reduce weeds that compete for nutrients. With just this simple step, you'll set the stage for juicy, abundant harvests. 🥒
#TuesdayTips #CucumberCare #MulchingMatters #OrganicGardening #HealthyHarvest #organicharvest","#TuesdayTips,#CucumberCare,#MulchingMatters,#OrganicGardening,#HealthyHarvest,#organicharvest",,,2025-09-09T13:02:28.000Z,1w
https://www.instagram.com/p/DJfAgw2Sauv/,organicgardening,https://www.instagram.com/megmaker/,megmaker,"Serving size: one spear

#asparagus #gardening #organicgardening #springishere","#asparagus,#gardening,#organicgardening,#springishere",46,,2025-05-10T19:18:12.000Z,19w
https://www.instagram.com/p/DNQXTc-Kk-f/,organicgardening,https://www.instagram.com/sandzwoodgardening/,sandzwoodgardening,"Early morning pickings ~ dusty potatoes, jewel-toned beets, peppery radish, tender Pak Choy, shelled broad beans and cabbage heads like forest hearts. — our own garden rainbow 🌈☘️🫜🫛🥔

Happy gardening 💚

#harvest #kitchengarden #raisedbeds #growyourownfood #backyard #vegetablegarden #happygardener #gardening #organicgardening #countryliving","#harvest,#kitchengarden,#raisedbeds,#growyourownfood,#backyard,#vegetablegarden,#happygardener,#gardening,#organicgardening,#countryliving",35,,2025-08-12T12:54:20.000Z,5w
https://www.instagram.com/p/DLFJuAyt0Os/,organicgardening,https://www.instagram.com/nubianqurbanpatch/,nubianqurbanpatch,"THE BIG TUMERIC HARVEST: We have fresh Tumeric available for sale and Calling all my growers for the TUMERIC CROWNS, please watch all the videos for those little nuggets of wisdom . Call me or texts. Call or texts us on 0765428778 #nopesticides #nochemicals #growyourown #sustainability #urbangardening #healing #tea #teatime #organicgardening #food #homegrownfood","#nopesticides,#nochemicals,#growyourown,#sustainability,#urbangardening,#healing,#tea,#teatime,#organicgardening,#food,#homegrownfood",43,,2025-06-19T11:21:11.000Z,13w
https://www.instagram.com/p/DHfhVXDo1F-/,organicgardening,https://www.instagram.com/lisagrue/,lisagrue,"🌱Snart er det tid til at få gang i vores grøntsagskammer igen, og jeg kan næsten ikke vente! 
🌱I 5-6 år har vi dyrket stort set alle vores egne grøntsager og blomster i vores økologiske havefællesskab. Sidste år tog vi en lille pause, men vi savnede det alt for meget, så nu er vi tilbage under de grønne faner. 
🌱Forspiringen er allerede i fuld gang her i vores hjem!
————
🌱It’s almost time to get our vegetable pantry going again, and I can’t wait! 
🌱For the past 5–6 years, we’ve been growing nearly all our own vegetables and flowers in our organic gardening community. 
🌱Last year, we took a little break, but we missed it too much, so now we’re back under the green banner. 
🌱The seedlings are already sprouting in our Home.",,,,2025-03-22T07:02:13.000Z,26w
https://www.instagram.com/p/DNUoLNCOnCB/,organicgardening,https://www.instagram.com/ginaholelaz/,ginaholelaz,"My garlic harvest appreciation post… 🧄 🧄 🧄 🧄 

Harvested 200 heads of garlic today, approx 100 Russian Reds and some new varieties, most only 1 year olds so I’ll replant next year for bigger bulbs:

- Majestic
- Music
- Spanish Roja 
- Cent
- Solo

#garlic #garlicharvest #gardening #organicgardening","#garlic,#garlicharvest,#gardening,#organicgardening",20,,2025-08-14T04:38:42.000Z,5w
https://www.instagram.com/p/DOoLP1GEceQ/,organicgardening,https://www.instagram.com/thomas_dyson_alchemy/,thomas_dyson_alchemy,"LAAADIES, feast your eyes on this. 😉
This is the last of the Japanese cucumbers—let this one get extra fat and juicy. 🌱🥒
It’s headed for a very hot & spicy pickle. 🔥🥵 Stay tuned!

⸻

gardening #organicgardening #urbangarden #backyardgarden #growyourown #growfoodnotlawns #veggiegarden #homegarden #gardener #gardenlife #gardenlove #plants #plantbased #kitchengarden #greenthumb #growyourownfood #vegetablegarden #homesteading #harvest #gardeninglife #gardenersofinstagram #gardencommunity #allotment #gardentherapy #gardeninspiration #seedstarting #gardenfresh #gardenphotography #gardenersworld #plantlover","#organicgardening,#urbangarden,#backyardgarden,#growyourown,#growfoodnotlawns,#veggiegarden,#homegarden,#gardener,#gardenlife,#gardenlove,#plants,#plantbased,#kitchengarden,#greenthumb,#growyourownfood,#vegetablegarden,#homesteading,#harvest,#gardeninglife,#gardenersofinstagram,#gardencommunity,#allotment,#gardentherapy,#gardeninspiration,#seedstarting,#gardenfresh,#gardenphotography,#gardenersworld,#plantlover",12,,2025-09-15T15:22:08.000Z,6d
https://www.instagram.com/p/DJmhKoXOkT_/,organicgardening,https://www.instagram.com/myriadorganics/,myriadorganics,"🌱 Myriad Organics Herbs 🌱

This year we have decided to grow our own range of herbs to sell in the shop. 

Roz is growing a fantastic selection using @fertilefibre compost. We will keep you posted with updates but fingers crossed 🤞 we will have our own herb plants available soon. 

#organicherbs #organicgardening #herbs #shoplocal","#organicherbs,#organicgardening,#herbs,#shoplocal",20,,2025-05-13T17:18:13.000Z,18w
https://www.instagram.com/p/DNRhGhiue7B/,organicgardening,https://www.instagram.com/ceens.haven.and.garden/,ceens.haven.and.garden,"Happy morning!🍀
#gardening #growyourownfood #organicgardening","#gardening,#growyourownfood,#organicgardening",8,,2025-08-12T23:39:12.000Z,5w
https://www.instagram.com/p/DOkaYzpDS64/,organicgardening,https://www.instagram.com/asti421/,asti421,"Finally harvested the watermelon that anchored itself into the fence.
Twas not a neat & easy task. A juicy, messy, delicious reward for months of (almost daily) work.  The damn squirrels (or something) dig in the pot almost daily, and it is a thirsty plant.
Pretty sure its a Crimson Sweet variety. 
Even the white part of the rind is sweet! I've never experienced anything like it. Best watermelon I've ever tasted.

~The chronicles of Farmer K-ron 🍉💦🤤",,13,,2025-09-14T04:17:28.000Z,1w
https://www.instagram.com/p/DNvYglOYuZL/,organicgardening,https://www.instagram.com/jamiesquiltingjq/,jamiesquiltingjq,"Gardening is putting a lot of effort with love and care.
All that is not only for the moment harvesting what you love but watching the progress every single day and moment.
Look!, what I created in this world!!
#amherstns #gardening #pugwashfarmersmarket #love #organicgardening #flowerfarmers #homestead","#amherstns,#gardening,#pugwashfarmersmarket,#love,#organicgardening,#flowerfarmers,#homestead",5,,2025-08-24T14:01:18.000Z,4w
https://www.instagram.com/p/DJPDgFXp187/,organicgardening,https://www.instagram.com/jaimiematzko/,jaimiematzko,"Look at my veggie garden so far y’all!! 🤩 

#victorygarden #growyourfood #organicgardening","#victorygarden,#growyourfood,#organicgardening",15,,2025-05-04T14:36:28.000Z,20w
https://www.instagram.com/p/DMgVdOYBscx/,organicgardening,https://www.instagram.com/katekendallreeb/,katekendallreeb,"Today’s tomato harvest - color me obsessed 🍅

#chefgarden #chegardener #organictomatoes #goorganic #organicgardening #tomatolover #tomatoporn #heirloomtomatoes #tomatoobssessed","#chefgarden,#chegardener,#organictomatoes,#goorganic,#organicgardening,#tomatolover,#tomatoporn,#heirloomtomatoes,#tomatoobssessed",21,,2025-07-24T21:14:38.000Z,8w
https://www.instagram.com/p/DKYIr8_plF9/,organicgardening,https://www.instagram.com/lavanyainthegarden/,lavanyainthegarden,"Ok pineberries, feel free to take over the back of the garden because you are delicious! #pineberry #organicgardening","#pineberry,#organicgardening",39,,2025-06-01T23:46:20.000Z,15w
https://www.instagram.com/p/DJo-zCYqbuH/,organicgardening,https://www.instagram.com/elmdirt/,elmdirt,What your blooms are really craving? Good old-fashioned organic matter—just like Grandma used before chemicals took over the garden. 🌸🌿 #OrganicGardening #FeedYourFlowersRight #ElmDirtTradition,"#OrganicGardening,#FeedYourFlowersRight,#ElmDirtTradition",3,,2025-05-14T16:15:47.000Z,18w
https://www.instagram.com/p/DOH2tn7lShQ/,organicgardening,https://www.instagram.com/trudykamai.livingwell/,trudykamai.livingwell,"🌿 Container Gardening Inspiration
You don’t need a big backyard to grow fresh veggies & herbs—containers work beautifully!

👉 Photo 1: Swiss chard, pepper, basil, chives & marigold thriving together 🪴
👉 Photo 2: Cucumber, basil & marigold sharing space in a smaller pot 🌼

💡 Tip: Pairing flowers like marigolds with vegetables not only looks pretty, but also helps with pest control.

🌱 Whether it’s a lanai, balcony, or patio—you can enjoy a garden harvest right at home. It’s simple, beautiful, and delicious!

✨ What’s growing in your containers right now?

🌺 Trudy Kamai | Living Well
Rooted in Wellness & Purpose 🌿

#ContainerGardening #organicgardening #SmallSpaceGarden #MililaniGardens #gardeninginhawaii #EdibleGarden #GrowYourOwnVeggies #LivingWellWithTrudy #GardenLife #HealthyLiving","#ContainerGardening,#organicgardening,#SmallSpaceGarden,#MililaniGardens,#gardeninginhawaii,#EdibleGarden,#GrowYourOwnVeggies,#LivingWellWithTrudy,#GardenLife,#HealthyLiving",11,,2025-09-03T02:07:00.000Z,2w
https://www.instagram.com/p/DHJAaRQSg4v/,organicgardening,https://www.instagram.com/jain_tapish/,jain_tapish,Fresh Harvest 🍅🍅🍅🍅🍅 #tomato #kitchengarden #terrace #terracegarden #tomatoes🍅 #vegetables #organicgardening #organicfarming,"#tomato,#kitchengarden,#terrace,#terracegarden,#tomatoes🍅,#vegetables,#organicgardening,#organicfarming",8,,2025-03-13T13:11:13.000Z,27w
https://www.instagram.com/p/DJpuZJpvT6h/,organicgardening,https://www.instagram.com/naturalscapes/,naturalscapes,First harvest of salad greens! #farmfresh #homegrown #homegarden #freshgrown #organicgardening #freshisbest #noplasticwaste,"#farmfresh,#homegrown,#homegarden,#freshgrown,#organicgardening,#freshisbest,#noplasticwaste",17,,2025-05-15T00:56:07.000Z,18w
https://www.instagram.com/p/DOWNezOE33d/,organicgardening,https://www.instagram.com/betterhomesharvests/,betterhomesharvests,"Grow your dream garden! 🌱 Organic Gardening Tool Sale at Better Homes & Harvests - Up to 40% Off! Shop now: betterhomesandharvests.com

#organicgardening #gardeningtools #sale #gardenlife #betterhomesandharvests #growyourown","#organicgardening,#gardeningtools,#sale,#gardenlife,#betterhomesandharvests,#growyourown",,,2025-09-08T15:55:29.000Z,1w
https://www.instagram.com/p/DNMI076S_xP/,organicgardening,https://www.instagram.com/munashorganics/,munashorganics,"It’s the frosty mornings and the sunshiny afternoons. 

The whisper of spring in the air.

The promise of longer days ahead.

You wander back out to the garden, cold hands wrapped around a warm coffee. The ground is still crisp, but buds are beginning to swell little sparks of life after the stillness of winter.

I love this moment of anticipation. The in between. Where the winter garden slowly begins to wake up, stretching towards the light.

And right now is the perfect time to give your flowers what they’ll need for the season ahead - a sprinkle of rockdust.

Rockdust is crushed volcanic rock, full of over 60 natural minerals. It feeds the soil, which in turn feeds your plants, helping them grow stronger, bloom brighter, and last longer.

Scatter it into your garden beds or pots now and let nature work her magic. Because healthy soil grows happy blooms 🌸🌿 

#springiscoming #soilhealth #healthysoilhappyplants #bloomsstartinthesoil #soilmagic #rockdust #gardentips #growwithnature #organicgardening #seasonofblooms #springgarden #soillove #naturalminerals #gardeningaustralia #soilnourishment #flowergarden #healthysoil","#springiscoming,#soilhealth,#healthysoilhappyplants,#bloomsstartinthesoil,#soilmagic,#rockdust,#gardentips,#growwithnature,#organicgardening,#seasonofblooms,#springgarden,#soillove,#naturalminerals,#gardeningaustralia,#soilnourishment,#flowergarden,#healthysoil",24,,2025-08-10T21:30:52.000Z,6w
https://www.instagram.com/p/DOYeYfhk02h/,organicgardening,https://www.instagram.com/organic_harvest/,organic_harvest,"🌱 Tuesday Tips
Want crisp, refreshing cucumbers all season long? Start by giving them what they love most—consistent moisture and healthy soil. Adding mulch around your cucumber plants helps lock in water, keep the soil cool, and reduce weeds that compete for nutrients. With just this simple step, you'll set the stage for juicy, abundant harvests. 🥒
#TuesdayTips #CucumberCare #MulchingMatters #OrganicGardening #HealthyHarvest #organicharvest","#TuesdayTips,#CucumberCare,#MulchingMatters,#OrganicGardening,#HealthyHarvest,#organicharvest",2,,2025-09-09T13:02:45.000Z,1w
https://www.instagram.com/p/DJUYC6NJv8L/,organicgardening,https://www.instagram.com/thewildfireweed/,thewildfireweed,"Leaf it to lettuce to be one of the easiest (and tastiest) greens to grow!
Swipe through this #VeggieMiniLesson for 3 crisp tips on growing lush, leafy greens in your garden!

Top Tips for Lettuce Lovers:

Keep it cool – Lettuce thrives in cool temps. Heat = bitter leaves + bolting drama!
Moisture matters – Consistent watering = sweet, tender leaves. Think fresh, not soggy.
Harvest smart – Snip outer leaves + let the center grow. More salads, less work!
Why grow from seed?
More variety, stronger roots, better adaptation to your soil—and it’s budget-friendly too. Seeds > store-bought starts!

Don’t miss out!
Check back tomorrow for your next veggie-growing tip—your garden’s glow-up continues!

#GrowYourOwn #LettuceGrow #LeafyGreens #HomeGarden #GardeningTips #OrganicGardening #GardenHack #SpringGarden #SeedStarting #EdibleGarden #UrbanGardening #SaladSeason #BackyardGardener","#VeggieMiniLesson,#GrowYourOwn,#LettuceGrow,#LeafyGreens,#HomeGarden,#GardeningTips,#OrganicGardening,#GardenHack,#SpringGarden,#SeedStarting,#EdibleGarden,#UrbanGardening,#SaladSeason,#BackyardGardener",4,,2025-05-06T16:12:11.000Z,19w
https://www.instagram.com/p/DIIAWRnTHZt/,organicgardening,https://www.instagram.com/seed2sanctuary/,seed2sanctuary,"Feel like you’re working way too hard for a small harvest? Let’s change that.

✨ 3 Ways to Boost Your Yield—Naturally!
🌿 Companion Planting—Certain plants help each other thrive (like basil + tomatoes).
🍂 Feed Your Soil—Use compost & organic matter for nutrient-rich dirt.
☀️ More Sun = More Growth—Make sure crops get 6-8 hours of sunlight daily.

What’s been your biggest garden struggle this season? Drop it below, and I’ll help you troubleshoot! 👇

#SeedToSanctuary
#GrowWithUs
#NatureHeals
#UrbanGardening
#SustainableLiving
#OrganicGardening
#PlantMoreWorryLess
#EcoWellness
#GardenSanctuary
#HealingThroughNature","#SeedToSanctuary,#GrowWithUs,#NatureHeals,#UrbanGardening,#SustainableLiving,#OrganicGardening,#PlantMoreWorryLess,#EcoWellness,#GardenSanctuary,#HealingThroughNature",13,,2025-04-07T00:22:51.000Z,23w
https://www.instagram.com/p/DNs8pwz2Joy/,organicgardening,https://www.instagram.com/brenda.pinedatwohie/,brenda.pinedatwohie,#organicgardening #organicfood #tomatoes #nature #farmtotable #contentcreator #ContentCreation #ContentMonetization,"#organicgardening,#organicfood,#tomatoes,#nature,#farmtotable,#contentcreator,#ContentCreation,#ContentMonetization",1,,2025-08-23T15:19:25.000Z,4w
https://www.instagram.com/p/DKhqQmRNj2F/,organicgardening,https://www.instagram.com/coastofmaineorganic/,coastofmaineorganic,"The Powerful Benefits of Organic Gardening: Healthier Minds, Wallets, and Plates!

In an age where many of us are seeking more sustainable, mindful ways of living, organic gardening has emerged as more than just a hobby, it’s a lifestyle. Whether you're nurturing a few tomato plants on a balcony or managing a backyard garden, organic gardening offers tangible benefits that stretch far beyond fresh produce. It’s a practice that enhances your well-being, reduces your grocery bill, and delivers food you can feel confident feeding your family.

Let’s dig into the top benefits in our latest blog. Find it through the link in our bio. 

#coastofmaineorganic #organicgardening #benfitsofgardening #metalhealth #gardeningforyourself #plantsomething","#coastofmaineorganic,#organicgardening,#benfitsofgardening,#metalhealth,#gardeningforyourself,#plantsomething",23,,2025-06-05T16:32:52.000Z,15w
https://www.instagram.com/p/DMabGNJv4TC/,organicgardening,https://www.instagram.com/gardeningfram/,gardeningfram,"♥️🥰👍
Credit: • medhansh_babu31
Follow @gardeningfram 
What is your favorite shirt⁠
💥 𝗦𝗛𝗢𝗣 𝗡𝗢𝗪 🔥𝗟𝗜𝗡𝗞 𝗜𝗡 𝗠𝗬 𝗕𝗜𝗢 👆🏻 𝗦𝗵𝗶𝗽𝗽𝗶𝗻𝗴 ✈️⁠

#gardening #organicgardening #gardeninglife #urbangardening #containergardening #gardeningtips #gardeningisfun #gardeningaustralia #gardeninglove #indoorgardening #gardeningismytherapy #homegardening #gardeningideas #thehappygardeninglife #lovegardening #gardeningislife #gardeninginspiration #gardening_love #epicgardening #happygardening #sustainablegardening 
#smallspacegardening #happygardeninglife #raisedbedgardening #pnwgardening #instagardening #greenhousegardening #terracegardening #landscapegardening #springgardening","#gardening,#organicgardening,#gardeninglife,#urbangardening,#containergardening,#gardeningtips,#gardeningisfun,#gardeningaustralia,#gardeninglove,#indoorgardening,#gardeningismytherapy,#homegardening,#gardeningideas,#thehappygardeninglife,#lovegardening,#gardeningislife,#gardeninginspiration,#gardening_love,#epicgardening,#happygardening,#sustainablegardening,#smallspacegardening,#happygardeninglife,#raisedbedgardening,#pnwgardening,#instagardening,#greenhousegardening,#terracegardening,#landscapegardening,#springgardening",643,,2025-07-22T14:08:28.000Z,8w
https://www.instagram.com/p/DJZKWEGxOcm/,organicgardening,https://www.instagram.com/joegardener/,joegardener,"It's true that a raised bed garden can come with more upfront costs than growing in the ground. But the long-term benefits? Totally worth it.

In this week’s podcast episode, I’m joined by Master Gardener and YouTuber @GardenerScott to dive into all things raised beds—from how to build them, what materials to use (and which to avoid), how to fill them with productive soil, and how to make them last for years to come. We also cover the pros and cons, what to consider before getting started, and how to set yourself up for success.

Scott literally wrote the book on it: Gardener Scott’s Guide to Raised Bed Gardening. If you’re thinking about starting a raised bed garden or just want to learn how to do it better, this episode is packed with practical tips.

Listen wherever you get your podcasts or at the link in my bio and check out the show notes with photos of Scott's garden at joegardener.com/podcast.

#joegardener #raisedbedgardening #gardeningpodcast #growyourownfood #ecologicalgardening #organicgardening #gardentips #gardendesign #vegetablegardening","#joegardener,#raisedbedgardening,#gardeningpodcast,#growyourownfood,#ecologicalgardening,#organicgardening,#gardentips,#gardendesign,#vegetablegardening",335,,2025-05-08T12:48:40.000Z,19w
https://www.instagram.com/p/DJwUwMKueKh/,organicgardening,https://www.instagram.com/promixgardening/,promixgardening,"Le jardinage, c’est bien plus qu’un passe-temps pour moi — c’est un vrai moment de connexion avec la nature, c’est un amour sincère où le temps ralentit 🤎🌾

Pour la 5e année de suite, j’ai choisi le terreau @PromixGardening pour légumes et fines herbes, et je vois déjà la différence : des plants vigoureux, une croissance saine, et surtout, une récolte prometteuse 🌱🍅🌸 Ce mélange biologique fabriqué au Québec est enrichi de la technologie Mycoactive, qui favoriser une croissance saine et vigoureuse 🌱🍅Il contient aussi un engrais organique qui nourrit progressivement pendant 3 mois et de la tourbe, pour un jardinage durable et respectueux.

On a décidé de refaire nos bacs de jardin car notre ancien était issu de vieilles planches - avec teinture donc pas le best - qu’on avait récupéré lors de notre chantier, quand on s’est construit. Nous les avons donc fabriqué nous-mêmes – on en voit 2 ici, mais plusieurs autres sont à venir au courant des prochaines semaines!

Après beaucoup de lectures (lire beauuuuuucoup), j’ai choisi du cèdre non teint pour mes jardins parce qu’il est naturellement résistant à la moisissure, aux insectes et à la pourriture — pas besoin de traitement chimique 🌱

Je vais vous en parler davantage au courant des prochaines semaines, en ce qui à trait au choix de compagnonnage de mes fruits & légumes par exemple, mais rapidement, je vous dresse une première liste de ce que j’ai et/ou je vais planter! 

Plusieurs variétés de tomates (& basilic sous mes tomates)
Concombre 🥒 
Romarin, romarin citronné, origan, thym, sauge, coriandre, basilic citronné, persil 🌿 
Carotte multicolores 🥕 
Plusieurs variété de laitue 🥬 
Radis 🫜 
Oignon 🧅 
Fraises 🍓 
Asperges 
Et j’ajoute des fleurs au travers pour la couleur et la pollinisation (oeillet d’Inde)!

Pub – #Promix #BringYourGardenToLife #OrganicGardening #MadeInCanada #Gardening #Garden #Flowers #Plants #Nature #Gardenlife #GrowYourOwn","#Promix,#BringYourGardenToLife,#OrganicGardening,#MadeInCanada,#Gardening,#Garden,#Flowers,#Plants,#Nature,#Gardenlife,#GrowYourOwn",,,2025-05-17T12:44:08.000Z,18w
https://www.instagram.com/p/DJ9Z87SRsZo/,organicgardening,https://www.instagram.com/mystic.sister/,mystic.sister,"Grow the Rainbow 🌈 🫑 🍅 🌽 🥕 

Harvest season is already here in zone 9a…
Lots of heirloom tomatoes, tomatillos + peppers ripening. This basket is from one afternoon this week!

Harvest is just step one. Next comes the alchemy 😉 I planted a dozen San Marzano and Roma tomato plants because my favourite thing to do each June is make Italian style tomato sauce 🤤 🇮🇹 🍅 
Who has a hot sauce recipe they love? Chili powder? This may be my last mega harvest of peppers (not sure they grow as well in Washington as they do in Texas lol) so I wanna do it up right. 🌶️ 🔥 

Planning to make a muscle balm with the Cayenne and of course, my super popular Hot Honey will hit my website in the next week or two! 🍯 

#harvestseason #zone9a #texasgardening #heirloomtomatoes #organicgardening #alwaysonmymind 
258","#harvestseason,#zone9a,#texasgardening,#heirloomtomatoes,#organicgardening,#alwaysonmymind",,,2025-05-22T15:13:35.000Z,17w
https://www.instagram.com/p/DL0RfezICXA/,organicgardening,https://www.instagram.com/subuadina/,subuadina,"O mângâiere înainte de devorare 🤤

#inmygardentoday #gardenlife #gardenlover #growyourownfood #organicgardening #gardeningismytherapy #gardeningisfun #countrylife #countryliving #viatalatara #viatalasat #dingradina","#inmygardentoday,#gardenlife,#gardenlover,#growyourownfood,#organicgardening,#gardeningismytherapy,#gardeningisfun,#countrylife,#countryliving,#viatalatara,#viatalasat,#dingradina",41,,2025-07-07T18:33:25.000Z,10w
https://www.instagram.com/p/DKUWQVoOVuF/,organicgardening,https://www.instagram.com/dogpatch_urban_gardens/,dogpatch_urban_gardens,"Garden update at our new home:

- Greenhouse frame is built
- Garden shed is organized and in use
- Half of our @vego_garden raised beds are in place and ready to fill
- Hard scaped patio/fire pit is almost complete
- Fence install has begun
- Fruit trees are planted
- 15 trees planted and working on landscaping

On deck:
- Run electrical
- Add water line
- Finish fence
- Finish grading and shape permanent in ground beds
- PLANT (we will plant cover crops as soon as things are ready)

#dogpatchurbangardens #garden #gardening #homegarden #homestead #homesteading #growfoodnotlawns #growfood #organicgardening #organic","#dogpatchurbangardens,#garden,#gardening,#homegarden,#homestead,#homesteading,#growfoodnotlawns,#growfood,#organicgardening,#organic",56,,2025-05-31T12:27:57.000Z,16w
https://www.instagram.com/p/DITw__jppNz/,organicgardening,https://www.instagram.com/islandcrofter/,islandcrofter,"We try to do a few hours on the Croft every day and it’s starting to pay dividends. Three of the beds are filled and planted (potatoes, rhubarb and kale) with some old insect mesh over them to protect them from the cats digging. The polycrub is full of seedlings that will be ready to go out over the next four weeks, so we need to get on and fill the other six..#Croft #crofting #growyourownvegetables #organicgardening #raisedbedsgardening #raisedbeds","#Croft,#crofting,#growyourownvegetables,#organicgardening,#raisedbedsgardening,#raisedbeds",112,,2025-04-11T20:48:38.000Z,23w
https://www.instagram.com/p/DLu9VjAS_ZG/,organicgardening,https://www.instagram.com/farmscape/,farmscape,"A garden is only as good as the care it receives. That’s why we don’t just plant, we also maintain. 🌿👩‍🌾

Our clients don’t lift a finger if they don’t want to - we handle it all. From seasonal planting to weekly harvesting, we keep your Farmscape thriving year-round.

✅ Weekly visits from our expert farmers
✅ Seasonal crop planning + transitions
✅ Harvesting, composting, pest control & more
✅ Garden reports delivered straight to your inbox

Whether you’re growing tomatoes in your backyard, herbs on your rooftop, or seasonal crops for the whole neighborhood, our maintenance team ensures your garden stays vibrant, productive, and beautiful.

📦 Bonus: You get fresh produce without ever getting your hands dirty.

🔗 Tap the link in bio to see how Farmscape maintenance works and schedule your own harvest-to-table garden care.",,23,,2025-07-05T17:01:07.000Z,11w
https://www.instagram.com/p/DK4sV5Ax5ZW/,organicgardening,https://www.instagram.com/windycindy1/,windycindy1,"About half the garlic leaves were dry, so I harvested the garlic yesterday and replanted the beds with summer crops (pole beans, cantaloupe, and spaghetti squash). It's earlier than usual, but the recent hot weather caused it to dry out. The harvest was much better this year than last year. 

Usually, I hang it to dry, but I decided to try spreading it out on my now-empty plant shelves. If there's rain in the forecast, I'll move it to my garden shed, where I usually hang it to dry.

Since I'm still eating garlic from last year's harvest, I will share some of this garlic with my community.

1. The Nootka rose garlic that I've been growing for four years. I'll save the biggest bulbs for planting around November.

2. The Arpakalen garlic that grew from one bulb that a friend gave me. These produced early scapes and large bulbs. Again, I'll save the biggest bulbs for replanting. Also, I saved one Bolivian garlic bulb from the same friend for planting.

#garlicharvest #gardening
#garlic #nootkarosegarlic #arpakalengarlic #organicgardening #communitygarden #seniorgarden #sharefood","#garlicharvest,#gardening,#garlic,#nootkarosegarlic,#arpakalengarlic,#organicgardening,#communitygarden,#seniorgarden,#sharefood",6,,2025-06-14T15:13:36.000Z,14w
https://www.instagram.com/p/DMvOT58pWmf/,organicgardening,https://www.instagram.com/pharmunique/,pharmunique,"Fall gardening hits different. 🍂 

Fewer pests. Sweeter greens. And your soil? It gets better too.

If you’re in Zones 7–10, this post is for you! I’m breaking down 5 powerhouse crops to grow this season, how to plant, what to pair them with, and how to get the most out of every square foot (or container!).

Collards, kale, cabbage, garlic, and onions, all cool-weather champs ready to fill your garden and your kitchen.

➡️ Swipe through the full guide and save this post for your next planting session!

📬 And don’t forget, sign up for the newsletter via the link in bio to get monthly tips, checklists, and more fall garden wisdom straight to your inbox.

#FallGardening #GrowYourOwnFood #CoolSeasonCrops #SustainableLiving #GardenTips #OrganicGardening #Zone9b #Zone10a #FloridaGardening #BlackGirlsGardening #BlackGirlsWhoGarden #ContainerGardening #BackyardGarden #GardenPlanning #Gardening101 #HomeGarden #EdibleGarden #GardenHacks #UrbanGardening","#FallGardening,#GrowYourOwnFood,#CoolSeasonCrops,#SustainableLiving,#GardenTips,#OrganicGardening,#Zone9b,#Zone10a,#FloridaGardening,#BlackGirlsGardening,#BlackGirlsWhoGarden,#ContainerGardening,#BackyardGarden,#GardenPlanning,#Gardening101,#HomeGarden,#EdibleGarden,#GardenHacks,#UrbanGardening",792,,2025-07-30T16:16:09.000Z,7w
https://www.instagram.com/p/DIeKtSbuG-t/,organicgardening,https://www.instagram.com/gardeninggreeks/,gardeninggreeks,"🪴 The weather is nice today, so I’m going to start *hardening off our little plants. We’ve forgotten to water them a few times, so they are a little smaller this year than maybe in some years past, but that’s okay! So long as they live long enough to eventually get them into the ground. Not sure where we are going to put them all, but I’m sure we’ll find room somewhere! 😂

*Hardening off is the process of getting your plants acclimated to the sun and outdoors before planting them in the ground. Ours have been in the garage under lamps since late February or early March, so they aren’t used to such intense direct sunlight. 
🌱 Well little plant babies, it’s time to shed that protection and slowly get used to the idea of living outside! I’ll do this each day, starting with around 2 hours today on the porch, and I’ll slowly increase the amount of time the plants stay outside, until it’s finally time to plant them in the ground! 🤗

How are your plants doing?

.
.
.
.
.
.
.
#backyardgarden #backyardgardener #backyardgardening #gardensofinstagram #gardenblogger #homegrown #homegrownfood #herbgarden #showusyourgarden #locallygrown #gardenersofinstagram #backyardharvest #ediblegarden #gardeninspiration #gardeningtips #tennesseegardening #tennesseegardener #vegetablegarden  #raisedbedgarden #organicgardening #mygardenlife #amateurgardener 
#gardeningismytherapy #growyourownfood #zone7a #veggiepatch #flowergarden","#backyardgarden,#backyardgardener,#backyardgardening,#gardensofinstagram,#gardenblogger,#homegrown,#homegrownfood,#herbgarden,#showusyourgarden,#locallygrown,#gardenersofinstagram,#backyardharvest,#ediblegarden,#gardeninspiration,#gardeningtips,#tennesseegardening,#tennesseegardener,#vegetablegarden,#raisedbedgarden,#organicgardening,#mygardenlife,#amateurgardener,#gardeningismytherapy,#growyourownfood,#zone7a,#veggiepatch,#flowergarden",23,,2025-04-15T14:56:38.000Z,22w
https://www.instagram.com/p/DOtYA_TiGx-/,organicgardening,https://www.instagram.com/potagervilleetcampagne/,potagervilleetcampagne,"La chaleur est de retour.. 
Ville

♤ on sort à nouveau les protections pour les haricots grimpants, les choux. Photo 1

♡ repiquage de salade laitues admiral et  pieds de blettes (semis 31 juillet) photo 2

◇ les autres semis chou kale rouge, vert, chou cœur de bœuf restent à l'ombre en attendant des températures plus fraîches. Photo 3

♧ semis oignon blanc, rouge et encore chou cœur de bœuf  et repiquage des salades 4 saisons. Photo 4

☆ le lierre en fleurs bourdonne de plaisir 🪰🐝 photo 5

Bonne soirée les potagistes 👋 

#potagergarden  #permaculture #autonomiealimentaire 
#permaculturegarden #vegetablegarden  #lovegardeners #ecologicalgardening  #harvest #potagerbio #gardenlife  #vivrealacampagne  
#slowlife #jardinecologique #legumesdesaison #organicgardening 
#perma #viesimple #instagarden #serre  #lovegardening #mygarden
#potagervilleetcampagne #panierdujour
#inthegardentoday #jardinpotager #recoltedujour #delagrainealassiette","#potagergarden,#permaculture,#autonomiealimentaire,#permaculturegarden,#vegetablegarden,#lovegardeners,#ecologicalgardening,#harvest,#potagerbio,#gardenlife,#vivrealacampagne,#slowlife,#jardinecologique,#legumesdesaison,#organicgardening,#perma,#viesimple,#instagarden,#serre,#lovegardening,#mygarden,#potagervilleetcampagne,#panierdujour,#inthegardentoday,#jardinpotager,#recoltedujour,#delagrainealassiette",41,,2025-09-17T15:49:55.000Z,4d
https://www.instagram.com/p/DJb5LP_AlNT/,organicgardening,https://www.instagram.com/amy_lynn213/,amy_lynn213,"This head of lettuce was almost too pretty to harvest!  This is the best time of year; lots growing and lots left to plant.  And everything started from seed.
#gardening #organicgardening #springgarden","#gardening,#organicgardening,#springgarden",24,,2025-05-09T14:16:22.000Z,19w
https://www.instagram.com/p/DLASWHXzOPB/,organicgardening,https://www.instagram.com/portageviewfarm/,portageviewfarm,"You can keep your garden growing through summer… and even into fall.
But only if you know what to do next. 👀

And you’re probably thinking:
“Jordyn… it’s only JUNE. My spring garden just started taking off — why are you already talking about fall?”

💬 I get it. I said the same thing just a few years ago.

But here’s the truth:
🌱 You need to start your fall seeds in early July if you want anything to harvest come September.

Because by the time fall hits, your crops need to be established — not just sprouting.
Once that first frost comes, those baby plants won’t stand a chance.

That means the best time to prep for fall?
👉🏼 Is right now.

And that’s exactly what I teach you inside Grow the Distance — our step-by-step masterclass that walks you through:

☀️ What to replant after harvesting
📆 How to calculate your frost dates
🌿 What crops still thrive in late summer

You don’t need more Pinterest boards or half-finished plans.
You need a system that shows you what to do next. And that’s what this class delivers.

📩 Comment GROW and I’ll send the link your way — you’re ready. Let’s get it planted!

.
.
.

#summergarden #fallgardenprep #gardeningtips #successionplanting #growthedistance #gardenplanning #selfsufficiency #intentionalgardening #organicgardening #beginnergardener #modernhomesteaders #homegrownfood #gardeningclass #gardenlife #gardenmaintenance","#summergarden,#fallgardenprep,#gardeningtips,#successionplanting,#growthedistance,#gardenplanning,#selfsufficiency,#intentionalgardening,#organicgardening,#beginnergardener,#modernhomesteaders,#homegrownfood,#gardeningclass,#gardenlife,#gardenmaintenance",87,,2025-06-17T14:00:08.000Z,13w
https://www.instagram.com/p/DMMnYGZIruf/,organicgardening,https://www.instagram.com/luckythomasholmes/,luckythomasholmes,"Gardening is cheaper than therapy 😌 
-
-
-
You have to believe in yourself when no one else does (Serena Williams)
-
-
🫜 Homegrown beetroot pickled with apple cider vinegar 
-
#allotment #allotmentlife #growyourown #gardening #allotmentuk #growyourownfood #allotmentgarden #garden #allotmentlove #homegrown #kitchengarden #vegetablegarden #allotmentsofinstagram #gyo #organicgardening #allotments #organic #vegetables #ediblegarden #moestuin #nodig #eatwhatyougrow #vegpatch #flowers #nature #gardener #veggiegarden #potager #growwhatyoueat #gardenlife","#allotment,#allotmentlife,#growyourown,#gardening,#allotmentuk,#growyourownfood,#allotmentgarden,#garden,#allotmentlove,#homegrown,#kitchengarden,#vegetablegarden,#allotmentsofinstagram,#gyo,#organicgardening,#allotments,#organic,#vegetables,#ediblegarden,#moestuin,#nodig,#eatwhatyougrow,#vegpatch,#flowers,#nature,#gardener,#veggiegarden,#potager,#growwhatyoueat,#gardenlife",5,,2025-07-17T05:26:26.000Z,9w
https://www.instagram.com/p/DL-2WtIhwq8/,organicgardening,https://www.instagram.com/lawrence_truthseeker/,lawrence_truthseeker,"Cured and trimmed my garlic for storing, tomatoes and cucumbers coming in strong 💚🧄🧄🧄🥒🍅 #theeternalgarden #harveysgarden #growing #harvesting #organic #garlic #tomatoes #cucumbers #backyardgarden #backyardgardening #garden #organicgardening #gardeninspiration #gardener #gardenersworld #healthy #nutrition","#theeternalgarden,#harveysgarden,#growing,#harvesting,#organic,#garlic,#tomatoes,#cucumbers,#backyardgarden,#backyardgardening,#garden,#organicgardening,#gardeninspiration,#gardener,#gardenersworld,#healthy,#nutrition",6,,2025-07-11T21:07:56.000Z,10w
https://www.instagram.com/p/DLVT9R_OxpQ/,organicgardening,https://www.instagram.com/morenaj01/,morenaj01,"""THERE AIN'T NOTHING BETTER IN LIFE THAN
TRUE LOVE AND A
HOMEGROWN TOMATO.""
#backyardgarden #organicgardening morenaj01","#backyardgarden,#organicgardening",2,,2025-06-25T17:58:29.000Z,12w
https://www.instagram.com/p/DOIuQL_j8kA/,organicgardening,https://www.instagram.com/saucedgardens/,saucedgardens,"DISCLAIMER: there’s a boo boo on Slide 6!!! Apples and pear trees have the same type of fertilising needs, hence why it says Apple Trees and Pear Trees 🤦‍♀️ 

FRUIT TREE MAINTENANCE - SEPTEMBER

Aaarrrgghhh - it’s time to get busy with your fruit trees!

Not in a messed up kind of way 😏 in a loving, caring, give me more fruit this growing season kind of way! 

Spring (and especially early spring) is a pivotal time to FEED your fruit trees - practically all of them. It takes a huge amount of energy for a tree to produce fruit and feeding them at the right time of the year is essential to giving them that energy boost when they need it the most.

These few pointers should help you get a handle on feeding the most common fruit trees that are found in urban backyards and orchards. 

If you’d like a more comprehensive guide to year round care of one of your fruit trees, comment below with the type of tree you need help with!

#allotmentgarden #backyardgardening #containergarden #ediblegarden #fruittree #gardeninginspiration #homegarden #kitchengardening #learntogrow #naturalfood #organicgardening #orchard #raisedbeds #suburbangarden #urbangardener #vegetablegardening","#allotmentgarden,#backyardgardening,#containergarden,#ediblegarden,#fruittree,#gardeninginspiration,#homegarden,#kitchengardening,#learntogrow,#naturalfood,#organicgardening,#orchard,#raisedbeds,#suburbangarden,#urbangardener,#vegetablegardening",55,,2025-09-03T10:15:32.000Z,2w
https://www.instagram.com/p/DNTKf8CyM34/,organicgardening,https://www.instagram.com/plantvigyan/,plantvigyan,Some organic fertilisers for terrace garden #rooftop #balconygarden #organicgardening,"#rooftop,#balconygarden,#organicgardening",,,2025-08-13T15:00:11.000Z,5w
https://www.instagram.com/p/DHKD1aWOoSk/,organicgardening,https://www.instagram.com/stevie_funfur/,stevie_funfur,"📺🌱NEW GROW-ROOM VIDEO LIVE ON YOUTUBE RIGHT NOW!! (7pm Thursdays 🕖)

🔗 LINK IN BIO ⬆️ 

🌱🥕🍅🥬🍆🫘 I’ve been growing organic food in my gardens for many years and have TONNES of valuable information to share with you about the process! This video will teach you everything you need to know about germinating seeds and starting new plants from scratch for your vegetable garden. (Or your flower garden!) 🌿🌶🥦🌽🥔🍎
 
‼️ Over 1 HOUR of seed starting tips and tricks and practical advice for growing vegetables from an experienced gardener that’s been starting home-saved seeds for many, many years!

⚠️⏰ *If you’re in Canada Gardening Zones 4 or above it’s time to GET GROWING for the 2025 Gardening Season!! 🌱💥
 
📺 SUBSCRIBE on YouTube and STAY TUNED for more outdoor adventures, hunting, fishing, foraging, organic gardening, home cooking and DIY videos EVERY THURSDAY AT 7PM! (EST) 🤘
 
#seedstarting #seedsaving #seedlings #vegetables #vegetablegarden #organicgardening #growyourownfood #selfreliance #homesteading","#seedstarting,#seedsaving,#seedlings,#vegetables,#vegetablegarden,#organicgardening,#growyourownfood,#selfreliance,#homesteading",,,2025-03-13T23:00:03.000Z,27w
https://www.instagram.com/p/DOoraDRj4uQ/,organicgardening,https://www.instagram.com/effectivemicroorganismsnz/,effectivemicroorganismsnz,"🍂 Autumn Gardening Made Simple

As the season shifts, your soil and plants need extra support. 

The EMNZ Garden+ Range is designed to:
✔ Recharge soils with Healthy Soil+ & Humic+
✔ Feed autumn veggies with Organic Plant Food+ & Amino+
✔ Turn fallen leaves into compost with Compost Boost+ & EM1
✔ Strengthen plants before winter with Silicon+ & Fulvic+

Every product is enriched with Effective Microorganisms™ (EM™), the natural way to boost soil biology, protect plants, and build resilience.

🌱 Work with nature this autumn and set your garden up for success year-round.

Explore the full Garden+ Range at emnz.com

#autumngardening 
#soilhealth 
#organicgardening 
#sustainablegardening 
#gardenNZ 
#healthysoil","#autumngardening,#soilhealth,#organicgardening,#sustainablegardening,#gardenNZ,#healthysoil",2,,2025-09-15T20:03:15.000Z,6d
https://www.instagram.com/p/DIdEWMyR07u/,organicgardening,https://www.instagram.com/malibucomposter/,malibucomposter,"SEATTLE WASHINGTON 👀 Tuesday April 15th at 5pm 🤩The BU Tour is back in Seattle with Randy’s class - REAL Organic Gardening for Spring @urbanfeedandgarden 🚀🚨💥 Join this fun, informative and interactive class at one of the coolest spots ever 💯 Bring a friend and learn about the microbial wonders of compost tea ☕️🫖💚 and how good  clean compost can change your gardening world 🙏🐄🚜❤️🌟 #seattle #urbanfeedandgarden #seattlegarden #seattlewa #organicgardeningtips #organicgardening #garden #gardeningclass #composttea #healthysoil #grow #realorganic #growrealorganic #realorganicfood #instagardeners #soilmicrobes #organicfood #healthyfood #healthygarden #gardeningtips #gardeninspiration #nofauxorganic #tuesday","#seattle,#urbanfeedandgarden,#seattlegarden,#seattlewa,#organicgardeningtips,#organicgardening,#garden,#gardeningclass,#composttea,#healthysoil,#grow,#realorganic,#growrealorganic,#realorganicfood,#instagardeners,#soilmicrobes,#organicfood,#healthyfood,#healthygarden,#gardeningtips,#gardeninspiration,#nofauxorganic,#tuesday",20,,2025-04-15T04:41:50.000Z,22w
https://www.instagram.com/p/DG4JKl5y5ln/,organicgardening,https://www.instagram.com/thegardenbarberaustralia/,thegardenbarberaustralia,Organic is safe for your family and pets! #organicgardening #brisbanegardens,"#organicgardening,#brisbanegardens",2,,2025-03-07T00:00:02.000Z,28w
https://www.instagram.com/p/DM8meeAT8_5/,organicgardening,https://www.instagram.com/organorepublic/,organorepublic,"New to gardening? Start with these 4 beginner-friendly seeds.
Easy to grow. Non-GMO. Delicious results 🥕🌿🥬
No guesswork - just real, reliable crops.

🛒 All seeds available now at Organo Republic

#growyourownfood #backyardgarden #organicgardening #nongmoseeds #gardeningforbeginners #urbangarden #raisedbedgarden #gardeningseason #organorepublic","#growyourownfood,#backyardgarden,#organicgardening,#nongmoseeds,#gardeningforbeginners,#urbangarden,#raisedbedgarden,#gardeningseason,#organorepublic",,,2025-08-04T20:42:06.000Z,6w
https://www.instagram.com/p/DJPkNukR9Vc/,organicgardening,https://www.instagram.com/inregister/,inregister,"Thanks @inregister and @rbbourgeois for the honor of being in your incredible magazine and having the privilege to share about how amazingly fun it is to be in a garden with the littlest ones in our lives!  Click the link in my bio for the full article!  I have loved every minute over the past few years in the garden with this little one!🩷

#urbangardening #raisedbedkitchengardens 
#getoutside #gardeninglove #gardeningismytherapy #peace #gardeningisgoodforthesoul #batonrougegardens #zone9a #louisianagardener #companionplanting #kidsgardening #organicgardening","#urbangardening,#raisedbedkitchengardens,#getoutside,#gardeninglove,#gardeningismytherapy,#peace,#gardeningisgoodforthesoul,#batonrougegardens,#zone9a,#louisianagardener,#companionplanting,#kidsgardening,#organicgardening",523,,2025-05-04T19:52:01.000Z,20w
https://www.instagram.com/p/DKtFHJEx_Qs/,organicgardening,https://www.instagram.com/regina.henderson.92/,regina.henderson.92,"You can take the boy out of the country, but you can’t take the country out of the boy.. 🍎🍏🍆🥬🥒🥕🫑

#HendoGardens #GeorgiaBoy #CountryBoy #Gardener #GardenLife #OrganicLiving #OrganicGardening #OrganicFarming #NonGMO #GrowYourOwn","#HendoGardens,#GeorgiaBoy,#CountryBoy,#Gardener,#GardenLife,#OrganicLiving,#OrganicGardening,#OrganicFarming,#NonGMO,#GrowYourOwn",316,,2025-06-10T02:59:08.000Z,14w
https://www.instagram.com/p/DNG9wakMK9b/,organicgardening,https://www.instagram.com/sandzwoodgardening/,sandzwoodgardening,"Back in the kitchen garden after a beautiful summer away in Asia — I’ve missed this space so much. First harvest back: a basket full of passion fruit, tomatoes, Victoria plums, courgettes, peppers and beetroot. The garden has been quietly thriving in my absence — such a joy to return to this abundance. 🌿🍅💜

Happy gardening 💚

#harvest  #raisedbeds #kitchengarden #organicgardening #growyourownfood  #happygardening #happygardener  #gardening  #vegetablegarden","#harvest,#raisedbeds,#kitchengarden,#organicgardening,#growyourownfood,#happygardening,#happygardener,#gardening,#vegetablegarden",34,,2025-08-08T21:17:54.000Z,6w
https://www.instagram.com/p/DN-jhqijM1-/,organicgardening,https://www.instagram.com/garten_saien/,garten_saien,"夏野菜の収穫。Sommergemüse Ernte.

#家庭菜園#畑のある暮らし #野菜畑#無農薬野菜#夏野菜#旬の野菜 #ドイツの暮らし #garten #sommergemüse #ernte #biogarten #biogemüse #organicgardening #hobbygärtner #vegetablegarden #vegetables #gemüseanbau #summervegetables #かごのある暮らし #korbliebe","#家庭菜園,#畑のある暮らし,#野菜畑,#無農薬野菜,#夏野菜,#旬の野菜,#ドイツの暮らし,#garten,#sommergemüse,#ernte,#biogarten,#biogemüse,#organicgardening,#hobbygärtner,#vegetablegarden,#vegetables,#gemüseanbau,#summervegetables,#かごのある暮らし,#korbliebe",122,,2025-08-30T11:26:11.000Z,3w
https://www.instagram.com/p/DOQ7Pdnjmtu/,organicgardening,https://www.instagram.com/boyntonacres/,boyntonacres,"I swear I planted less tomatoes this year 🤦🏻‍♀️

#garden #organicgardening #closedloopgardening #heirloomseeds #grownfromseed #homegrown #gardening #seedsaving #veggiegarden #harvest #gardenbounty #heirloomtomatoes  #organictomatoes #homegrowntomatoes","#garden,#organicgardening,#closedloopgardening,#heirloomseeds,#grownfromseed,#homegrown,#gardening,#seedsaving,#veggiegarden,#harvest,#gardenbounty,#heirloomtomatoes,#organictomatoes,#homegrowntomatoes",21,,2025-09-06T14:39:44.000Z,2w
https://www.instagram.com/p/DKczZV5zKKT/,organicgardening,https://www.instagram.com/my_humble_garden/,my_humble_garden,"It’s starting to feel like summer. Today’s harvest

Tomato varieties shown are:

Goose Creek
Amethyst Jewel
Black Cherry
Datterini Marchetti
Ruby Slippers

#tomatotuesday #grownfromseed #vegetablegarden #growyourownfood #socalgardener #socalgardening #gardennewbie #newgardener #organicgardening #urbangardening #smallspacegardening #containergardening #backyardgarden #veggiegarden #zone10a #zone10 #newgardener #losangelesgarden #gardensofinstagram #pottedgarden #gardenlife #gardeningismytherapy #gardeninginspiration","#tomatotuesday,#grownfromseed,#vegetablegarden,#growyourownfood,#socalgardener,#socalgardening,#gardennewbie,#newgardener,#organicgardening,#urbangardening,#smallspacegardening,#containergardening,#backyardgarden,#veggiegarden,#zone10a,#zone10,#newgardener,#losangelesgarden,#gardensofinstagram,#pottedgarden,#gardenlife,#gardeningismytherapy,#gardeninginspiration",151,,2025-06-04T03:15:13.000Z,15w
https://www.instagram.com/p/DLTW8M3zFjS/,organicgardening,https://www.instagram.com/our_40_acre_life/,our_40_acre_life,"Let’s talk water 💧… because it’s not just how much, but how and when that matters.

In our Queensland climate, watering smart makes all the difference, not just for plant health, but for saving time and avoiding disease.

Here are a few simple tips that work in our subtropical gardens! 

☀️ Water early in the morning, before the heat kicks in. It gives plants time to soak it up before the sun gets too strong, and helps prevent fungal problems that come from damp overnight leaves.

🌿 Water the soil, not the leaves, aim low and slow. Drippers, soaker hoses, or a watering can right at the base are perfect. Wet leaves and humidity is the perfect storm for disease.

🪴 Mulch makes all the difference,  it keeps moisture in the soil longer, reduces how often you need to water, and helps regulate soil temps too.

💧 Deep and less often is better than a daily sprinkle, encourage strong roots by giving the soil a good soak, rather than just wetting the surface. And check.. make sure that soil is nice and wet under the mulch! 

Every garden is a little different, but understanding how water works with your soil, mulch, plants and climate can make all the difference.

We’re on rainwater here, and we top up the garden tank from the dam when needed, so every drop counts. 🌧️💧

#waterwisely
#gardenwatering
#subtropicalgarden
#rainwaterharvesting
#damwater
#everydropcounts
#gardeningaustralia
#organicgardening
#backyardgarden
#mulchmatters
#gardenirrigation
#sustainablegardening
#kitchengarden
#gardenhacks
#homegrownlife
#soilhealth
#deepwatering
#morningwatering
#gardenmaintenance
#growyourown","#waterwisely,#gardenwatering,#subtropicalgarden,#rainwaterharvesting,#damwater,#everydropcounts,#gardeningaustralia,#organicgardening,#backyardgarden,#mulchmatters,#gardenirrigation,#sustainablegardening,#kitchengarden,#gardenhacks,#homegrownlife,#soilhealth,#deepwatering,#morningwatering,#gardenmaintenance,#growyourown",19,,2025-06-24T23:46:04.000Z,12w
https://www.instagram.com/p/DLfjSyUPpSg/,organicgardening,https://www.instagram.com/nursegardener/,nursegardener,"I was out of the country and away from home for a couple weeks. I came back to this! This doesn’t  include a couple of large tomatoes my hubby picked while I was away. This also doesn’t include the gallon size container of tomatillos I originally harvested. I planted three tomatillo plants and they are super productive. Can’t wait to make salsa verde this week. It’s always exciting when the first tomato harvest comes in.
#tomatoes #tomatillos #nursegardener #organic #organicgardening #socalgarden #zone10a #cherokeepurple","#tomatoes,#tomatillos,#nursegardener,#organic,#organicgardening,#socalgarden,#zone10a,#cherokeepurple",17,,2025-06-29T17:24:54.000Z,12w
https://www.instagram.com/p/DHq4TtisL2Q/,organicgardening,https://www.instagram.com/ghcommunitygarden/,ghcommunitygarden,"Is there any thing finer than to be in garden on a warm spring day?? It was a busy day full of seed sowing and sorting and we had our volunteer  meeting and our spring garden walkabout. The bees are out, buds are bursting and the blossom tells us that life is beautiful. I didn't get any pics of that but here's Charlotte getting in the pond for a watercress harvest, our beautiful forced rhubarb and Angie going at one of our last stored squash with newly sharpened axe. All fine and excellent things 😊😊😊

#growingforwellbeing #growingtogether #allotments #communitygardens #organicgardening","#growingforwellbeing,#growingtogether,#allotments,#communitygardens,#organicgardening",17,,2025-03-26T16:54:36.000Z,25w
https://www.instagram.com/p/DIgzFdbtmoN/,organicgardening,https://www.instagram.com/tdeplume/,tdeplume,"From Garden to Table
We were able to beat the heat this year and harvest Snow Peas, one of our favorites from the garden. Hubby likes them raw and I always catch him helping himself from the vine! I like them both ways. 
Snow Peas lend themselves to a multitude of dishes like this one incorporating Chicken sautéed  in garlic butter with snow peas and sundried tomatoes over orzo. 😋 
It's hard to beat fresh from the garden! 

#snowpeas #gardenfresh  #goodeating #beattheheat #organicgardening #containergardening #backyardgarden #gardennerdery","#snowpeas,#gardenfresh,#goodeating,#beattheheat,#organicgardening,#containergardening,#backyardgarden,#gardennerdery",7,,2025-04-16T15:27:58.000Z,22w
https://www.instagram.com/p/DNByleWTN8p/,organicgardening,https://www.instagram.com/wildnaturegurl/,wildnaturegurl,"My first time growing Brocolli successfully ❤️ 
#organicbroccoli #vegetableharvest #organicgardening #homesteading #bccanada","#organicbroccoli,#vegetableharvest,#organicgardening,#homesteading,#bccanada",14,,2025-08-06T21:04:07.000Z,6w
https://www.instagram.com/p/DN9ehnrDmhI/,organicgardening,https://www.instagram.com/debrahbures/,debrahbures,A picture perfect day in the garden.  #pictureperfect #organic #organicgardening #organicgarden #organicgardener #sunflowers,"#pictureperfect,#organic,#organicgardening,#organicgarden,#organicgardener,#sunflowers",7,,2025-08-30T01:23:15.000Z,3w
https://www.instagram.com/p/DMSZ5qxMrOh/,organicgardening,https://www.instagram.com/quiteoutdoorsy/,quiteoutdoorsy,Garden is looking lush right now - I love this time of year when all that hard work in spring pays off! #vegetablegardening #vegetablegarden #organicgardener #organicgardening #organicgarden #organicgardener #scottishgarden #scottishgardener,"#vegetablegardening,#vegetablegarden,#organicgardener,#organicgardening,#organicgarden,#organicgardener,#scottishgarden,#scottishgardener",23,,2025-07-19T11:24:06.000Z,9w
https://www.instagram.com/p/DKo9yf1sSW7/,organicgardening,https://www.instagram.com/ght_73/,ght_73,"First garlic of the year, nice fat bulbs 😍 Conditions had been perfect until the recent rain, time to start pulling it up! 🧄🙌✨️ #organicgardening #garlicfarm","#organicgardening,#garlicfarm",13,,2025-06-08T12:38:12.000Z,15w
https://www.instagram.com/p/DOTTU_riOC_/,organicgardening,https://www.instagram.com/kasesalumahetalu/,kasesalumahetalu,"🤍

#kasesalumahetalu #saaremaa #organic #organicfarming #thehappygardeninglife #gardeninglife #gardenlove #eco #ecofarm #ecofarming #ecofood #ecofolks #purefood #visitestonia #visitsaaremaa #growyourown #gardenersofinstagram #localfood #eelistaeestimaist #eelistakodumaist #eelistakohalikku #organicgardening #ediblegarden #grow #mygardentoday #ehtnesaaremaa #bio #foodie #tomato #tomatoes 

@visit_saaremaa @visitestonia @saaremaatoidufestival @ehtnesaaremaa","#kasesalumahetalu,#saaremaa,#organic,#organicfarming,#thehappygardeninglife,#gardeninglife,#gardenlove,#eco,#ecofarm,#ecofarming,#ecofood,#ecofolks,#purefood,#visitestonia,#visitsaaremaa,#growyourown,#gardenersofinstagram,#localfood,#eelistaeestimaist,#eelistakodumaist,#eelistakohalikku,#organicgardening,#ediblegarden,#grow,#mygardentoday,#ehtnesaaremaa,#bio,#foodie,#tomato,#tomatoes",34,,2025-09-07T12:50:27.000Z,2w
https://www.instagram.com/p/DOHB1nxDOYP/,organicgardening,https://www.instagram.com/abundantgreenhre/,abundantgreenhre,"Don't just grow a plant—grow a whole pantry of flavor and medicine! 🌱✨ Organically grown fennel is the ultimate garden-to-table superstar because every part is edible and packed with benefits:

• Bulb: Crisp, sweet, and an excellent source of Vitamin C, fiber, and potassium. Supports heart health and digestion.

• Stalks and Fronds: Herbaceous and fresh! Perfect for flavoring stocks, salads, and pestos. Rich in antioxidants.

• Seeds: Often used as a digestive aid after meals, these tiny powerhouses can also be brewed into a soothing tea. 

Two Refreshing Summer Recipes 

1️⃣ Fennel and Citrus Salad:  Thinly slice the bulb and toss with orange segments, red onion, olive oil, lemon juice, and a sprinkle of fennel fronds. So refreshing!

2️⃣ Grilled Fennel: Halve the bulb, brush with olive oil, and grill until tender and slightly charred. Finish with a squeeze of lemon and fresh dill.

Love the idea of having fresh, organic fennel steps from your kitchen? 

Let Abundant Green design a custom garden tailored to your personal health and culinary needs!

Get started via the link in our bio. 🎯

#OrganicFennel #GardenToTable #HomeGrown #EatTheWholePlant #FoodIsMedicine #SummerRecipes #OrganicGardening #ZimbabweGardening #AbundantGreen #HealthyLiving #DIYGarden #CustomGarden","#OrganicFennel,#GardenToTable,#HomeGrown,#EatTheWholePlant,#FoodIsMedicine,#SummerRecipes,#OrganicGardening,#ZimbabweGardening,#AbundantGreen,#HealthyLiving,#DIYGarden,#CustomGarden",6,,2025-09-02T18:24:59.000Z,2w
https://www.instagram.com/p/DMbDbujtVam/,organicgardening,https://www.instagram.com/ecowormusa/,ecowormusa,"Time to plant beans and cucumbers in the warmer soil! 

Use Ecoworm Soil Extract to provide essential nutrients like potassium and phosphorus, ensuring your plants grow strong and produce abundant crops. 🌾

How are your summer plants growing?

#organicgardening",#organicgardening,26,,2025-07-22T20:00:56.000Z,8w
https://www.instagram.com/p/DHWL8PrITwj/,organicgardening,https://www.instagram.com/auntiemsgarden/,auntiemsgarden,"🌱 Now Booking: Spring Gardens! 🌱 Dreaming of a thriving vegetable garden this season? We’ve got you covered! 

Whether you want full-service garden care or just need a head start with expert-planted seedlings, our Garden Memberships take the guesswork (and backache) out of growing.

Choose Your Membership:

🌿 Full Basket Membership → 12 visits, routine care, and ALL plants, seeds & materials included!

🌿 Mini Membership → We plant for you—you handle the watering & harvesting! Choose up to 3 visits per season.

Limited spots available—sign up before May! 

Ready to turn your garden dreams into reality? Swipe to learn more & claim your spot!

👉 AUNTIEMSGARDEN.COM

#DenverGardens #GardenMembership #OrganicGardening #SpringGardening #GrowYourOwn","#DenverGardens,#GardenMembership,#OrganicGardening,#SpringGardening,#GrowYourOwn",4,,2025-03-18T16:02:07.000Z,26w
https://www.instagram.com/p/DMrqOaISX1N/,organicgardening,https://www.instagram.com/grow.grin_/,grow.grin_,"🌱 Transform your garden naturally! 🌱
Our 100% organic vermi compost is packed with nutrients to boost plant growth, enrich soil, and support sustainable farming.
🪱 Made with love by nature, for nature 🌿

✅ Improves soil fertility
✅ Eco-friendly & chemical-free
✅ Perfect for home gardens & farms

🛒 Available now on Amazon – grab yours today!
#OrganicGardening #VermiCompost #HealthySoil #EcoFriendlyLiving #SoilHealth #GardenLove #HomeGarden #SustainableFarming #CompostPower #AmazonFinds","#OrganicGardening,#VermiCompost,#HealthySoil,#EcoFriendlyLiving,#SoilHealth,#GardenLove,#HomeGarden,#SustainableFarming,#CompostPower,#AmazonFinds",13,,2025-07-29T06:47:45.000Z,7w
https://www.instagram.com/p/DNgangbKZav/,organicgardening,https://www.instagram.com/homestead.horizon/,homestead.horizon,"Companion planting magic 🌸🥕

Calendula and carrots make a brilliant duo:  Calendula attracts pollinators and repels aphids while carrots benefit from improved soil aeration and pest control

Plant them side-by-side for a healthier, more vibrant veg patch.

We've got detailed plant combination suggestions, as well as many more insights on sustainable living on our page. Become a member for free today and get exploring via the link in our bio!

#CompanionPlanting #GrowTogether #Homesteading #OrganicGardening","#CompanionPlanting,#GrowTogether,#Homesteading,#OrganicGardening",1,,2025-08-18T18:31:09.000Z,4w
https://www.instagram.com/p/DNyIRs5RLSL/,organicgardening,https://www.instagram.com/garden.specialist_net/,garden.specialist_net,"🍌🌿 Banana Peels as a Natural Fertilizer!
• Save your banana peels instead of throwing them away.
• Soak them in water for about 48 hours.
• The water absorbs potassium, magnesium, and calcium.
• Use this enriched liquid to water your plants.

An easy, eco-friendly way to boost growth and keep your plants healthy! 🌿✨

👉 Don’t forget to Like 👍 & follow for more organic gardening hacks!

#gardenizi #organicgardening #gardeningtips #plantcare #growyourown #gardeninghacks","#gardenizi,#organicgardening,#gardeningtips,#plantcare,#growyourown,#gardeninghacks",1,,2025-08-25T15:37:14.000Z,3w
https://www.instagram.com/p/DLKnS4TvvYM/,organicgardening,https://www.instagram.com/vanya.vermicompoststore/,vanya.vermicompoststore,"🌱 It’s New. It’s Different. 🌿
Introducing SACS Vanya Activated Potting Mix with added Bone Meal – a ready-to-use, soil-less growing medium designed to boost your plant’s health naturally!

✨ Richer Blooms
💪 Long-Term Nutrition
🌿 Healthier Growth & Happier Plants

Give your green friends the care they deserve 🌸
📦 100% Organic

📞 For orders & details: 98409 88845
#SacsVanya #ActivatedPottingMix #OrganicGardening #HealthyPlants #SoilLessMix #BoneMeal #PlantCare #HomeGardening","#SacsVanya,#ActivatedPottingMix,#OrganicGardening,#HealthyPlants,#SoilLessMix,#BoneMeal,#PlantCare,#HomeGardening",4,,2025-06-21T14:15:49.000Z,13w
https://www.instagram.com/p/DLXAQwpxpOZ/,organicgardening,https://www.instagram.com/clairebicklesgoodlife/,clairebicklesgoodlife,"OUT NOW! 
Good Organic Gardening July/Aug issue

In this edition I write about a selection of our wonderful Australian Myrtle’s; lemon, cinnamon, aniseed, curry.

Plus I visit a lovely little family just west of Brisbane and delight in their productive garden and all of Cam’s fantastic inventions and sustainability ideas. 

And of course there are great articles from all your regular contributors. 
Magazine available from all good newsagents. 
Good Organic Gardening Magazine
#goodorganicgardening #julyaugustissue #organicgardening #myrtles #lemonmyrtle #cinnamonmyrtle #aniseedmyrtle #currymyrtle #gardeningfolk #lovemyjob #plants #chooks #gardens #gardening #peoplethatgarden #clairesgoodlife #clairebicklegardeningforthegoodlife","#goodorganicgardening,#julyaugustissue,#organicgardening,#myrtles,#lemonmyrtle,#cinnamonmyrtle,#aniseedmyrtle,#currymyrtle,#gardeningfolk,#lovemyjob,#plants,#chooks,#gardens,#gardening,#peoplethatgarden,#clairesgoodlife,#clairebicklegardeningforthegoodlife",47,,2025-06-27T06:45:30.000Z,12w
https://www.instagram.com/p/DOrsWqrjPEN/,organicgardening,https://www.instagram.com/gardenerd1/,gardenerd1,"Save the Date, gardenerds! 🍂 We’re giving a free talk at Village Well Books & Coffee in Culver City on October 5, 2025 at 5 p.m. 🌱

Come grab a coffee, browse this sweet bookshop, and discover how to make the most of your growing space this season. 
Got questions? Post them below and we’ll bring them along to the talk.

☕️ Registration: LINK IN BIO ☕️ 

#gardeningtips #gardenhack #growyourownfood #organicgardening","#gardeningtips,#gardenhack,#growyourownfood,#organicgardening",11,,2025-09-17T00:09:08.000Z,4d
https://www.instagram.com/p/DN0sUZqZvpc/,organicgardening,https://www.instagram.com/gardeningfram/,gardeningfram,"1-Ask what ""nutrients"" I use
Credit: • michael_vanduzee

2-Pruning my vine and cherry tomatoes 🍅 🌱 
Credit: • julingobenza
Follow @gardeningfram 
What is your favorite shirt⁠
💥 𝗦𝗛𝗢𝗣 𝗡𝗢𝗪 🔥𝗟𝗜𝗡𝗞 𝗜𝗡 𝗠𝗬 𝗕𝗜𝗢 👆🏻 𝗦𝗵𝗶𝗽𝗽𝗶𝗻𝗴 ✈️⁠

#gardening #organicgardening #gardeninglife #urbangardening #containergardening #gardeningtips #gardeningisfun #gardeningaustralia #gardeninglove #indoorgardening #gardeningismytherapy #homegardening #gardeningideas #thehappygardeninglife #lovegardening #backyardgardening #gardeningwithkids #vegetablegardening #gardeningmakesmehappy #gardening101 #ilovegardening #gardening_feature #gardeninggoals #gardeningtime #gardeninguk #gardeningday #gardeningfun #gardeningtherapy #gardeningtools #balconygardening","#gardening,#organicgardening,#gardeninglife,#urbangardening,#containergardening,#gardeningtips,#gardeningisfun,#gardeningaustralia,#gardeninglove,#indoorgardening,#gardeningismytherapy,#homegardening,#gardeningideas,#thehappygardeninglife,#lovegardening,#backyardgardening,#gardeningwithkids,#vegetablegardening,#gardeningmakesmehappy,#gardening101,#ilovegardening,#gardening_feature,#gardeninggoals,#gardeningtime,#gardeninguk,#gardeningday,#gardeningfun,#gardeningtherapy,#gardeningtools,#balconygardening",33,,2025-08-26T15:30:05.000Z,3w
https://www.instagram.com/p/DN1ffZtQI0n/,organicgardening,https://www.instagram.com/brotanical_gasbro/,brotanical_gasbro,"Grew these from seed on my balcony!!
Every year I learn more about organic gardening☺️🪴🤌🌶️🫑

Even though this summer has been rough, it’s harvests like these that keep me excited! Love to see it 🙏🫠

#organicgardening #balconygarden #harvest #pepperharvest #homegrownpeppers","#organicgardening,#balconygarden,#harvest,#pepperharvest,#homegrownpeppers",209,,2025-08-26T22:57:45.000Z,3w
https://www.instagram.com/p/DM_PPCkzMGJ/,organicgardening,https://www.instagram.com/nekogardener/,nekogardener,"My “innovative” tomato trellis. Jury rigged the ends of broken shelves and twine tied to the top of my veggie enclosure; tomatoes precariously balanced. Nothing is junk—I will find a way to use it in the garden! 

#tomatotrellis #gardendiy #gardenproject #ediblegarden #vegetablegarden #organicgardening #regenerativegardening #closedloop #reuse","#tomatotrellis,#gardendiy,#gardenproject,#ediblegarden,#vegetablegarden,#organicgardening,#regenerativegardening,#closedloop,#reuse",8,,2025-08-05T21:16:45.000Z,6w
https://www.instagram.com/p/DHtmQC8SaDH/,organicgardening,https://www.instagram.com/wanderingbeefarm/,wanderingbeefarm,"Every year, I tell myself, “This time, I’m starting fewer tomatoes.” And yet, as I begin to up-pot, somehow I end up with well over 100 plants. It’s a mystery, a tradition, and honestly, I’m not even mad about it haha

Plant lists coming soon! Cold weather plants will be available starting next month with two markets (April 12th & 26th, I'll do a full post with more info on these!) and hot weather plants will be ready starting in the middle of May! Stay tuned! 

#tomatoseason #comingsoon #gardeninglife #homegrown #seedstarting #gardenmagic #smallfarm #plantsmakepeoplehappy #growyourown #heirloomtomatoes #organicgardening #backyardgarden #springplanting #wanderingbeefarm","#tomatoseason,#comingsoon,#gardeninglife,#homegrown,#seedstarting,#gardenmagic,#smallfarm,#plantsmakepeoplehappy,#growyourown,#heirloomtomatoes,#organicgardening,#backyardgarden,#springplanting,#wanderingbeefarm",32,,2025-03-27T18:14:33.000Z,25w
https://www.instagram.com/p/DNoTwRTyaaU/,organicgardening,https://www.instagram.com/inthetrough/,inthetrough,"Today’s little harvest 🍅 Now, what to make for dinner tonight??

#farmsteadfeatures #farmtotablefriday #gardenharvest #harvestbasket #farmtotable #gardentofork #gardengoodies #vegetablegarden #organicgardening #inmygardentoday #organicvegetables #garden #inmygarden #sheinthegarden #whatsfordinner","#farmsteadfeatures,#farmtotablefriday,#gardenharvest,#harvestbasket,#farmtotable,#gardentofork,#gardengoodies,#vegetablegarden,#organicgardening,#inmygardentoday,#organicvegetables,#garden,#inmygarden,#sheinthegarden,#whatsfordinner",221,,2025-08-21T20:05:04.000Z,4w
https://www.instagram.com/p/DHoWQ9oPJi9/,organicgardening,https://www.instagram.com/trueleafmarket/,trueleafmarket,"Season Extending Tools & Practices 🌱🌿

Maximize your garden's potential by extending your growing season! 🌞❄️ Whether you're dealing with a short growing season or unpredictable weather, these tools and techniques will help you get the most out of your garden:

🌱 Grow Quick-Maturing Varieties – Choose fast-growing hybrid, organic, or heirloom varieties to enjoy fresh produce even with a late start!
🌱 Start Seeds Indoors – Get a head start by growing seedlings inside before transplanting them outdoors.
🌱 Use Shade Cloth Covers – Protect plants from extreme heat while regulating light exposure.
🌱 Try Cold Frames & Cloches – Insulate young plants from frost and fluctuating temperatures.
🌱 Floating Row Covers – Provide a breathable protective layer against pests and light frosts.
🌱 Polytunnels & Greenhouses – Keep your plants warm and thriving all year long with these structures!

With these techniques, you can grow longer, harvest more, and enjoy fresh homegrown veggies no matter the season! 🌎🥕

🌿 Ready to extend your growing season? Let us know which technique you're excited to try! Drop a 🌱 in the comments! 👇

#GardeningTips #HomeGardening #OrganicGardening #GrowYourOwn #GardenLife #UrbanGardening #TrueLeafMarket #GreenThumb","#GardeningTips,#HomeGardening,#OrganicGardening,#GrowYourOwn,#GardenLife,#UrbanGardening,#TrueLeafMarket,#GreenThumb",15,,2025-03-25T17:18:39.000Z,25w
https://www.instagram.com/p/DNPBkFpOdVq/,organicgardening,https://www.instagram.com/dogpatch_urban_gardens/,dogpatch_urban_gardens,"I pulled the tarps off this plot today and I’m happy with what I see. The weeds have been fried out and the soil looks nice. The beds are still pretty wet, so hopefully they can dry out enough these next few days so I can get cover crops planted. 

The tarps were on the beds for roughly 3 weeks. They help to smother/fry weeds and are a great tool for passive weed control!

#dogpatchurbangardens #urbangarden #veggiegardening #gardentips #vegetablegardening #organic #organicgardening #homestead #homesteading","#dogpatchurbangardens,#urbangarden,#veggiegardening,#gardentips,#vegetablegardening,#organic,#organicgardening,#homestead,#homesteading",17,,2025-08-12T00:25:06.000Z,5w
https://www.instagram.com/p/DJPtQ7tBjMj/,organicgardening,https://www.instagram.com/matthewmalin1967/,matthewmalin1967,"Garden Details for Spring:  Year 2.  The garden will be one year old around May 15.  A lot has happened in a short time and there is a lot to do.  Some highlights (yes, you are seeing the good bits) are the crabapples (31 in total) are in bloom!  We have been cleaning the beds to be planted in the next week, including our 50 #dahlias and the 15’x20’ bed of #sunflowers 

We are overseeing the lawn (last years draught killed our seedlings) and building a cistern-like frog pond to catch water runoff. 

We have planted more than 100 trees around the new house and garden and have 15 more being planted tomorrow.  These are large scale #hophornbeam and #witchazel to create a grove on the Northside of the house. 

#gardendesign #crabapple #garden #gardening #gardeningismytherapy #gardenlife #gardenlifestyle #nativeplants #organicgardening","#dahlias,#sunflowers,#hophornbeam,#witchazel,#gardendesign,#crabapple,#garden,#gardening,#gardeningismytherapy,#gardenlife,#gardenlifestyle,#nativeplants,#organicgardening",137,,2025-05-04T20:41:24.000Z,20w
https://www.instagram.com/p/DLAqsNbOyVf/,organicgardening,https://www.instagram.com/food_nature_heather/,food_nature_heather,"I’m starting #tomatotuesday while they’re still green. I’m thrilled to have so many developing right now. I can’t wait to eat Homegrown Tomatoes!
#tomatoes #garden #gardening #organic #organicgardening #raisedbedgardening #raisedgardenbeds #growyourownfood #vegetablegardening","#tomatotuesday,#tomatoes,#garden,#gardening,#organic,#organicgardening,#raisedbedgardening,#raisedgardenbeds,#growyourownfood,#vegetablegardening",19,,2025-06-17T17:33:05.000Z,13w
https://www.instagram.com/p/DMVgMEisaX0/,organicgardening,https://www.instagram.com/athyrium_ghost/,athyrium_ghost,"It's too hot to be outside! I'll be indoors figuring out what to do with all these peppers!
.
.
.
#summerharvest #vegetablegardening #gardening #organicgardening #homestead","#summerharvest,#vegetablegardening,#gardening,#organicgardening,#homestead",14,,2025-07-20T16:16:47.000Z,9w
https://www.instagram.com/p/DLqgoqgPsiE/,organicgardening,https://www.instagram.com/wowkriss003/,wowkriss003,tomatoes! I think these are mortgage lifter #tomato #vegetable #vegetablegarden #organicgardening #garden #gardening #michigan,"#tomato,#vegetable,#vegetablegarden,#organicgardening,#garden,#gardening,#michigan",17,,2025-07-03T23:33:19.000Z,11w
https://www.instagram.com/p/DI_PMoOIAT8/,organicgardening,https://www.instagram.com/florianhada/,florianhada,"Pe mâine, în piața din Centru...

#herbs #organicgardening #basil #cherrytomatoes #chives","#herbs,#organicgardening,#basil,#cherrytomatoes,#chives",16,,2025-04-28T11:10:50.000Z,20w
https://www.instagram.com/p/DLnYpnmsyh6/,organicgardening,https://www.instagram.com/petreawalsh/,petreawalsh,A box full of goodness from the tunnels today 1st mini cucumber I decided to grow the small ones this year . Some summer celery  small but sweet . #polytunnellife #growingvegetables #organicgardening #👩🏻‍🌾,"#polytunnellife,#growingvegetables,#organicgardening,#👩🏻‍🌾",16,,2025-07-02T18:25:49.000Z,11w
https://www.instagram.com/p/DJyPDg2IZWV/,organicgardening,https://www.instagram.com/natural_grower/,natural_grower,"IT'S TRUE... TOUCHING SOIL CAN MAKE YOU HAPPY! 
According to research, getting your hands in the soil and contact with a specific soil bacteria called Mycobacterium Vaccae triggers the release of serotonin in our brain. Serotonin is a natural anti-depressant and also strengthens the immune system. It is the lack of serotonin in the brain that causes depression. Keep on gardening!

#gardeningfacts #keepongardening #gardeninglife #growyourownfood #gardening #groworganic #groworganically #organicgardening #gardeningtips","#gardeningfacts,#keepongardening,#gardeninglife,#growyourownfood,#gardening,#groworganic,#groworganically,#organicgardening,#gardeningtips",27,,2025-05-18T06:30:52.000Z,18w
https://www.instagram.com/p/DKkplV5o5EO/,organicgardening,https://www.instagram.com/gardenerblind/,gardenerblind,"Lush, thriving salad greens coming on strong! 🥬🌱 Raised beds are doing wonders this season with lettuce and rocket growing beautifully.

#GardenLife #RaisedBedGardening #HomeGrown #OrganicGardening #SaladGreens #LettuceLove #SpringHarvest #GrowYourOwnFood #EdibleGarden #SustainableLiving #AllotmentGarden #FreshFromTheGarden #UrbanFarming","#GardenLife,#RaisedBedGardening,#HomeGrown,#OrganicGardening,#SaladGreens,#LettuceLove,#SpringHarvest,#GrowYourOwnFood,#EdibleGarden,#SustainableLiving,#AllotmentGarden,#FreshFromTheGarden,#UrbanFarming",7,,2025-06-06T20:24:41.000Z,15w
https://www.instagram.com/p/DMQ2hLdKU8u/,organicgardening,https://www.instagram.com/dennistoundiggers/,dennistoundiggers,"Lettuce season!
.
.
.
.
#dennistoundiggers #organicveggies #organicgardening #communitygarden #raisedbedgarden #growyourownfood #growyourownfood #vegetablegarden","#dennistoundiggers,#organicveggies,#organicgardening,#communitygarden,#raisedbedgarden,#growyourownfood,#growyourownfood,#vegetablegarden",16,,2025-07-18T20:55:43.000Z,9w
https://www.instagram.com/p/DL9RxGENrc-/,organicgardening,https://www.instagram.com/cbreezertl/,cbreezertl,"For some this may not be much but for me, I saved money and I have a great meal in the works.

#gardeninspiration #gardening #homesteading #organicgardening Sigma and Zeta Gardening & Homesteading","#gardeninspiration,#gardening,#homesteading,#organicgardening",1,,2025-07-11T06:28:58.000Z,10w
https://www.instagram.com/p/DM-sCZIxYRg/,organicgardening,https://www.instagram.com/creativemastermind13/,creativemastermind13,Must have had some deer visiting my garden last night. The tops of my late planted tomatoes must have been a midnight snack. #garden2025 #tomatoes #deer #organicgardening,"#garden2025,#tomatoes,#deer,#organicgardening",1,,2025-08-05T16:09:09.000Z,6w
https://www.instagram.com/p/DLcuKCktoah/,organicgardening,https://www.instagram.com/wickedlunar_/,wickedlunar_,"🌱 Companion Planting 101: Your plants need besties too 😌💚
If you’ve ever had tomatoes and basil thriving side by side, you already know… some veggies just vibe better together.

This guide shows some of my favorite garden duos that help cut down on pests, boost flavor, and keep everything growing strong (without needing to micromanage Mother Nature).

🍅 Tomatoes + Basil = Flavor + Fly repellent
🥒 Cucumbers + Dill = Bug lures that work for you
🌽 Corn + Beans = That classic “Three Sisters” magic
🥕 Carrots + Rosemary = Root protection + good smells

✨ Healthy plants, less stress, and more deliciousness — naturally.
📌 Save this for planting season & tag a garden friend who needs this!

#CompanionPlanting #GardenTips #OrganicGardening #PlantBesties #GardenMagic 
#GrowYourOwnFood #PlantPairing #GardeningWithPurpose #BackyardGarden 
#FloridaGarden #Zone9B #EdibleGarden #SustainableLiving #NatureKnowsBest 
#WitchyGarden #GardenWitch #PlantsThatProtect #GardenSanctuary #RootedInNature","#CompanionPlanting,#GardenTips,#OrganicGardening,#PlantBesties,#GardenMagic,#GrowYourOwnFood,#PlantPairing,#GardeningWithPurpose,#BackyardGarden,#FloridaGarden,#Zone9B,#EdibleGarden,#SustainableLiving,#NatureKnowsBest,#WitchyGarden,#GardenWitch,#PlantsThatProtect,#GardenSanctuary,#RootedInNature",3,,2025-06-28T15:02:06.000Z,12w
https://www.instagram.com/p/DHByU7YxQFH/,organicgardening,https://www.instagram.com/migardener/,migardener,"🌿 Hundreds of Unique & Rare Garden Seeds – Now in Stock! 🌿 

Looking to grow something special this season? 
We’ve got you covered with a huge selection of garden seeds from our favorites, MIGardener and Seed Savers Exchange—including rare and hard-to-find varieties you won’t see at big box stores! 

✔ **Hundreds of Varieties** – From heirlooms to rare finds, we stock unique options for every garden. 
✔ **Locally Focused Selection** – Our selection includes varieties chosen to thrive in our region and support biodiversity. 
✔ **Non-GMO & Open-Pollinated** – Sustainable, high-quality seeds for generations of growing. 

Whether you're planting veggies, herbs, or flowers, our seed selection brings diversity and flavor to your garden. 

🛒 Stop by How to Grow today @ 399 E Watts Lane, Rapid City 

#HowToGrow #growyourown #h2gsupply #shoplocal #grow365 #plantsaremedicine #foodismedicine #migardener #seedsaversexchange #heirloom #organic #growagarden #seedaddictionisreal #organicgardening","#HowToGrow,#growyourown,#h2gsupply,#shoplocal,#grow365,#plantsaremedicine,#foodismedicine,#migardener,#seedsaversexchange,#heirloom,#organic,#growagarden,#seedaddictionisreal,#organicgardening",10,,2025-03-10T17:53:29.000Z,27w
https://www.instagram.com/p/DMvHcXosyiL/,organicgardening,https://www.instagram.com/ohba_htx/,ohba_htx,"In uncertain times, growing your own food isn’t just a hobby, it’s a powerful way to build resilience. Organic gardening puts nutritious, pesticide-free food right at your fingertips, and supports a healthier ecosystem in the process. 🥬🌿

Homegrown food can…
- Reduce reliance on supply chains
- Lower your grocery bill
- Boost pollinator and soil health
- Give you peace of mind (and a full plate)

No matter your space — backyard, balcony, or community plot — you can take the first step toward food independence. Learn how to grow with purpose at ohbaonline.org

#FoodSecurity #OrganicGardening #SoilHealth #OHBA #GrowWithPurpose #EdibleGarden #UrbanGardening #SustainableLiving #HoustonGardeners #GardenToTable","#FoodSecurity,#OrganicGardening,#SoilHealth,#OHBA,#GrowWithPurpose,#EdibleGarden,#UrbanGardening,#SustainableLiving,#HoustonGardeners,#GardenToTable",13,,2025-07-30T15:00:47.000Z,7w
https://www.instagram.com/p/DHJTCa6pRyb/,organicgardening,https://www.instagram.com/ocfarmsupply/,ocfarmsupply,"THIS SATURDAY 👀 I am sharing my class REAL Organic Gardening for Spring this Saturday at the SoCal icon @ocfarmsupply at 11am during their Festival de Tomates 🤩 I’m going to as always talk about soil health and why growing your soil biology 🦠 in clean, safe, healthy ways is so vital, so important for healthy food 🥒🫑🍉🌽🥬🥑🍓🫐🥕🧄 and yes, of course, healthy REAL Organic tomatoes 🍅 The world is sick 🌎 We have got to get off of the chemical dependence ☠️ which includes the FAUX Organic composts and soils that are fueled by GMO manures 🙁 It’s time to grow healthy and get healthy 💯 Join @malibucompost @number2organics for this fun and informative class and if you can’t make this event sign up for our online classes or for personalized home, farm and business consulting @growrealorganic 👍 For step-by-step instructions on HOW TO grow real organic order a copy of REAL Organic Gardening on  @amazon today 💚 Hope to see you all this Saturday. Please bring a friend or 4 to this great event and class 🙏🐄❤️🌟 #festivaldetomates #OC #ocfarmsupply #orange #orangecounty #BU #realorganic #realorganicfood #grow #growrealorganic #realorganicgardening #amazon #malibucompost #biodynamic #farmmade #farmmadeusa #nongmo #safe #clean #healthy #healthysoil #healthyfood #number2organics #organic #composttea #compost #gardeningtips #gardeninspo #gardeningclass #organicgardening","#festivaldetomates,#OC,#ocfarmsupply,#orange,#orangecounty,#BU,#realorganic,#realorganicfood,#grow,#growrealorganic,#realorganicgardening,#amazon,#malibucompost,#biodynamic,#farmmade,#farmmadeusa,#nongmo,#safe,#clean,#healthy,#healthysoil,#healthyfood,#number2organics,#organic,#composttea,#compost,#gardeningtips,#gardeninspo,#gardeningclass,#organicgardening",16,,2025-03-13T15:54:00.000Z,27w
https://www.instagram.com/p/DH94TLlNPO7/,organicgardening,https://www.instagram.com/transitionsaltspring/,transitionsaltspring,"🌱 Take Control of Your Food Supply with Linda Gilkeson! 🌿

Want to grow more food in less space—year-round? Join renowned BC gardening expert Linda Gilkeson for a coastal gardening webinar packed with tips on maximizing yields, improving soil fertility, and creating a bountiful harvest.

📅 Date: Sunday, April 27th, 3-5pm
Live on Zoom
This is a pay-what-you-can event!

🔗 Register now, check the link in our bio!

Brought to you by Lighter Living, a Transition Salt Spring program helping you take simple, low-effort actions to help your community & the planet. 

#OrganicGardening #GrowMoreFood #SustainableLiving #FoodSecurity","#OrganicGardening,#GrowMoreFood,#SustainableLiving,#FoodSecurity",15,,2025-04-03T02:00:06.000Z,24w
https://www.instagram.com/p/DIbtMV9NrQN/,organicgardening,https://www.instagram.com/bfgsupply/,bfgsupply,"The key to a great organic garden is in the soil. Trade up this year!

Miracle-Gro Organic™ Raised Bed & Garden Soil provides your customer’s plants with the nutrients they need to grow healthy and strong. The organic soil blend is peat free and feeds plants for up to 2 months. This product is also OMRI Listed for organic use. Try Miracle-Gro Organic Soil today and see the difference it makes in your customer’s garden!

Shop Now: https://bit.ly/4hZgTWF 

#MiracleGro #organicsoil #organicgardening","#MiracleGro,#organicsoil,#organicgardening",6,,2025-04-14T16:00:16.000Z,22w
https://www.instagram.com/p/DHqsr-CNzuU/,organicgardening,https://www.instagram.com/growntocook/,growntocook,"POLYCULTURE on a small scale 
In yesterday’s webinar I got asked about which polyculture I’d recommend for a beginner. Well, all the polycultures in my books are described in detail, so I think you could try your hand at any of them. But if you’d like to start small, why not give this one a go? It’s not only productive but it also looks pretty enough to rival an ornamental planting! 
There are plants included that attract beneficial insects so it’s a very healthy planting too! And it’s powered by home made bokashi ferment!

#polyculture #containergardening #kitchengarden #permaculture #edibleparadise #verasmoestuin #tuinsmakelijk #permacultuur #moestuin #biodiversiteit #organicgardening #biologischtuinieren #pottentuin #tuiniereninpotten #polycultuur #permaculturegarden","#polyculture,#containergardening,#kitchengarden,#permaculture,#edibleparadise,#verasmoestuin,#tuinsmakelijk,#permacultuur,#moestuin,#biodiversiteit,#organicgardening,#biologischtuinieren,#pottentuin,#tuiniereninpotten,#polycultuur,#permaculturegarden",1490,,2025-03-26T15:13:03.000Z,25w
https://www.instagram.com/p/DLcwT_EP6sR/,organicgardening,https://www.instagram.com/gardeningfram/,gardeningfram,"1- 😍
Credit: nofa_ri and • rootsfamilyfarm

2-🌹✨ Want endless roses at home?
Try hydroponic cuttings—an easy, mess-free way to grow healthy rose bushes without soil! Perfect for beginners and flower lovers.
No fancy tools needed—just water, light, and patience. 💧🌿
Credit: • gardeningwithmom_ 
Follow @gardeningfram 
What is your favorite shirt⁠
💥 𝗦𝗛𝗢𝗣 𝗡𝗢𝗪 🔥𝗟𝗜𝗡𝗞 𝗜𝗡 𝗠𝗬 𝗕𝗜𝗢 👆🏻 𝗦𝗵𝗶𝗽𝗽𝗶𝗻𝗴 ✈️⁠

#gardening #organicgardening #gardeninglife #urbangardening #containergardening #gardeningtips #gardeningisfun #gardeningaustralia #gardeninglove #indoorgardening #gardeningismytherapy #homegardening #gardeningideas #thehappygardeninglife #lovegardening #backyardgardening #gardeningwithkids #vegetablegardening #gardeningmakesmehappy #gardening101 #ilovegardening #gardening_feature #gardeninggoals #gardeningtime #gardeninguk #gardeningday #gardeningfun #gardeningtherapy #gardeningtools #balconygardening","#gardening,#organicgardening,#gardeninglife,#urbangardening,#containergardening,#gardeningtips,#gardeningisfun,#gardeningaustralia,#gardeninglove,#indoorgardening,#gardeningismytherapy,#homegardening,#gardeningideas,#thehappygardeninglife,#lovegardening,#backyardgardening,#gardeningwithkids,#vegetablegardening,#gardeningmakesmehappy,#gardening101,#ilovegardening,#gardening_feature,#gardeninggoals,#gardeningtime,#gardeninguk,#gardeningday,#gardeningfun,#gardeningtherapy,#gardeningtools,#balconygardening",292,,2025-06-28T15:21:49.000Z,12w
https://www.instagram.com/p/DKhsYXQMQZU/,organicgardening,https://www.instagram.com/bencroycottage/,bencroycottage,"The rain took a break in the afternoon, and I finally got out into the garden to get some jobs done, my least favourite, weeding! But thankfully, everything is looking good, even though my garden peas & brassicas had a right hammering from the strong wind the past few days.

1. The vegetable garden
2. Carrots & Onions
3. Parsnips 
4. Dwarf garden peas
5. Loki, waiting for me to throw the frisbee
6. Gathering calendula to make oil
7. Juicy strawberries 😋
8. Garlic, almost ready to harvest
9. Cabbage white caterpillars happily munching on my purple sprouting brocoli leaves😊

#lovetogrow
#vegtables
#organicgardening
#vegetablegarden
#permacultureprinciples 
#lovewhereyoulive
#lovemygarden❤️
#lovelyleitrim","#lovetogrow,#vegtables,#organicgardening,#vegetablegarden,#permacultureprinciples,#lovewhereyoulive,#lovemygarden❤️,#lovelyleitrim",93,,2025-06-05T16:51:24.000Z,15w
https://www.instagram.com/p/DNfLRsWMgRX/,organicgardening,https://www.instagram.com/alisgardeningdream/,alisgardeningdream,"If you love cherry tomatoes, then you should add these three varieties on the growing list of the next year.

Black Strawberry 
Black Cherry
Painted Pink 

Prolific, flavoured, high juice content, fresh with thin skin! Perfect for any salad,  snack, or drying.

Are you already looking for seeds???

#blackcherry #blackstrawberry #paintedpinktomato
#cherry #cherrytomatoes
#tomatoplants #tomatoharvest #juicy #freshlypicked #fresh #tasty #flavouredtomatoes #tomatoes #organictomatoes #organicgardening #fruitharvest #mygarden #growwhatyoulove #ediblegarden #londonsummer #londongardener #growfromseed #photooftheday","#blackcherry,#blackstrawberry,#paintedpinktomato,#cherry,#cherrytomatoes,#tomatoplants,#tomatoharvest,#juicy,#freshlypicked,#fresh,#tasty,#flavouredtomatoes,#tomatoes,#organictomatoes,#organicgardening,#fruitharvest,#mygarden,#growwhatyoulove,#ediblegarden,#londonsummer,#londongardener,#growfromseed,#photooftheday",,,2025-08-18T06:57:50.000Z,4w
https://www.instagram.com/p/DL0OyPGzkLs/,organicgardening,https://www.instagram.com/gardening_igbax/,gardening_igbax,"Credit  gardening_for_beginner_
What is your favorite shirt⁠
💥 𝗦𝗛𝗢𝗣 𝗡𝗢𝗪 🔥𝗟𝗜𝗡𝗞 𝗜𝗡 𝗠𝗬 𝗕𝗜𝗢 👆🏻 𝗦𝗵𝗶𝗽𝗽𝗶𝗻𝗴 ✈️⁠ #gardeningmakesmehappy #gardeningideas #epicgardening #gardeningismytherapy #indoorgardening #happygardening #gardeninglove #instagardening #organicgardening #gardening101 #gardeningtherapy #gardeningfun #lovegardening #gardeningtime #ilovegardening #gardeningisfun #gardeningtips #backyardgardening #thehappygardeninglife #gardeninglife #homegardening #balconygardening #containergardening #urbangardening #gardeningaustralia #gardeningwithkids #gardening #gardeningislife #vegetablegardening #gardening_feature","#gardeningmakesmehappy,#gardeningideas,#epicgardening,#gardeningismytherapy,#indoorgardening,#happygardening,#gardeninglove,#instagardening,#organicgardening,#gardening101,#gardeningtherapy,#gardeningfun,#lovegardening,#gardeningtime,#ilovegardening,#gardeningisfun,#gardeningtips,#backyardgardening,#thehappygardeninglife,#gardeninglife,#homegardening,#balconygardening,#containergardening,#urbangardening,#gardeningaustralia,#gardeningwithkids,#gardening,#gardeningislife,#vegetablegardening,#gardening_feature",406,,2025-07-07T18:09:45.000Z,10w
https://www.instagram.com/p/DHwjNZHT7F3/,organicgardening,https://www.instagram.com/jimnzgarden/,jimnzgarden,"🫑🌶🍆Autumn Garden Art🎨😀

Although the weather is cooling down there are still more peppers and eggplants to harvest😀

They looked too beautiful I couldn't resist trying to make a 'painting' out of it😅

Varieties include capsicums Bulls Horn, Orange Bell and Golden California Wonder, along with Ping Tung eggplants.

The Bulls Horn aka Corno di Toro is an Italian heirloom pepper with the most amazing sweet flavour, absolutely must try roasted in the oven😍

#gardenharvest#gardenart#capsicum#pepper#chili#eggplant#gardening#gardeningnz#homegrown#gardentips#growingfood#garden#organic#organicgardening#fruitsandveges#veges#fruits#backyardgarden#vegetablegarden#kitchengarden #growyourown#urbangarden #auckland#newzealand","#gardenharvest,#gardenart,#capsicum,#pepper,#chili,#eggplant,#gardening,#gardeningnz,#homegrown,#gardentips,#growingfood,#garden,#organic,#organicgardening,#fruitsandveges,#veges,#fruits,#backyardgarden,#vegetablegarden,#kitchengarden,#growyourown,#urbangarden,#auckland,#newzealand",362,,2025-03-22T20:00:44.000Z,26w
https://www.instagram.com/p/DObahE_Eexh/,organicgardening,https://www.instagram.com/toadhillfarmwa/,toadhillfarmwa,"This week, we’re harvesting tomatoes, candystick delicatas (a winter squash), and lots of basil! I’ve been saving up the sun gold tomatoes (small, bright yellow tomatoes) for a focaccia recipe that I want to try. 

We also have melons and pumpkins still growing. Fingers crossed that we get some before the weather gets too wet and chilly!

What’s growing in your garden this month?

#gardenlife #harvesttime #organicgardening #tomatoharvest #eatlocal #fallgarden #september #seasonalproduce","#gardenlife,#harvesttime,#organicgardening,#tomatoharvest,#eatlocal,#fallgarden,#september,#seasonalproduce",106,,2025-09-10T16:25:05.000Z,1w
https://www.instagram.com/p/DOR3pg6DVEY/,organicgardening,https://www.instagram.com/food_nature_heather/,food_nature_heather,"SEPTEMBER GARDEN UPDATE: the new squash and cucumber plants are in full swing, the peppers are finally ripening, the new seedlings are sprouting, and the pollinators are still hard at work. I just planted out fall brassicas. So far so good. I removed all the cabbage moth eggs today. Much easier when they’re small. Do you plant a Fall garden?
#garden #gardening #gardener #ohiogarden #organic #organicgardening #raisedbeds #raisedgardenbeds #growyourown","#garden,#gardening,#gardener,#ohiogarden,#organic,#organicgardening,#raisedbeds,#raisedgardenbeds,#growyourown",14,,2025-09-06T23:27:36.000Z,2w
https://www.instagram.com/p/DG35EWGJxal/,organicgardening,https://www.instagram.com/michelle.bamburg/,michelle.bamburg,"🍅 The 7 Best Fertilizers for Tomatoes – Grow Like Never Before! 🌱✨

Boost your tomato plants with these powerful fertilizers and enjoy bigger, juicier harvests! 🍅💚

1️⃣ Banana Peel Fertilizer 🍌 – Rich in potassium & phosphorus for strong root development and more flowers.
2️⃣ Eggshell Calcium Boost 🥚 – Crushed eggshells prevent blossom-end rot and strengthen plant cells.
3️⃣ Epsom Salt Solution 🌿 – 1 tbsp of Epsom salt in 1 gallon of water every two weeks enhances growth & fruiting.
4️⃣ Compost & Manure 🌾 – Organic compost or well-rotted manure adds essential nutrients naturally.
5️⃣ Fish Emulsion 🐟 – A nitrogen-rich, fast-acting liquid fertilizer for healthy, lush leaves.
6️⃣ Wood Ash 🔥 – Sprinkle a little around your plants to increase potassium and improve fruit quality.
7️⃣ Tea & Coffee Grounds ☕🍵 – Slightly acidic, they boost nitrogen levels and help retain moisture.

🌿 Use these natural fertilizers, and your tomatoes will thrive like never before! 🍅✨

#TomatoFertilizer #OrganicGardening","#TomatoFertilizer,#OrganicGardening",1,,2025-03-06T21:39:58.000Z,28w
https://www.instagram.com/p/DH7BO1ABAAY/,organicgardening,https://www.instagram.com/shellyspony/,shellyspony,"I miss my vegetable garden! 
Growing a vegetable garden in California was a breeze due to the state's favorable climate sbd abundant sunshine. Transitioning to growing vegetables in North Idaho will require some adjustments. If you have any tips please share with me 🌱 💛
#OrganicGardening #vegetablegarden #gardening
#pnw","#OrganicGardening,#vegetablegarden,#gardening,#pnw",8,,2025-04-01T23:20:26.000Z,24w
https://www.instagram.com/p/DLfL9SXqM5f/,organicgardening,https://www.instagram.com/tngaustin/,tngaustin,"🗓 𝗦𝗲𝗲𝗱 𝗦𝘁𝗮𝗿𝘁𝗶𝗻𝗴 𝗥𝗲𝗺𝗶𝗻𝗱𝗲𝗿

🍅 Want to give tomatoes another shot?

If your spring crop didn’t live up to expectations, or your plants were taken out by pests or disease, now’s your chance to try again for a fall harvest! Time is of the essence with fall tomatoes: start your seeds now so you can transplant by late July. The goal is to get them to mature before the first frost.

Read our tomato care guide: tngaustin.com/tomatoes/

#tomatoes #organicgardening #backyardgardening #austintx","#tomatoes,#organicgardening,#backyardgardening,#austintx",91,,2025-06-29T14:01:01.000Z,12w
https://www.instagram.com/p/DM0SJMaOdU8/,organicgardening,https://www.instagram.com/acti.sol_on/,acti.sol_on,"August’s not too late to grow! 🌞🌿

Still got sunshine? So does your garden.
August is a great time to plant quick growers for a fall harvest: think leafy greens, herbs, and late-season flowers.

It’s also prime time to keep things thriving:
🧄 Weed
💧 Water (aim for at least 2.5 cm/week total from rain + watering)
🌶️ Fertilize fruiting veggies with our 4-6-8 for one last big push before the season wraps

Check out our August planting tips at the link in our bio. Let’s make the most of these sunny days! 💪🌻

🌿 P.S. - These dates may vary according to the weather and the specific region you are in - we recommend always verifying planting times with your seed manufacturer.

#AugustPlanting #LateSummerGarden #FallHarvestPrep #ActiSol #GrowWithUs #HerbsFlowersVeggies #OrganicGardening #PlantingGuide","#AugustPlanting,#LateSummerGarden,#FallHarvestPrep,#ActiSol,#GrowWithUs,#HerbsFlowersVeggies,#OrganicGardening,#PlantingGuide",45,,2025-08-01T15:10:29.000Z,7w
https://www.instagram.com/p/DJuZ7BtqTDr/,organicgardening,https://www.instagram.com/fork_to_table/,fork_to_table,"First of this years sowing. I’m not a big fan of F1 hybrids but I make an exception for a few things and spinach is one. This is Amador which I’m trying for the first time this year. It’s a good spinach and has lasted about 5 months so far without bolting and I’ve been picking since April. I’m a bit fed up of watering it though, we need rain!
.
.
.
- [ ] #allotment #gyo #growtourownfood #growyourown #allotmentuk #dorsetallotments #vegetables #organic #nodig #growtoeat #eattogrow #homestead #potager #kitchengarden #sustainablefood #sustainableliving #sustainable #allotmentlife  #garden #gardenuk #dorsetgarden #nodig #organic #organicgardening #dorsetgardens #gardendorset #purbeckgarden #harvest","#allotment,#gyo,#growtourownfood,#growyourown,#allotmentuk,#dorsetallotments,#vegetables,#organic,#nodig,#growtoeat,#eattogrow,#homestead,#potager,#kitchengarden,#sustainablefood,#sustainableliving,#sustainable,#allotmentlife,#garden,#gardenuk,#dorsetgarden,#nodig,#organic,#organicgardening,#dorsetgardens,#gardendorset,#purbeckgarden,#harvest",29,,2025-05-16T18:48:51.000Z,18w
https://www.instagram.com/p/DG_SHkdP1W6/,organicgardening,https://www.instagram.com/vego_garden/,vego_garden,"Sunday morning harvest💚👩🏻‍🌾

Grown in my @vego_garden 17” Tall 9 In 1 Large Modular Metal Raised Bed✨
•
•
•
•
•
#todaysharvest #gardentotable #organicgardening #raisedbedgarden #vegogarden #springiscoming #socal #zone8b #janirajay","#todaysharvest,#gardentotable,#organicgardening,#raisedbedgarden,#vegogarden,#springiscoming,#socal,#zone8b,#janirajay",206,,2025-03-09T18:33:33.000Z,28w
https://www.instagram.com/p/DLK1lULMPBm/,organicgardening,https://www.instagram.com/athyrium_ghost/,athyrium_ghost,"It's going to be over 100 degrees today! A good day to harvest early and pickle beets inside the rest of the day
.
.
.
.
#homesteading #homestead #foodpreservation #beets #organicgardening","#homesteading,#homestead,#foodpreservation,#beets,#organicgardening",11,,2025-06-21T16:20:40.000Z,13w
https://www.instagram.com/p/DLFdOovRQaY/,organicgardening,https://www.instagram.com/lesleighs.picturesontherun/,lesleighs.picturesontherun,"🍅🥦🫑🥬🥒🫛🍈🍈
My garden is thriving with all this rain! I never imagined I’d have such a large garden when we moved to town, but I was thrilled when we found a home on a double lot. The only catch is that the outdoor spigot is in the front and connected to our water softener. Until we get one installed in the back that bypasses the softener, I’m extra thankful for every drop of rain!
🌧️ 
#inmygardentoday #organicgardening #ilovegardening #hardworkpaysoffs #freshveggies #freshfruit","#inmygardentoday,#organicgardening,#ilovegardening,#hardworkpaysoffs,#freshveggies,#freshfruit",13,,2025-06-19T14:11:40.000Z,13w
https://www.instagram.com/p/DHqk6A0vJoO/,organicgardening,https://www.instagram.com/squarefootgardening/,squarefootgardening,"Happy #NationalSpinachDay gardeners! 
We would like to share some tips to grow and enjoy this tasty green in your #squarefootgarden this year. 
 
🌱Spinach thrives in cool spring weather and it’s simple to grow. We plant 9 seeds per square and make sure Mel’s Mix stays moist. BTW, our @garden_in_minutes irrigation grid makes keeping it hydrated super easy.  Visit gardeninminutes.com and use the code sfg7%  for 7% off your order!
🌱Seeds will sprout outdoors in 1 to 2 weeks. 
🌱Spinach is packed with vitamins and grows fast, so keep picking outer leaves until the temperature hits 75°F and it starts to bolt to seed. 

Feel free to ask us any questions about spinach in the comments. 

#vegetablegardening #vegetablegarden #veggiegarden #organicvegetables #organicgardening #vegangardening #vegangardener #welcomespring #squarefootgardening #newgardener #newbiegardener #melsmix #growwhatyoueat #urbangardening #urbangarden #growyourownveggies #homegrown #backyardgardener #communitygardening #learntogarden #vegetables","#NationalSpinachDay,#squarefootgarden,#vegetablegardening,#vegetablegarden,#veggiegarden,#organicvegetables,#organicgardening,#vegangardening,#vegangardener,#welcomespring,#squarefootgardening,#newgardener,#newbiegardener,#melsmix,#growwhatyoueat,#urbangardening,#urbangarden,#growyourownveggies,#homegrown,#backyardgardener,#communitygardening,#learntogarden,#vegetables",41,,2025-03-26T14:05:08.000Z,25w
https://www.instagram.com/p/DK3EHtuSGh4/,organicgardening,https://www.instagram.com/thecurtisellzey/,thecurtisellzey,"Garden is coming along nicely! Lettuces, spinach, peas, tomatoes, peppers, radishes, beets, celery, beans, arugula, strawberries, raspberries, tundra berries, currants, lots of herbs and hops. 🌱 

#garden #gardening #coloradogardening #organicgardening #fortcollins #colorado","#garden,#gardening,#coloradogardening,#organicgardening,#fortcollins,#colorado",5,,2025-06-14T00:28:45.000Z,14w
https://www.instagram.com/p/DMw2UHxMLos/,organicgardening,https://www.instagram.com/debbiegrowsthelove/,debbiegrowsthelove,"Just picked bowl of tomatoes. As beautiful as they are delicious.
#tomato 
#jewels 
#tomatoesofinstagram 
#beautiful 
#delicious
#freshfood 
#organicgardening 
#heirloom 
#inmygardentoday","#tomato,#jewels,#tomatoesofinstagram,#beautiful,#delicious,#freshfood,#organicgardening,#heirloom,#inmygardentoday",52,,2025-07-31T07:09:36.000Z,7w
https://www.instagram.com/p/DN4fgIfjDN5/,organicgardening,https://www.instagram.com/thecancerwarrior/,thecancerwarrior,Another small harvest from the #outdoorgardenspace  Still have many tomatoes/peppers/cukes on the vine #growyourownfood  #organicgardening  #backyardlove #latergram,"#outdoorgardenspace,#growyourownfood,#organicgardening,#backyardlove,#latergram",8,,2025-08-28T02:55:34.000Z,3w
https://www.instagram.com/p/DNRC9XroBNC/,organicgardening,https://www.instagram.com/mikesallotment/,mikesallotment,"Nom!

#organicgardening
#gardeninglife
#allotmentuk
#allotmentlife
#allotment
#gardening
#gardeninguk
#growyourownfood
#growyourown
#growyourownveggies
#allotmentdiy
#eatwhatyougrow","#organicgardening,#gardeninglife,#allotmentuk,#allotmentlife,#allotment,#gardening,#gardeninguk,#growyourownfood,#growyourown,#growyourownveggies,#allotmentdiy,#eatwhatyougrow",25,,2025-08-12T19:15:47.000Z,5w
https://www.instagram.com/p/DOXn4w-jqoL/,organicgardening,https://www.instagram.com/betterhomesharvests/,betterhomesharvests,"🌱 Cultivate your dream garden! Our organic gardening tool & seed sale is blooming now at betterhomesandharvests.com! Shop high-quality, sustainable essentials. #gardening #organicgardening #sale #gardenlife #betterhomesandharvests","#gardening,#organicgardening,#sale,#gardenlife,#betterhomesandharvests",,,2025-09-09T05:05:27.000Z,1w
https://www.instagram.com/p/DL24QJDNFeI/,organicgardening,https://www.instagram.com/gardensoxx/,gardensoxx,"🥒Growing cucumbers in GardenSoxx?
Here are 4 tips to boost your harvest! ⬇️

✅ Cucumbers LOVE warmth and sunshine - plant them only once the weather warms up.
✅ Add a trellis early to grow up, not out.
✅ Keep them well watered, but avoid getting the foliage wet.
✅ Pick them often to keep the plant producing throughout the season.

With the right setup, you’ll be picking crisp, homegrown cucumbers in no time! 💚

Have you tried growing cukes in a container like this before?
Drop your questions or tips below! 👇

#ContainerGardening #CucumberGrowingTips #UrbanGardening #GardenSoxx #GrowYourOwnFood #RaisedBedGardening #OrganicGardening #VerticalGarden #SummerHarvest #GardeningTips #SoilHealth #EasyGardening","#ContainerGardening,#CucumberGrowingTips,#UrbanGardening,#GardenSoxx,#GrowYourOwnFood,#RaisedBedGardening,#OrganicGardening,#VerticalGarden,#SummerHarvest,#GardeningTips,#SoilHealth,#EasyGardening",10,,2025-07-08T18:50:41.000Z,10w
https://www.instagram.com/p/DOWmbCwDvaF/,organicgardening,https://www.instagram.com/lewes_garden_4_wildlife/,lewes_garden_4_wildlife,"How long is it before the previously respected gardening practices and advice go out of fashion or are surpassed by more modern methods meaning your old faithful gardening books are out of date?

I have a 1991 copy of Geoff Hamilton's ""Successful Organic Gardening"" and in it he talks about the importance of digging the soil to free up compacted ground and allow air and water to pass through the soil.

But now there seems to be a movement towards the ""no dig"" method with even the R.H.S. promoting it and using it at Wisley. It says ""Now, scientific evidence shows us that [digging] damages soil structure and disrupts the natural processes that occur within it. This makes no-dig a better choice for soil health by minimising disturbance."" [see this page: https://www.rhs.org.uk/soil-composts-mulches/no-dig-gardening]

I realise a lot of the information from 1991 probably is still valid but glad I double checked about no dig before spending hours in the garden with my spade.

#lewes #garden #gardenwildlife #gardeningforwildlife #wildlife #lg4w #lewesgardens #lewesgarden4wildlife #gardening #geoffhamilton #organicgardening #gardeningbooks","#lewes,#garden,#gardenwildlife,#gardeningforwildlife,#wildlife,#lg4w,#lewesgardens,#lewesgarden4wildlife,#gardening,#geoffhamilton,#organicgardening,#gardeningbooks",4,,2025-09-09T06:51:48.000Z,1w
https://www.instagram.com/p/DKjjPzyRxIu/,organicgardening,https://www.instagram.com/ashs.backyardgarden/,ashs.backyardgarden,"I've been sorting through photos ready to give a talk to the @growitlocal community about how I designed and built my vegetable garden. 

I love this ariel shot of the garden as you get a great understanding of the space and how it's used.

If you're keen to join me and @_paul_west_ this Thursday night to hear about my garden, then jump on over to the @growitlocal page for the details 👌",,188,,2025-06-06T10:10:04.000Z,15w
https://www.instagram.com/p/DOB5SshDIoi/,organicgardening,https://www.instagram.com/jessukgardendiaries/,jessukgardendiaries,"When you come back from holiday to your best harvest 🧺 of the season and have to take a pic from every angle. Can you relate? 😅

In the basket: tomatoes, chillies, sweet peppers, cucumbers (regular and round ones), uchiki kuri squash, basil, runner beans, late strawberries (and the golden raspberries which didn’t make it to the basket 🤭)

What are you harvesting right now?

__________________________________
#harvestbasket #tomatoes #chillies #sweetpeppers #cucumbers #uchikikuri #wintersquash #sweetbasil #runnerbeans #softfruit #organicgardening #kitchengarden #gardeningforbeginners #girlswhogarden #instagardeners #gardenblogger #igrewthis #grownfromseed #growwhatyoueat #gardengram #gardening #ukgarden #backyardgardening #summerharvest #happygardener #mygardendiary","#harvestbasket,#tomatoes,#chillies,#sweetpeppers,#cucumbers,#uchikikuri,#wintersquash,#sweetbasil,#runnerbeans,#softfruit,#organicgardening,#kitchengarden,#gardeningforbeginners,#girlswhogarden,#instagardeners,#gardenblogger,#igrewthis,#grownfromseed,#growwhatyoueat,#gardengram,#gardening,#ukgarden,#backyardgardening,#summerharvest,#happygardener,#mygardendiary",1218,,2025-08-31T18:34:06.000Z,3w
https://www.instagram.com/p/DOOFmcOk2h-/,organicgardening,https://www.instagram.com/gardeningfram/,gardeningfram,"Still struggling to grow veggies?👇

🥕 Whether it’s your first garden or your fifth, this guide walks you from seed to harvest — with organic, edible success.
Credit: • theveggie.gardener
Follow @gardeningfram 
What is your favorite shirt⁠
💥 𝗦𝗛𝗢𝗣 𝗡𝗢𝗪 🔥𝗟𝗜𝗡𝗞 𝗜𝗡 𝗠𝗬 𝗕𝗜𝗢 👆🏻 𝗦𝗵𝗶𝗽𝗽𝗶𝗻𝗴 ✈️⁠

#gardening #organicgardening #gardeninglife #urbangardening #containergardening #gardeningtips #gardeningisfun #gardeningaustralia #gardeninglove #indoorgardening #gardeningismytherapy #homegardening #gardeningideas #thehappygardeninglife #lovegardening #backyardgardening #gardeningwithkids #vegetablegardening #gardeningmakesmehappy #gardening101 #ilovegardening #gardening_feature #gardeninggoals #gardeningtime #gardeninguk #gardeningday #gardeningfun #gardeningtherapy #gardeningtools #balconygardening","#gardening,#organicgardening,#gardeninglife,#urbangardening,#containergardening,#gardeningtips,#gardeningisfun,#gardeningaustralia,#gardeninglove,#indoorgardening,#gardeningismytherapy,#homegardening,#gardeningideas,#thehappygardeninglife,#lovegardening,#backyardgardening,#gardeningwithkids,#vegetablegardening,#gardeningmakesmehappy,#gardening101,#ilovegardening,#gardening_feature,#gardeninggoals,#gardeningtime,#gardeninguk,#gardeningday,#gardeningfun,#gardeningtherapy,#gardeningtools,#balconygardening",130,,2025-09-05T12:12:32.000Z,2w
https://www.instagram.com/p/DMHa2vvKbol/,organicgardening,https://www.instagram.com/lucyintheplotwithflowers/,lucyintheplotwithflowers,"Tomato Tuesday Update! 🍅🌱

Tomatoes galore over here! While we’re still waiting for ripe tomatoes, the plants are loaded with fruit and looking super promising. Won’t be long now until harvest time! 

This year we are growing:
🍅 Sart Roloise 
🍅Alice’s Dream
🍅Gargamel
🍅Purple Sunrise
🍅Yellow Brandywine
🍅Cherry Bumblebee
🍅Lithium Sunset
🍅Ozark Subrise
🍅Honey Delight Cherry
🍅Plum Roma
🍅Pink heart

Scroll to the end to see the allotment where these tomatoes are growing under the beautiful July sunshine ☀️🌿🌸🌻

How are your tomatoes doing this week? Are you harvesting yet? 🍅

#tomato #tomatotuesday #growingtomatoes #tomatoplant #homegrowntomatoes #tomatoes #heirlooms #heirloom #tomatolover #organictomatoes #growyourfood #growyourownveggies #allotment #allotmentuk #allotmenteer #allotmentgarden #veggiegardens #eatwhatyougrow #mygardenthismonth #gardening #gardeninginspiration #gardengoals #happygardener #gardenupdate #inmygardentoday #growingvegetables #homegrown 
#organicgardening","#tomato,#tomatotuesday,#growingtomatoes,#tomatoplant,#homegrowntomatoes,#tomatoes,#heirlooms,#heirloom,#tomatolover,#organictomatoes,#growyourfood,#growyourownveggies,#allotment,#allotmentuk,#allotmenteer,#allotmentgarden,#veggiegardens,#eatwhatyougrow,#mygardenthismonth,#gardening,#gardeninginspiration,#gardengoals,#happygardener,#gardenupdate,#inmygardentoday,#growingvegetables,#homegrown,#organicgardening",163,,2025-07-15T05:00:49.000Z,9w
https://www.instagram.com/p/DIdLkDfKf_f/,organicgardening,https://www.instagram.com/melanie_home_/,melanie_home_,"Wenn man weiß, das der Tag wild wird, ist es wichtig den Fokus nicht zu verlieren.
Also freue ich mich jetzt schon auf den Feierabend im Schrebergarten.
Das Licht ist abends immer himmlisch!
Habt einen angenehmen Tag.🫶
#kleingarten #schrebergarten #parzelle #allotment #allotmentgarden #gardening #gardenlove #gardengirl #feierabend #sunset #sonnenuntergang #binimgarten #radioschrebergarten #growyourownflowers #schnittblumen #cutflowers #cutflowergarden #abendstimmung #zeitfürmich #gartenliebe #gartenglück #staketenzaun #beinwell #blumengarten #nature #organicgardening #urbangardening #enjoylife #slowliving #zauberhaft","#kleingarten,#schrebergarten,#parzelle,#allotment,#allotmentgarden,#gardening,#gardenlove,#gardengirl,#feierabend,#sunset,#sonnenuntergang,#binimgarten,#radioschrebergarten,#growyourownflowers,#schnittblumen,#cutflowers,#cutflowergarden,#abendstimmung,#zeitfürmich,#gartenliebe,#gartenglück,#staketenzaun,#beinwell,#blumengarten,#nature,#organicgardening,#urbangardening,#enjoylife,#slowliving,#zauberhaft",56,,2025-04-15T05:44:54.000Z,22w
https://www.instagram.com/p/DN1NyAn3NiO/,organicgardening,https://www.instagram.com/auntiemelon/,auntiemelon,"Today’s haul!
.
Mark your calendars for next year April-May 2026 to get your organic veggie and flower seedlings and more from Patti:
Blue Moon Farm Essex
28 Choate ST, Essex, MA., 978-768-3399.
.
#bluemoonfarm_essex #organicgardening #growyourownfood #veggieseedlings #flowerseedlings #gardening #vegtableseedings #essexma #ipswichma #manchesterbytheseama #gloucesterma #wenhamma #rockportma #hamiltonma","#bluemoonfarm_essex,#organicgardening,#growyourownfood,#veggieseedlings,#flowerseedlings,#gardening,#vegtableseedings,#essexma,#ipswichma,#manchesterbytheseama,#gloucesterma,#wenhamma,#rockportma,#hamiltonma",28,,2025-08-26T20:23:00.000Z,3w
https://www.instagram.com/p/DNmNTJeS7PI/,organicgardening,https://www.instagram.com/willowscommschool/,willowscommschool,"The Willows Garden in Full Bloom!

From sunflowers to lavender, and even some teeny tiny insect friends, the Willows Garden is teeming with life, a result of our wonderful organic gardening program! Each year, students of all ages plant new seeds, cultivate existing vegetation, and learn about sustainable organic gardening practices. 

#schoolgarden #organicgardening #sustainability #backtoschool #progressiveschool #dk8school #independentschool #steam #socialemotional #culvercity #thewillowscommunityschool","#schoolgarden,#organicgardening,#sustainability,#backtoschool,#progressiveschool,#dk8school,#independentschool,#steam,#socialemotional,#culvercity,#thewillowscommunityschool",68,,2025-08-21T00:30:05.000Z,4w
https://www.instagram.com/p/DMDzlEhO7JO/,organicgardening,https://www.instagram.com/empowered.spaces/,empowered.spaces,"Grateful for the slowing down that mornings together in our community garden bring. 

A few pictures to share of the glimmers from the garden. 

We harvested our first eggplant this morning. 

Our pawpaw trees and persimmon trees are also fruiting for the first time. 

We ended our garden morning with a grounding meditation and mindful movement practice led by Laurie @lauriekatebrock 💜 

Thank you to everyone who is growing this garden with us. 

#stlouis #communitygarden #qualityfoodforeveryone #organicgardening #healingispossible","#stlouis,#communitygarden,#qualityfoodforeveryone,#organicgardening,#healingispossible",,,2025-07-13T19:19:53.000Z,10w
https://www.instagram.com/p/DOfCsJPjBdw/,organicgardening,https://www.instagram.com/theavidagriculturalist/,theavidagriculturalist,"Today’s harvest had me beyond baffled! This “squash” grew in a random part of my backyard and I just left it. Months later I’m realizing it might be a type of melon. Does anyone have any thoughts? In the meantime… I made a mighty piece of sole with my veggies from the past few days! 

#backyardgarden #homegrown #organic #organicgardening","#backyardgarden,#homegrown,#organic,#organicgardening",19,,2025-09-12T02:14:11.000Z,1w
https://www.instagram.com/p/DOSd6QpDjGo/,organicgardening,https://www.instagram.com/betterhomesharvests/,betterhomesharvests,"See the image below: A family joyfully harvests tomatoes in their organic garden.

Industrial farming often relies on practices that can harm our environment and potentially impact our health. At Better Homes and Harvests, we believe there’s a better way! We're passionate about sustainable farming and homesteading, connecting you to healthier food and stronger communities.

Just yesterday, young Lily exclaimed, ""These tomatoes taste like sunshine!"" That's the magic of organic gardening. Taste the difference, feel the difference.

Ready to embrace a more natural way of life? Visit our website (link in bio) for healthy recipes, homesteading tips, and DIY projects! #sustainablefarming #organicgardening #homesteading #healthyfood #eatlocal #farmtotable #betterhomesandharvests","#sustainablefarming,#organicgardening,#homesteading,#healthyfood,#eatlocal,#farmtotable,#betterhomesandharvests",,,2025-09-07T05:02:04.000Z,2w
https://www.instagram.com/p/DNA-XfNv9LB/,organicgardening,https://www.instagram.com/gardening_igbax/,gardening_igbax,"Credit gardening_for_beginner_ Tips
What is your favorite shirt⁠
💥 𝗦𝗛𝗢𝗣 𝗡𝗢𝗪 🔥𝗟𝗜𝗡𝗞 𝗜𝗡 𝗠𝗬 𝗕𝗜𝗢 👆🏻 𝗦𝗵𝗶𝗽𝗽𝗶𝗻𝗴 ✈️⁠ #gardeningideas #backyardgardening #lovegardening #gardeningwithkids #gardeningtips #homegardening #gardeninglife #happygardening #epicgardening #gardeningfun #gardeningisfun #gardeningismytherapy #gardening101 #gardeningtherapy #urbangardening #thehappygardeninglife #balconygardening #instagardening #gardeningislife #gardening #gardeningmakesmehappy #gardeningaustralia #organicgardening #gardeningtime #gardening_feature #gardeninglove #ilovegardening #vegetablegardening #containergardening #indoorgardening","#gardeningideas,#backyardgardening,#lovegardening,#gardeningwithkids,#gardeningtips,#homegardening,#gardeninglife,#happygardening,#epicgardening,#gardeningfun,#gardeningisfun,#gardeningismytherapy,#gardening101,#gardeningtherapy,#urbangardening,#thehappygardeninglife,#balconygardening,#instagardening,#gardeningislife,#gardening,#gardeningmakesmehappy,#gardeningaustralia,#organicgardening,#gardeningtime,#gardening_feature,#gardeninglove,#ilovegardening,#vegetablegardening,#containergardening,#indoorgardening",242,,2025-08-06T13:27:49.000Z,6w
https://www.instagram.com/p/DKmEFyCqi4Q/,organicgardening,https://www.instagram.com/pickersdane/,pickersdane,"Debbie loves the kohlrabi! Never mind the empty G&T… Friday night harvesting #aftertherain

#veg #inmygarden #vegetablegarden #harvest #organicgardening #plantsmakemehappy","#aftertherain,#veg,#inmygarden,#vegetablegarden,#harvest,#organicgardening,#plantsmakemehappy",30,,2025-06-07T09:40:56.000Z,15w
https://www.instagram.com/p/DI35WPvKQB2/,organicgardening,https://www.instagram.com/jamesasinclair/,jamesasinclair,"Exciting progress at this brand new garden. The soil is warm enough to direct sow into and the first tomatoes have been planted into the greenhouse beds. Oh and the tulips are pretty spectacular too!

.
.
#organic #organicgardening #newgarden #allthingsbotanical #bloom #springflowers #botanicalwomen #cotswolds #cotswoldlife #englishgarden #englishcountrygarden #englishgardenstyle #flowers #flowerstagram #gardenersofinstagram #grow #gyo #vegetablegarden #walledgarden #gardendesign #horticulturist #inspiremyinstagram #latergram #momentsofmine #myeverydaymagic #lovemyjob #spring #petal_perfection #makkapakka","#organic,#organicgardening,#newgarden,#allthingsbotanical,#bloom,#springflowers,#botanicalwomen,#cotswolds,#cotswoldlife,#englishgarden,#englishcountrygarden,#englishgardenstyle,#flowers,#flowerstagram,#gardenersofinstagram,#grow,#gyo,#vegetablegarden,#walledgarden,#gardendesign,#horticulturist,#inspiremyinstagram,#latergram,#momentsofmine,#myeverydaymagic,#lovemyjob,#spring,#petal_perfection,#makkapakka",109,,2025-04-25T14:45:14.000Z,21w
https://www.instagram.com/p/DM5tQ6vq0i9/,organicgardening,https://www.instagram.com/knott_the_plot/,knott_the_plot,"With storm 'Floris' due tomorrow I've done my greenhouse duties today as I've no intention of spending time in a rickety glass greenhouse when up to 60 mph winds are expected here on the coast tomorrow 😒.

The tomatoes have been well watered and fed and I've had another lovely pick of tomatoes including the first ripe tomato of a variety I've never grown before 'Ace 55 VF' (it was a pack of seeds that were in a gift pack I was given). I've no idea what it tastes like but it has a look of 'Marmande'
Other varieties picked are:

Black Beauty
Blue Beauty
Alices Dream
Sart Roloise
Tigerella
Red Cherry
Marmande
Red Robin

I know you guys in Scotland have a worst forecast than us so, please stay safe 🤗

#floris #greenhouse #tomatoes #grow #greenthumb #gardening #growyourown #kitchengarden #eatwhatyougrow #ediblegarden #tomato #garden #lovetogrow #gardenersofinstagram #organicgardening #mygarden","#floris,#greenhouse,#tomatoes,#grow,#greenthumb,#gardening,#growyourown,#kitchengarden,#eatwhatyougrow,#ediblegarden,#tomato,#garden,#lovetogrow,#gardenersofinstagram,#organicgardening,#mygarden",92,,2025-08-03T17:43:42.000Z,7w
https://www.instagram.com/p/DIbAVm2o17N/,organicgardening,https://www.instagram.com/florianhada/,florianhada,"Pe mâine, în piața din Centru...

#herbs #organicgardening #basil #cherrytomatoes #chives","#herbs,#organicgardening,#basil,#cherrytomatoes,#chives",13,,2025-04-14T09:28:20.000Z,22w
https://www.instagram.com/p/DMDP4_sPJn-/,organicgardening,https://www.instagram.com/jancess_cute/,jancess_cute,"My kamatis, man jalteng lara Dakel lay bunga da
#highlighteveryone #ThankYouLord #organicgardening","#highlighteveryone,#ThankYouLord,#organicgardening",3,,2025-07-13T14:08:02.000Z,10w
https://www.instagram.com/p/DL7tlrEIjPD/,organicgardening,https://www.instagram.com/ourforestgarden/,ourforestgarden,"We recently bought four additional 1000-liter tanks to collect rainwater, and we placed vegetable pots on top of one of them.

Love+light,
❤️",,6,,2025-07-10T15:53:37.000Z,10w
https://www.instagram.com/p/DL4Zea4K6Ly/,organicgardening,https://www.instagram.com/amberjane_theorganicyarden/,amberjane_theorganicyarden,"Summer Success in the Organic Yarden! 🌿
Busy life? ADHD brain on overdrive? Still want your garden to thrive? Here are a few quick wins to keep your patch productive, pollinator-friendly, and downright gorgeous – without losing your marbles (or your marigolds).

💚 Real tips for real gardeners.
🌱 Organic, practical, and a little bit scruffy – just like nature intended.
🐝 Let’s grow this summer – one small win at a time!

✨ Watch, save & share if your garden is your therapy too 💬
#TuesdayTips #SummerInTheYarden #OrganicGardening #BusyGardenerHacks #PollinatorFriendly #TheOrganicYarden #GrowWhatYouLove","#TuesdayTips,#SummerInTheYarden,#OrganicGardening,#BusyGardenerHacks,#PollinatorFriendly,#TheOrganicYarden,#GrowWhatYouLove",15,,2025-07-09T09:00:58.000Z,10w
https://www.instagram.com/p/DKTOWeXtgcJ/,organicgardening,https://www.instagram.com/theschoolhouseroad/,theschoolhouseroad,"Got something done today that I meant to do last year: built a little section for the root veggies! 🫜🥕 🫜

I’m not one for tilling much, but after two years under a tarp, the soil needed a little loosening. Now it just needs a top layer of compost, and we’ll be good to grow! And considering this section is about the size of my old garden in the city, that takes care of today’s workout. 😅

Any tips on how to keep the grass out of the garden is welcome. It gives zero cares about a weed tarp. I haaaate grass. (Says the girl who loves living in the grasslands 😂.) It grows everywhere you don’t want it, and nowhere you want it. 

#garden #victorygarden #gardening #gardenplanning #gardenplan #gardenmagic #howdoesyourgardengrow #growyourown #organicgardening #vegetablegarden #herbgarden #raisedbedgarden #ingroundgarden #trellisgardening #containergardening #pollinatorgarden #northernclimategardening #homestead #homesteading #theschoolhouseroad","#garden,#victorygarden,#gardening,#gardenplanning,#gardenplan,#gardenmagic,#howdoesyourgardengrow,#growyourown,#organicgardening,#vegetablegarden,#herbgarden,#raisedbedgarden,#ingroundgarden,#trellisgardening,#containergardening,#pollinatorgarden,#northernclimategardening,#homestead,#homesteading,#theschoolhouseroad",2,,2025-05-31T01:59:37.000Z,16w
https://www.instagram.com/p/DIuKOgUNc3F/,organicgardening,https://www.instagram.com/tngaustin/,tngaustin,"🌎 Happy Earth Week! 

To celebrate, we'll be sharing one earth-friendly tip each day this week — simple, impactful ways that you can help take care of our planet. 

𝗗𝗮𝘆 𝗢𝗻𝗲: 𝗠𝘂𝗹𝗰𝗵 𝗶𝘀 𝗮 𝗠𝘂𝘀𝘁

“𝙏𝙝𝙚 𝙨𝙤𝙞𝙡 𝙛𝙤𝙤𝙙 𝙬𝙚𝙗 𝙞𝙨 𝙖 𝙘𝙤𝙢𝙢𝙪𝙣𝙞𝙩𝙮 𝙤𝙛 𝙤𝙧𝙜𝙖𝙣𝙞𝙨𝙢𝙨 𝙥𝙡𝙖𝙮𝙞𝙣𝙜 𝙤𝙪𝙩 𝙖 𝙙𝙧𝙖𝙢𝙖: 𝙬𝙝𝙚𝙣 𝙤𝙣𝙚 𝙤𝙧 𝙖𝙣𝙤𝙩𝙝𝙚𝙧 𝙘𝙝𝙖𝙧𝙖𝙘𝙩𝙚𝙧 𝙞𝙨 𝙧𝙚𝙢𝙤𝙫𝙚𝙙, 𝙞𝙩 𝙢𝙖𝙮 𝙝𝙖𝙫𝙚 𝙨𝙞𝙜𝙣𝙞𝙛𝙞𝙘𝙖𝙣𝙩 𝙘𝙤𝙣𝙨𝙚𝙦𝙪𝙚𝙣𝙘𝙚𝙨 𝙤𝙣 𝙝𝙤𝙬 𝙩𝙝𝙚 𝙥𝙡𝙖𝙮 𝙪𝙣𝙛𝙤𝙡𝙙𝙨.” - from Teaming with Microbes by Jeff Lowenfels

Think of mulch as the guardian of the soil food web. It reduces moisture loss and keeps soil cool by shielding it from the sun, fostering the conditions soil organisms need to thrive. If soil health is lacking, or some key elements are absent, it can't properly sustain plant life.

In Central Texas, it’s more important now than ever to provide mulch for mature native trees, as persistent droughts continue to threaten their livelihood. When mulching trees, be generous and add 2–3 inches all around the canopy. The wider an area you can cover, the better!

Mulch will break down over time, so don’t worry about overdoing it. Just be sure to leave a couple of inches around the base of the tree with no mulch so the root flair can breathe, and to reduce the risk of disease.

By feeding your soil with natural inputs and protecting it with mulch, you’ll support and champion a living system that, in turn, will sustain you and ensure that future generations have shade.

#earthday #austintx #OrganicGardening","#earthday,#austintx,#OrganicGardening",54,,2025-04-21T20:16:14.000Z,21w
https://www.instagram.com/p/DOHIvdlkybB/,organicgardening,https://www.instagram.com/westcoastseeds/,westcoastseeds,"Autumn 🍂 is coming around! Which tasks are you getting done this month?⁠
-⁠
#organicgardening #lovetogarden #gardentour","#organicgardening,#lovetogarden,#gardentour",137,,2025-09-02T19:25:23.000Z,2w
https://www.instagram.com/p/DOlq7aojAo3/,organicgardening,https://www.instagram.com/ucmastergardenersoc/,ucmastergardenersoc,"Organic Gardening is a huge subject, far too much to include here. As September is Organic Gardening month, we've put together a short overview. 🌿

Origins • Pioneered in the 1940s by British agronomist Sir Albert Howard • Developed for farmers who couldn't afford expensive synthetic amendments • Based on natural soil cycles rather than petroleum-based products

Core Principles • Use only naturally-derived materials, no synthetic substances • Focus on building soil health as the foundation • Strengthen plants' natural defenses against pests and diseases

Soil Health Practices • Compost organic waste and kitchen scraps • Add organic matter regularly to improve soil structure • Avoid synthetic fertilizers and chemical amendments

Pest and Weed Control • Use botanical insecticides and soaps instead of chemicals • Apply cultural controls like mulching and cultivation • Rely on strong, healthy plants to naturally resist problems 

Benefits • Creates sustainable growing cycle • Reduces dependency on external inputs • Builds long-term soil fertility and plant health 🐝

 #UCMasterGardenersofOrangeCounty 
#UCMasterGardeners #UCANR 
 #organic #organicgardening #organicgarden","#UCMasterGardenersofOrangeCounty,#UCMasterGardeners,#UCANR,#organic,#organicgardening,#organicgarden",1,,2025-09-14T16:01:15.000Z,1w
https://www.instagram.com/p/DOuMWkOlOWA/,organicgardening,https://www.instagram.com/limitlessgrowthco/,limitlessgrowthco,"Fast Growing Veggies Seed Pack: Harvest in No Time!
*
Ready to taste your own homegrown veggies in just weeks? Our Fast Growing Veggies Seed Pack is perfect for anyone craving quick results and fresh flavours—no matter your space or experience level. Whether you’re gardening on a balcony, windowsill, or backyard, these seeds are hand-picked for easy, reliable growth in Canadian climates. Enjoy crisp, nutrient-packed veggies that go from seed to table faster than you thought possible. Perfect for busy lives, new gardeners, or anyone who wants to see (and taste) the rewards of growing their own food—without the wait!
*
Includes: Arugula, Baby Carrots, Chives, Lettuce, Peas, Radish, Spinach, and more!
*
What’s your favourite fast-growing veggie to harvest first? Or, if you’re new—what are you most excited to try growing?
*
Get your Fast Growing Veggies Seed Pack On Amazon at https://www.amazon.ca/dp/B0FK43QW4R
*
#LimitlessGrowth #GrowWithLGC
*
#fastgrowingveggies #seedstarting #kitchengarden #growfoodfast #harvestquickly #canadiangardener #urbangardening #growyourownfood #homegrownveggies #gardeninglife #organicgardening #gardenersofinstagram #canadagrows #yeggardeners #greenthumbcanada","#LimitlessGrowth,#GrowWithLGC,#fastgrowingveggies,#seedstarting,#kitchengarden,#growfoodfast,#harvestquickly,#canadiangardener,#urbangardening,#growyourownfood,#homegrownveggies,#gardeninglife,#organicgardening,#gardenersofinstagram,#canadagrows,#yeggardeners,#greenthumbcanada",,,2025-09-17T23:27:18.000Z,3d
https://www.instagram.com/p/DNxRjMo0oBP/,organicgardening,https://www.instagram.com/myfoodgardenexpert/,myfoodgardenexpert,"Winter gardening starts with the right plants and nourished soil. Learn how to care for your garden through the colder months. Enroll in our 𝒐𝒓𝒈𝒂𝒏𝒊𝒄 𝒇𝒐𝒐𝒅 𝒈𝒂𝒓𝒅𝒆𝒏 coaching sessions today!

Call us 📲 +61401156532
Visit us 👉 myfoodgarden.com.au

#myfoodgarden #foodgarden #workshop #gardenplanting #gardencoaching #gardenworkshop #organicgardening #biodynamicgardening #urbanfarm #vegetablegarden","#myfoodgarden,#foodgarden,#workshop,#gardenplanting,#gardencoaching,#gardenworkshop,#organicgardening,#biodynamicgardening,#urbanfarm,#vegetablegarden",6,,2025-08-25T07:38:59.000Z,3w
https://www.instagram.com/p/DOl5B2ij5KI/,organicgardening,https://www.instagram.com/idigherbs/,idigherbs,"Todays harvest 😍 It’s a big one 😅🙌🏼🍐🥒🥔🌶️🫑🍅🍅🍅🌼🌼 
Pears, Plums, Potatoes, Peppers both hot and sweet, Blackberries, Cucumbers, the usual amounts of Tomatoes and Calendula  and a basket of young fuzzy Mullein leaf, which means the temps are dropping but we’re not going to talk about that 🤐🍂👎🏼#ilovesummer #fallsucks #growtherainbow #eattherainbow #growyourownfood #healthiswealth #todaysharvest #organicgardening #idigthis #beautifulfood #playwithyourfood #veggiegarden","#ilovesummer,#fallsucks,#growtherainbow,#eattherainbow,#growyourownfood,#healthiswealth,#todaysharvest,#organicgardening,#idigthis,#beautifulfood,#playwithyourfood,#veggiegarden",385,,2025-09-14T18:04:27.000Z,1w
https://www.instagram.com/p/DIoTGRnzFZx/,organicgardening,https://www.instagram.com/mini_urban_garden/,mini_urban_garden,"Sharing my blessings ❤️ Breaking up my Purple Yam and sharing with others💜

🍅 Rounding up the underrated cherry tomatoes now that season is ending 😊 I'll freeze some,share some.

It's always so amazing how a tiny space can keep producing so much food.

My kohlrabi sown late are small but oh so delicious 😋 

Happy gardening 💚 🌱 💚 

Shetalu Vero Sumao 

#harvest
#homegrown 
#kitchengarden 
#urbangarden 
#organicgardening 
#gardening 
#growingfood 
#gardeninspiration 
#gardeninggoals 
#gardenersofinstagram 
#sustainability 
#makeyourowncompost 
#eatwhatyougrow 
#eathealthy 
#smallspacegardening 
#mini_urban_garden 
#nagaland","#harvest,#homegrown,#kitchengarden,#urbangarden,#organicgardening,#gardening,#growingfood,#gardeninspiration,#gardeninggoals,#gardenersofinstagram,#sustainability,#makeyourowncompost,#eatwhatyougrow,#eathealthy,#smallspacegardening,#mini_urban_garden,#nagaland",561,,2025-04-19T13:22:23.000Z,22w
https://www.instagram.com/p/DMG0GUvvYlZ/,organicgardening,https://www.instagram.com/sunnny.deeee/,sunnny.deeee,"🧄 Garlic harvest 🧄  
We harvested 50 nice heads of garlic from one of our raised bed this week. Have it hanging now to cure, using some empty seedling trays for a makeshift curing rack.  
  
#garlic #harvest #organicgardening #raisedbedgarden #growyourfood","#garlic,#harvest,#organicgardening,#raisedbedgarden,#growyourfood",45,,2025-07-14T23:22:09.000Z,9w
https://www.instagram.com/p/DMDErVTyTEc/,organicgardening,https://www.instagram.com/arlenevasquez2015/,arlenevasquez2015,"Today, we harvested organic sweet potato leaves from our backyard garden. 💚💐❤️🌸Sweet potato leaves provide a range of health benefits due to their rich nutritional content, including vitamins, minerals, antioxidants, and fiber. They may help improve immune function, reduce oxidative stress, and lower the risk of cardiovascular disease and certain cancers.🥰💚💐🌸 #organicgardening #organic #kapagmayitinanimmayaanihin #backyardgarden #homegarden #gardening #garden #healthylifestyle #healthyliving #healthyhabits #healthyfood #healthbenefits #thankyou #thankyouforyoursupport #highlightsシ゚ #everyonehighlights #everyonefollowers #followformore #followforfollowback","#organicgardening,#organic,#kapagmayitinanimmayaanihin,#backyardgarden,#homegarden,#gardening,#garden,#healthylifestyle,#healthyliving,#healthyhabits,#healthyfood,#healthbenefits,#thankyou,#thankyouforyoursupport,#highlightsシ゚,#everyonehighlights,#everyonefollowers,#followformore,#followforfollowback",8,,2025-07-13T12:30:03.000Z,10w
https://www.instagram.com/p/DIs9m4Dz9dr/,organicgardening,https://www.instagram.com/createwithmariam/,createwithmariam,"An attempt at growing our own food. Featuring: Eggplant
Please excuse the lighting, was taking pictures while the sun was going down...
.
.
.
#growingfood #homegrowing #organicgardening #organicfood #gardeningtime #gardentherapy #odishadiaries #farmstead #homestead
.
.
.
Have you tried growing your own food? Let me know in the comments what you think of growing food yourself at home.","#growingfood,#homegrowing,#organicgardening,#organicfood,#gardeningtime,#gardentherapy,#odishadiaries,#farmstead,#homestead",,,2025-04-21T08:50:47.000Z,21w
https://www.instagram.com/p/DNKvjhTyeHq/,organicgardening,https://www.instagram.com/motionmeditation/,motionmeditation,"Radish & rhubarb kind of week, with a mysterious cameo from a creepy yet cute lil snow man creeping outside our door ⛄️ @rhyshamlyn @mt_buller #yogalife #growyourown #growyourownveggies #radish #organicgardening #snowlife","#yogalife,#growyourown,#growyourownveggies,#radish,#organicgardening,#snowlife",19,,2025-08-10T10:41:11.000Z,6w
https://www.instagram.com/p/DOn1yIHjF6E/,organicgardening,https://www.instagram.com/pumpkinito.patch/,pumpkinito.patch,"One of the best things I have grown this year is rocket. They are so prolific and self sufficient, and they taste amazing in salads, sandwiches and burgers! The slugs ignore them because of their peppery flavor 🚀🥗

#growyourown #growyourownfood #growyourownveggies #gyo #garden #gardening #gardener #ukgardeners  #vegplot #veggrower #veggiegarden  #vegetablegarden #homestead #homesteadlife #homegrown #homegrownveggies #organicgardening","#growyourown,#growyourownfood,#growyourownveggies,#gyo,#garden,#gardening,#gardener,#ukgardeners,#vegplot,#veggrower,#veggiegarden,#vegetablegarden,#homestead,#homesteadlife,#homegrown,#homegrownveggies,#organicgardening",7,,2025-09-15T12:14:34.000Z,6d
https://www.instagram.com/p/DORb-ddDBiy/,organicgardening,,,,,,,,
https://www.instagram.com/p/DN7hq4pjS2W/,organicgardening,,,,,,,,
https://www.instagram.com/p/DNLOfOEskIb/,organicgardening,,,,,,,,
https://www.instagram.com/p/DHXxrdRMJV1/,organicgardening,,,,,,,,
https://www.instagram.com/p/DONXUV_DXpB/,organicgardening,,,,,,,,
https://www.instagram.com/p/DOcUfDfkjaC/,organicgardening,,,,,,,,
https://www.instagram.com/p/DIrBXRvudGn/,organicgardening,,,,,,,,
https://www.instagram.com/p/DHZBIMLOlBN/,organicgardening,,,,,,,,
https://www.instagram.com/p/DNQ-t2QuJVV/,organicgardening,,,,,,,,
https://www.instagram.com/p/DOrDaYHjV3T/,organicgardening,,,,,,,,
https://www.instagram.com/p/DNS711yR-OA/,organicgardening,,,,,,,,
https://www.instagram.com/p/DOeKCEdEztb/,organicgardening,,,,,,,,
https://www.instagram.com/p/DM_QcbGthbG/,organicgardening,,,,,,,,
https://www.instagram.com/p/DKvgaMHtOso/,organicgardening,,,,,,,,
https://www.instagram.com/p/DM5heEeTma3/,organicgardening,,,,,,,,
https://www.instagram.com/p/DLP84IgsH0M/,organicgardening,,,,,,,,
https://www.instagram.com/p/DOA2vFbCeg9/,organicgardening,,,,,,,,
https://www.instagram.com/p/DOBYBbrExGG/,organicgardening,,,,,,,,
https://www.instagram.com/p/DIorb5Vo5C4/,organicgardening,,,,,,,,
https://www.instagram.com/p/DJgVtK3Kyr6/,organicgardening,,,,,,,,
https://www.instagram.com/p/DNqefQYo2QO/,organicgardening,,,,,,,,
https://www.instagram.com/p/DOmBxPQjc9d/,organicgardening,,,,,,,,
https://www.instagram.com/p/DN6cUGsE4tz/,organicgardening,,,,,,,,
https://www.instagram.com/p/DOJ3lUwDJmB/,organicgardening,,,,,,,,
https://www.instagram.com/p/DHeaFpcOCQO/,organicgardening,,,,,,,,
https://www.instagram.com/p/DOJUFxaDcSS/,organicgardening,,,,,,,,
https://www.instagram.com/p/DNP1SClOOhq/,organicgardening,,,,,,,,
https://www.instagram.com/p/DNghW95vRcY/,organicgardening,,,,,,,,
https://www.instagram.com/p/DJ0phj5Izm5/,organicgardening,,,,,,,,
https://www.instagram.com/p/DNTTIPDtT_1/,organicgardening,,,,,,,,
https://www.instagram.com/p/DMvAJS6sG2n/,organicgardening,,,,,,,,
https://www.instagram.com/p/DKYy5PJuKFE/,organicgardening,,,,,,,,
https://www.instagram.com/p/DORFGTyDNjp/,organicgardening,,,,,,,,
https://www.instagram.com/p/DM_PqMDPIX8/,organicgardening,,,,,,,,
https://www.instagram.com/p/DNPCKI1Pbjx/,organicgardening,,,,,,,,
https://www.instagram.com/p/DCylDsJvqDE/,organicgardening,,,,,,,,
https://www.instagram.com/p/DM34IhlPiKG/,organicgardening,,,,,,,,
https://www.instagram.com/p/DII5XEgIqii/,organicgardening,,,,,,,,
https://www.instagram.com/p/DHZEBqByb31/,organicgardening,,,,,,,,
https://www.instagram.com/p/DKi60SfIrS9/,organicgardening,,,,,,,,
https://www.instagram.com/p/DHdzDzrsggT/,organicgardening,,,,,,,,
https://www.instagram.com/p/DL3I8GKTSeC/,organicgardening,,,,,,,,
https://www.instagram.com/p/DHd-JUpzfyk/,organicgardening,,,,,,,,
https://www.instagram.com/p/DHVgrlHIpUK/,organicgardening,,,,,,,,
https://www.instagram.com/p/DMDtIviS-b_/,organicgardening,,,,,,,,
https://www.instagram.com/p/DLiVgbVNlm2/,organicgardening,,,,,,,,
https://www.instagram.com/p/DNTxcGEPrzs/,organicgardening,,,,,,,,
https://www.instagram.com/p/DL7NPEyqjL3/,organicgardening,,,,,,,,
https://www.instagram.com/p/DM_fUKTusNl/,organicgardening,,,,,,,,
https://www.instagram.com/p/DMxslsYo_h_/,organicgardening,,,,,,,,
https://www.instagram.com/p/DKJ7mlztWPk/,organicgardening,,,,,,,,
https://www.instagram.com/p/DNUBlz3RM-0/,organicgardening,,,,,,,,
https://www.instagram.com/p/DLu6r_PRBQl/,organicgardening,,,,,,,,
https://www.instagram.com/p/DNGM5pguhMm/,organicgardening,,,,,,,,
https://www.instagram.com/p/DMdK7luMcEd/,organicgardening,,,,,,,,
https://www.instagram.com/p/DMV5w7XBDBW/,organicgardening,,,,,,,,
https://www.instagram.com/p/DLOVh2BvNMV/,organicgardening,,,,,,,,
https://www.instagram.com/p/DM_nzZuRA_E/,organicgardening,,,,,,,,
https://www.instagram.com/p/DMNJvlQM3IM/,organicgardening,,,,,,,,
https://www.instagram.com/p/DOqSpCDk66h/,organicgardening,,,,,,,,
https://www.instagram.com/p/DIR6LajS1dR/,organicgardening,,,,,,,,
https://www.instagram.com/p/DN7ocvZiPwP/,organicgardening,,,,,,,,
https://www.instagram.com/p/DLhutNYx-uO/,organicgardening,,,,,,,,
https://www.instagram.com/p/DHZ4roip3BU/,organicgardening,,,,,,,,
https://www.instagram.com/p/DJNrYfJzRIX/,organicgardening,,,,,,,,
https://www.instagram.com/p/DHvcDedz3f1/,organicgardening,,,,,,,,
https://www.instagram.com/p/DHsRyMFzZqJ/,organicgardening,,,,,,,,
https://www.instagram.com/p/DM-DPQaqe4h/,organicgardening,,,,,,,,
https://www.instagram.com/p/DNnAcuXPfxk/,organicgardening,,,,,,,,
https://www.instagram.com/p/DMYgQPUS_u5/,organicgardening,,,,,,,,
https://www.instagram.com/p/DKj2S2LsXuO/,organicgardening,,,,,,,,
https://www.instagram.com/p/DKBuyLjMUTC/,organicgardening,,,,,,,,
https://www.instagram.com/p/DKaOZwuIxv9/,organicgardening,,,,,,,,
https://www.instagram.com/p/DNJO5Rt1M-I/,organicgardening,,,,,,,,
https://www.instagram.com/p/DKApmODKHfX/,organicgardening,,,,,,,,
https://www.instagram.com/p/DMQC9ScR5b3/,organicgardening,,,,,,,,
https://www.instagram.com/p/DJfZvyUoDzO/,organicgardening,,,,,,,,
https://www.instagram.com/p/DLqlVAjgh82/,organicgardening,,,,,,,,
https://www.instagram.com/p/DOVKh8vDr94/,organicgardening,,,,,,,,
https://www.instagram.com/p/DM0DXAIvfgJ/,organicgardening,,,,,,,,
https://www.instagram.com/p/DJjZS7LxA3W/,organicgardening,,,,,,,,
https://www.instagram.com/p/DLVhFmoB01x/,organicgardening,,,,,,,,
https://www.instagram.com/p/DOsLkaqDZq9/,organicgardening,,,,,,,,
https://www.instagram.com/p/DM05SkFBSEG/,organicgardening,,,,,,,,
https://www.instagram.com/p/DM3niwLME6O/,organicgardening,,,,,,,,
https://www.instagram.com/p/DNvRsVgXiPd/,organicgardening,,,,,,,,
https://www.instagram.com/p/DLx_ZiiBPbL/,organicgardening,,,,,,,,
https://www.instagram.com/p/DJDWv6_xce9/,organicgardening,,,,,,,,
https://www.instagram.com/p/DLVOo1zR9lR/,organicgardening,,,,,,,,
https://www.instagram.com/p/DM1ETeySwCp/,organicgardening,,,,,,,,
https://www.instagram.com/p/DHh9uq3zLdz/,organicgardening,,,,,,,,
https://www.instagram.com/p/DKhfJQMKesZ/,organicgardening,,,,,,,,
https://www.instagram.com/p/DMXAL_Wxzy0/,organicgardening,,,,,,,,
https://www.instagram.com/p/DOooP_djp_k/,organicgardening,,,,,,,,
https://www.instagram.com/p/DJPNjlxJnBg/,organicgardening,,,,,,,,
https://www.instagram.com/p/DNtvebCQpob/,organicgardening,,,,,,,,
https://www.instagram.com/p/DNAmndoJBo5/,organicgardening,,,,,,,,
https://www.instagram.com/p/DMvmQcjoCJy/,organicgardening,,,,,,,,
https://www.instagram.com/p/DHoUbqyhYc4/,organicgardening,,,,,,,,
https://www.instagram.com/p/DN6qPCuj5R5/,organicgardening,,,,,,,,
https://www.instagram.com/p/DIQ6VwcRtoE/,organicgardening,,,,,,,,
https://www.instagram.com/p/DODfVU7CPMI/,organicgardening,,,,,,,,
https://www.instagram.com/p/DM_GdSlBftt/,organicgardening,,,,,,,,
https://www.instagram.com/p/DOZCS8VjQ31/,organicgardening,,,,,,,,
https://www.instagram.com/p/DOfZH6FiBJY/,organicgardening,,,,,,,,
https://www.instagram.com/p/DHqlGWSs5rt/,organicgardening,,,,,,,,
https://www.instagram.com/p/DHaHGGapxyL/,organicgardening,,,,,,,,
https://www.instagram.com/p/DORLXRvlKfe/,organicgardening,,,,,,,,
https://www.instagram.com/p/DMcqdg-oAlq/,organicgardening,,,,,,,,
https://www.instagram.com/p/DJZGvWAI86j/,organicgardening,,,,,,,,
https://www.instagram.com/p/DGc4reCyE_s/,gardenhacks,,,,,,,,
https://www.instagram.com/p/CiQAA-zK4X4/,gardenhacks,,,,,,,,
https://www.instagram.com/p/DMnSUXzCOAQ/,gardenhacks,,,,,,,,
https://www.instagram.com/p/DNVktr4NcHh/,gardenhacks,,,,,,,,
https://www.instagram.com/p/DCahYGLyDS3/,gardenhacks,,,,,,,,
https://www.instagram.com/p/DNm1aWGMRsc/,gardenhacks,,,,,,,,
https://www.instagram.com/p/DCP4iy_znvO/,gardenhacks,,,,,,,,
https://www.instagram.com/p/DFuJowGJcc7/,gardenhacks,,,,,,,,
https://www.instagram.com/p/C0O78nUuVGr/,gardenhacks,,,,,,,,
https://www.instagram.com/p/DMnbDyhIiXj/,gardenhacks,,,,,,,,
https://www.instagram.com/p/DJeOaRDouua/,gardenhacks,,,,,,,,
https://www.instagram.com/p/DMPu_fJMpe5/,gardenhacks,,,,,,,,
https://www.instagram.com/p/DKGB5g_y57Z/,gardenhacks,,,,,,,,
https://www.instagram.com/p/DJkyHwfJ9uW/,gardenhacks,,,,,,,,
https://www.instagram.com/p/DF0H1MJtHQu/,gardenhacks,,,,,,,,
https://www.instagram.com/p/DNBT5_UtcUH/,gardenhacks,,,,,,,,
https://www.instagram.com/p/DOlxDWLCd9Y/,gardenhacks,,,,,,,,
https://www.instagram.com/p/DFCfzqgIdyp/,gardenhacks,,,,,,,,
https://www.instagram.com/p/DLID_qRMARs/,gardenhacks,,,,,,,,
https://www.instagram.com/p/DMbive6Rs40/,gardenhacks,,,,,,,,
https://www.instagram.com/p/DNBHuXpKm6D/,gardenhacks,,,,,,,,
https://www.instagram.com/p/DMsiq58pKDA/,gardenhacks,,,,,,,,
https://www.instagram.com/p/DG7Eqkkthlr/,gardenhacks,,,,,,,,
https://www.instagram.com/p/DIXZ7aoMBfG/,gardenhacks,,,,,,,,
https://www.instagram.com/p/DAyr6VzTL_G/,gardenhacks,,,,,,,,
https://www.instagram.com/p/DL2VGj_OOr5/,gardenhacks,,,,,,,,
https://www.instagram.com/p/DKHY11mMSLe/,gardenhacks,,,,,,,,
https://www.instagram.com/p/DMVN0jbR9XN/,gardenhacks,,,,,,,,
https://www.instagram.com/p/DKPJq5nslrC/,gardenhacks,,,,,,,,
https://www.instagram.com/p/DOoEXq_EZvL/,gardenhacks,,,,,,,,
https://www.instagram.com/p/DOqeVuoEiD3/,gardenhacks,,,,,,,,
https://www.instagram.com/p/DIIZ_ePTYm4/,gardenhacks,,,,,,,,
https://www.instagram.com/p/DMU8IvYApX9/,gardenhacks,,,,,,,,
https://www.instagram.com/p/DLxdyuKRISS/,gardenhacks,,,,,,,,
https://www.instagram.com/p/DHhIKrGpC62/,gardenhacks,,,,,,,,
https://www.instagram.com/p/DMeAxmdNO67/,gardenhacks,,,,,,,,
https://www.instagram.com/p/DH-hgwLAGJE/,gardenhacks,,,,,,,,
https://www.instagram.com/p/DJSnk83zPQB/,gardenhacks,,,,,,,,
https://www.instagram.com/p/DIHvtigJz0C/,gardenhacks,,,,,,,,
https://www.instagram.com/p/DOv26a4Ecal/,gardenhacks,,,,,,,,
https://www.instagram.com/p/DLwx7D9tk9H/,gardenhacks,,,,,,,,
https://www.instagram.com/p/DOv3UqejXm4/,gardenhacks,,,,,,,,
https://www.instagram.com/p/DM74fpNpy5U/,gardenhacks,,,,,,,,
https://www.instagram.com/p/DJNI_n8K_ud/,gardenhacks,,,,,,,,
https://www.instagram.com/p/DKuAJ73KjF9/,gardenhacks,,,,,,,,
https://www.instagram.com/p/DEkNTdExewH/,gardenhacks,,,,,,,,
https://www.instagram.com/p/DJO_a4Xpgjx/,gardenhacks,,,,,,,,
https://www.instagram.com/p/DKCxCR7g3cL/,gardenhacks,,,,,,,,
https://www.instagram.com/p/DNOOhbgte2f/,gardenhacks,,,,,,,,
https://www.instagram.com/p/DMz2HaORYEG/,gardenhacks,,,,,,,,
https://www.instagram.com/p/DM2j66Cx_K-/,gardenhacks,,,,,,,,
https://www.instagram.com/p/DIee8fPvZsK/,gardenhacks,,,,,,,,
https://www.instagram.com/p/DMZPpmBxTCu/,gardenhacks,,,,,,,,
https://www.instagram.com/p/DNyly1YYgCz/,gardenhacks,,,,,,,,
https://www.instagram.com/p/DOq09lakdsX/,gardenhacks,,,,,,,,
https://www.instagram.com/p/DN0yamRXCC6/,gardenhacks,,,,,,,,
https://www.instagram.com/p/DOtcRzOiufI/,gardenhacks,,,,,,,,
https://www.instagram.com/p/DK9QVC6gtnh/,gardenhacks,,,,,,,,
https://www.instagram.com/p/DNTfJ0lNSf2/,gardenhacks,,,,,,,,
https://www.instagram.com/p/DM29OX6z-DK/,gardenhacks,,,,,,,,
https://www.instagram.com/p/DNNX3oPJ_ra/,gardenhacks,,,,,,,,
https://www.instagram.com/p/DM2oLfA11vy/,gardenhacks,,,,,,,,
https://www.instagram.com/p/DNxefVJWsDp/,gardenhacks,,,,,,,,
https://www.instagram.com/p/DAWkJuKBQXL/,gardenhacks,,,,,,,,
https://www.instagram.com/p/DOv0_1SCBYQ/,gardenhacks,,,,,,,,
https://www.instagram.com/p/DF486EQSHn7/,gardenhacks,,,,,,,,
https://www.instagram.com/p/BM6Sszoj6C_/,gardenhacks,,,,,,,,
https://www.instagram.com/p/DOYeaxLkW4f/,gardenhacks,,,,,,,,
https://www.instagram.com/p/C346NHJLQvZ/,gardenhacks,,,,,,,,
https://www.instagram.com/p/DKcmAWYxekX/,gardenhacks,,,,,,,,
https://www.instagram.com/p/DGyzNr5yKDk/,gardenhacks,,,,,,,,
https://www.instagram.com/p/DKqC3HtvPUw/,gardenhacks,,,,,,,,
https://www.instagram.com/p/DGMhwpyNSJ8/,gardenhacks,,,,,,,,
https://www.instagram.com/p/DKAVIzTvqR9/,gardenhacks,,,,,,,,
https://www.instagram.com/p/DIv0isZxU3M/,gardenhacks,,,,,,,,
https://www.instagram.com/p/DLBO3qEglzI/,gardenhacks,,,,,,,,
https://www.instagram.com/p/DOFDJXwAQzt/,gardenhacks,,,,,,,,
https://www.instagram.com/p/DFa6JwtTkSy/,gardenhacks,,,,,,,,
https://www.instagram.com/p/DJmPbSgxb2g/,gardenhacks,,,,,,,,
https://www.instagram.com/p/DOXNpPTDnHu/,gardenhacks,,,,,,,,
https://www.instagram.com/p/DLOjXafPsF_/,gardenhacks,,,,,,,,
https://www.instagram.com/p/DE2rpUyP9FY/,gardenhacks,,,,,,,,
https://www.instagram.com/p/DH33WPoqfTv/,gardenhacks,,,,,,,,
https://www.instagram.com/p/DHBEljLIzDJ/,gardenhacks,,,,,,,,
https://www.instagram.com/p/DB0N_1uNMVW/,gardenhacks,,,,,,,,
https://www.instagram.com/p/DNokVOfSn98/,gardenhacks,,,,,,,,
https://www.instagram.com/p/DDZQDlvu_jC/,gardenhacks,,,,,,,,
https://www.instagram.com/p/DIo3tw7T5V3/,gardenhacks,,,,,,,,
https://www.instagram.com/p/DIPCICfvNuD/,gardenhacks,,,,,,,,
https://www.instagram.com/p/DL3I8GKTSeC/,gardenhacks,,,,,,,,
https://www.instagram.com/p/DH8ww1fIufS/,gardenhacks,,,,,,,,
https://www.instagram.com/p/DNupUyx2OYV/,gardenhacks,,,,,,,,
https://www.instagram.com/p/DIxDoJfBz2r/,gardenhacks,,,,,,,,
https://www.instagram.com/p/DN-kKRLkfvK/,gardenhacks,,,,,,,,
https://www.instagram.com/p/DKwurpuADSn/,gardenhacks,,,,,,,,
https://www.instagram.com/p/DBW-ufKvF_w/,gardenhacks,,,,,,,,
https://www.instagram.com/p/DMK1nM4OVio/,gardenhacks,,,,,,,,
https://www.instagram.com/p/DB9KsKtMqqn/,gardenhacks,,,,,,,,
https://www.instagram.com/p/DIBw9OAsyTq/,gardenhacks,,,,,,,,
https://www.instagram.com/p/DGIyeOoueG9/,gardenhacks,,,,,,,,
https://www.instagram.com/p/DOuAsWdkiAs/,gardenhacks,,,,,,,,
https://www.instagram.com/p/DMfbV8jq4Km/,gardenhacks,,,,,,,,
https://www.instagram.com/p/DJrX1qpzNDc/,gardenhacks,,,,,,,,
https://www.instagram.com/p/DHomJics7ZX/,gardenhacks,,,,,,,,
https://www.instagram.com/p/DMImdr6t1AI/,gardenhacks,,,,,,,,
https://www.instagram.com/p/DNV85_sOwwX/,gardenhacks,,,,,,,,
https://www.instagram.com/p/DDR2ToDOOTh/,gardenhacks,,,,,,,,
https://www.instagram.com/p/DOntY20DFs7/,gardenhacks,,,,,,,,
https://www.instagram.com/p/DOtP0diCAfn/,gardenhacks,,,,,,,,
https://www.instagram.com/p/DLBWvsAse-E/,gardenhacks,,,,,,,,
https://www.instagram.com/p/DOhbWhuk0vh/,gardenhacks,,,,,,,,
https://www.instagram.com/p/DMnSN2_otXT/,gardenhacks,,,,,,,,
https://www.instagram.com/p/Cf3sFcPuHCL/,gardenhacks,,,,,,,,
https://www.instagram.com/p/DJMfHVMhRC0/,gardenhacks,,,,,,,,
https://www.instagram.com/p/DMCft4fMEGN/,gardenhacks,,,,,,,,
https://www.instagram.com/p/DNnoDccOmR7/,gardenhacks,,,,,,,,
https://www.instagram.com/p/DIG8wVkR5ew/,gardenhacks,,,,,,,,
https://www.instagram.com/p/DM5hbOiOdRY/,gardenhacks,,,,,,,,
https://www.instagram.com/p/DCelAIjJSmj/,gardenhacks,,,,,,,,
https://www.instagram.com/p/DF7v2xANBAO/,gardenhacks,,,,,,,,
https://www.instagram.com/p/DA9L9wpzrq4/,gardenhacks,,,,,,,,
https://www.instagram.com/p/CBgEoEKBk9J/,gardenhacks,,,,,,,,
https://www.instagram.com/p/DNRcxwtp0z_/,gardenhacks,,,,,,,,
https://www.instagram.com/p/DG4FTt4yn1y/,gardenhacks,,,,,,,,
https://www.instagram.com/p/DGJUf32zeNt/,gardenhacks,,,,,,,,
https://www.instagram.com/p/DLfL6aHtaOn/,gardenhacks,,,,,,,,
https://www.instagram.com/p/DHL9Fr0scRG/,gardenhacks,,,,,,,,
https://www.instagram.com/p/DOtgOt_CLtq/,gardenhacks,,,,,,,,
https://www.instagram.com/p/DJZHTgCxisB/,gardenhacks,,,,,,,,
https://www.instagram.com/p/DOtfpZsEeF2/,gardenhacks,,,,,,,,
https://www.instagram.com/p/CZOaDl4rk5u/,gardenhacks,,,,,,,,
https://www.instagram.com/p/DKQHGNVSK-6/,gardenhacks,,,,,,,,
https://www.instagram.com/p/DHjYT23BD-i/,gardenhacks,,,,,,,,
https://www.instagram.com/p/DOvipSXCbpJ/,gardenhacks,,,,,,,,
https://www.instagram.com/p/DLU1Sf-v6h-/,gardenhacks,,,,,,,,
https://www.instagram.com/p/DKGO8TDNjAi/,gardenhacks,,,,,,,,
https://www.instagram.com/p/DCIAGDSvbIJ/,gardenhacks,,,,,,,,
https://www.instagram.com/p/DOO2VN9kUfG/,gardenhacks,,,,,,,,
https://www.instagram.com/p/DLFRoGbswNX/,gardenhacks,,,,,,,,
https://www.instagram.com/p/DIn7-iDtZzL/,gardenhacks,,,,,,,,
https://www.instagram.com/p/C9o74vaOFyh/,gardenhacks,,,,,,,,
https://www.instagram.com/p/DJE58xHJJ4u/,gardenhacks,,,,,,,,
https://www.instagram.com/p/DHGzJvwgQ1o/,gardenhacks,,,,,,,,
https://www.instagram.com/p/DE8ifOEAJBh/,gardenhacks,,,,,,,,
https://www.instagram.com/p/DLaTqvTRc1e/,gardenhacks,,,,,,,,
https://www.instagram.com/p/DOr5GtvjsSL/,gardenhacks,,,,,,,,
https://www.instagram.com/p/DMoFhUay95B/,gardenhacks,,,,,,,,
https://www.instagram.com/p/DLaJRZBsKlE/,gardenhacks,,,,,,,,
https://www.instagram.com/p/DN3-QQhk6Jr/,gardenhacks,,,,,,,,
https://www.instagram.com/p/DBHRNywJpb3/,gardenhacks,,,,,,,,
https://www.instagram.com/p/DHycOCzvms_/,gardenhacks,,,,,,,,
https://www.instagram.com/p/DMyUqkRJUPb/,gardenhacks,,,,,,,,
https://www.instagram.com/p/DHbkRJiuNa3/,gardenhacks,,,,,,,,
https://www.instagram.com/p/DNa4O9etonP/,gardenhacks,,,,,,,,
https://www.instagram.com/p/DOv6zzok7pq/,gardenhacks,,,,,,,,
https://www.instagram.com/p/DOn8GCvgSlw/,gardenhacks,,,,,,,,
https://www.instagram.com/p/DNTl-HJPBF4/,gardenhacks,,,,,,,,
https://www.instagram.com/p/DI4QNl6vsIv/,gardenhacks,,,,,,,,
https://www.instagram.com/p/DGThc8JTKiF/,gardenhacks,,,,,,,,
https://www.instagram.com/p/DNyNSoH2HZa/,gardenhacks,,,,,,,,
https://www.instagram.com/p/DI5ooXJKP6C/,gardenhacks,,,,,,,,
https://www.instagram.com/p/DOgBG19ESru/,gardenhacks,,,,,,,,
https://www.instagram.com/p/DHdtkJvR0lt/,gardenhacks,,,,,,,,
https://www.instagram.com/p/DB9TKlGOxlZ/,gardenhacks,,,,,,,,
https://www.instagram.com/p/DIcbaM4x9ix/,gardenhacks,,,,,,,,
https://www.instagram.com/p/DOQv5T2k7hZ/,gardenhacks,,,,,,,,
https://www.instagram.com/p/DNUUl5NMm44/,gardenhacks,,,,,,,,
https://www.instagram.com/p/DOWb0LqjNOH/,gardenhacks,,,,,,,,
https://www.instagram.com/p/DJb_cyoBYl3/,gardenhacks,,,,,,,,
https://www.instagram.com/p/DIcWknTJzLH/,gardenhacks,,,,,,,,
https://www.instagram.com/p/C_ij2DfRMrD/,gardenhacks,,,,,,,,
https://www.instagram.com/p/DMfZb6Ot3VQ/,gardenhacks,,,,,,,,
https://www.instagram.com/p/DNQzkeiBIkg/,gardenhacks,,,,,,,,
https://www.instagram.com/p/DK-G-o5x3TU/,gardenhacks,,,,,,,,
https://www.instagram.com/p/DLyGx9FBbuT/,gardenhacks,,,,,,,,
https://www.instagram.com/p/DOpL8ZSk8za/,gardenhacks,,,,,,,,
https://www.instagram.com/p/DGBbOL5oo6l/,gardenhacks,,,,,,,,
https://www.instagram.com/p/DK0LivuTxf_/,gardenhacks,,,,,,,,
https://www.instagram.com/p/DKsWF5EByaF/,gardenhacks,,,,,,,,
https://www.instagram.com/p/DOfgYchExt-/,gardenhacks,,,,,,,,
https://www.instagram.com/p/DNDEkMxO0WL/,gardenhacks,,,,,,,,
https://www.instagram.com/p/C__SJ0WMd-3/,gardenhacks,,,,,,,,
https://www.instagram.com/p/DOtYn_xEWWG/,gardenhacks,,,,,,,,
https://www.instagram.com/p/B8Ml2bEh9Cq/,gardenhacks,,,,,,,,
https://www.instagram.com/p/DOis4a0EYVW/,gardenhacks,,,,,,,,
https://www.instagram.com/p/DLwftKbslhm/,gardenhacks,,,,,,,,
https://www.instagram.com/p/DIcWYIQOHlS/,gardenhacks,,,,,,,,
https://www.instagram.com/p/DLFt1fnxpj6/,gardenhacks,,,,,,,,
https://www.instagram.com/p/DJ71hhjS0lV/,gardenhacks,,,,,,,,
https://www.instagram.com/p/DJu2KIaM-v6/,gardenhacks,,,,,,,,
https://www.instagram.com/p/DNrHpYx2mwe/,gardenhacks,,,,,,,,
https://www.instagram.com/p/DCg3t_KxYa4/,gardenhacks,,,,,,,,
https://www.instagram.com/p/DNN6F2EKz3_/,gardenhacks,,,,,,,,
https://www.instagram.com/p/DNZj_OmI3KO/,gardenhacks,,,,,,,,
https://www.instagram.com/p/DNA0XCasRdu/,gardenhacks,,,,,,,,
https://www.instagram.com/p/DIl2_sOtl_5/,gardenhacks,,,,,,,,
https://www.instagram.com/p/DGX2TqOsbgM/,gardenhacks,,,,,,,,
https://www.instagram.com/p/DLzrWnsvNV7/,gardenhacks,,,,,,,,
https://www.instagram.com/p/DMiqR3MMoF0/,gardenhacks,,,,,,,,
https://www.instagram.com/p/DNiemU7xLR_/,gardenhacks,,,,,,,,
https://www.instagram.com/p/DLyGxVlhiYO/,gardenhacks,,,,,,,,
https://www.instagram.com/p/DHpSCuKOppo/,gardenhacks,,,,,,,,
https://www.instagram.com/p/DOnwsq8CkrQ/,gardenhacks,,,,,,,,
https://www.instagram.com/p/DAEV4f8o7K_/,gardenhacks,,,,,,,,
https://www.instagram.com/p/DOtZNj0iaVS/,gardenhacks,,,,,,,,
https://www.instagram.com/p/DDEtHUHPK0s/,gardenhacks,,,,,,,,
https://www.instagram.com/p/DGwqIlsSvD8/,gardenhacks,,,,,,,,
https://www.instagram.com/p/B429E8AB1fA/,gardenhacks,,,,,,,,
https://www.instagram.com/p/DNq--2hQmGt/,gardenhacks,,,,,,,,
https://www.instagram.com/p/DJy21qBNZ3X/,gardenhacks,,,,,,,,
https://www.instagram.com/p/DGn8QxkJDJ3/,gardenhacks,,,,,,,,
https://www.instagram.com/p/DBR5j1shFEr/,gardenhacks,,,,,,,,
https://www.instagram.com/p/DG5wKTgK2Vm/,gardenhacks,,,,,,,,
https://www.instagram.com/p/DOkn27mjJ0q/,gardenhacks,,,,,,,,
https://www.instagram.com/p/DIMRxlaueg-/,gardenhacks,,,,,,,,
https://www.instagram.com/p/DAxIUnktSnV/,gardenhacks,,,,,,,,
https://www.instagram.com/p/DGTW_ffx5Pt/,gardenhacks,,,,,,,,
https://www.instagram.com/p/DKxqGpUBev8/,gardenhacks,,,,,,,,
https://www.instagram.com/p/DM_8S02tGII/,gardenhacks,,,,,,,,
https://www.instagram.com/p/DHByZABORc4/,gardenhacks,,,,,,,,
https://www.instagram.com/p/DBt5WWLNA46/,gardenhacks,,,,,,,,
https://www.instagram.com/p/DOoADKJDdKM/,gardenhacks,,,,,,,,
https://www.instagram.com/p/DHeK4hByUO3/,gardenhacks,,,,,,,,
https://www.instagram.com/p/DOkjGqfiM6f/,gardenhacks,,,,,,,,
https://www.instagram.com/p/C_Oecylh_eO/,gardenhacks,,,,,,,,
https://www.instagram.com/p/DGDP9P_ioCM/,gardenhacks,,,,,,,,
https://www.instagram.com/p/DNTs7V9JskQ/,gardenhacks,,,,,,,,
https://www.instagram.com/p/DObGdVbASas/,gardenhacks,,,,,,,,
https://www.instagram.com/p/DNLRaKkJGau/,gardenhacks,,,,,,,,
https://www.instagram.com/p/DC98h8XPGwz/,gardenhacks,,,,,,,,
https://www.instagram.com/p/DL-I1MnvKEV/,gardenhacks,,,,,,,,
https://www.instagram.com/p/DKUhu7iRZBu/,gardenhacks,,,,,,,,
https://www.instagram.com/p/DMvAwMPC8Bi/,gardenhacks,,,,,,,,
https://www.instagram.com/p/DMUh0KcM9Hh/,gardenhacks,,,,,,,,
https://www.instagram.com/p/DNu25ck5JMD/,gardenhacks,,,,,,,,
https://www.instagram.com/p/DJegrmgI3nt/,gardenhacks,,,,,,,,
https://www.instagram.com/p/DCyQL8toCXa/,gardenhacks,,,,,,,,
https://www.instagram.com/p/DHZfbamx5eS/,gardenhacks,,,,,,,,
https://www.instagram.com/p/DFtO5yBBts8/,gardenhacks,,,,,,,,
https://www.instagram.com/p/DJCYowrRYkR/,gardenhacks,,,,,,,,
https://www.instagram.com/p/DM5Kpi8s9x2/,gardenhacks,,,,,,,,
https://www.instagram.com/p/DAJnpCtprSs/,gardenhacks,,,,,,,,
https://www.instagram.com/p/C_67e-FtXM1/,gardenhacks,,,,,,,,
https://www.instagram.com/p/DGeg-0TRh55/,gardenhacks,,,,,,,,
https://www.instagram.com/p/DM0TH_ZRfjN/,gardenhacks,,,,,,,,
https://www.instagram.com/p/DIUBu3sJkvG/,gardenhacks,,,,,,,,
https://www.instagram.com/p/DOV_nUzDVfq/,gardenhacks,,,,,,,,
https://www.instagram.com/p/DNOA_q_MDTc/,gardenhacks,,,,,,,,
https://www.instagram.com/p/DOVsTD9DjA5/,gardenhacks,,,,,,,,
https://www.instagram.com/p/DIMQsQftgkt/,gardenhacks,,,,,,,,
https://www.instagram.com/p/DMve5oKMtug/,gardenhacks,,,,,,,,
https://www.instagram.com/p/C_2Y-Bzin-m/,gardenhacks,,,,,,,,
https://www.instagram.com/p/DLdQVXfBMmR/,gardenhacks,,,,,,,,
https://www.instagram.com/p/DMl4ygVvUDj/,gardenhacks,,,,,,,,
https://www.instagram.com/p/DAoK2Riv3Bi/,gardenhacks,,,,,,,,
https://www.instagram.com/p/DIq8cDxRZ57/,gardenhacks,,,,,,,,
https://www.instagram.com/p/DNV9nRKR72f/,gardenhacks,,,,,,,,
https://www.instagram.com/p/DKNU_LVN9N8/,gardenhacks,,,,,,,,
https://www.instagram.com/p/DCXwgX_N6Bz/,gardenhacks,,,,,,,,
https://www.instagram.com/p/DItu0xsJq51/,gardenhacks,,,,,,,,
https://www.instagram.com/p/C6LcivJP8Qn/,gardenhacks,,,,,,,,
https://www.instagram.com/p/DG2tgr6yLJm/,gardenhacks,,,,,,,,
https://www.instagram.com/p/DETs_uMNcX_/,gardenhacks,,,,,,,,
https://www.instagram.com/p/DIe4_WcznKE/,gardenhacks,,,,,,,,
https://www.instagram.com/p/DOmIRNJjYSa/,gardenhacks,,,,,,,,
https://www.instagram.com/p/DHpSB0_ujli/,gardenhacks,,,,,,,,
https://www.instagram.com/p/DGO6TGTRRn4/,gardenhacks,,,,,,,,
https://www.instagram.com/p/DFqqFpezgKL/,gardenhacks,,,,,,,,
https://www.instagram.com/p/DMcilwLNtho/,gardenhacks,,,,,,,,
https://www.instagram.com/p/DKhtKilRbKq/,gardenhacks,,,,,,,,
https://www.instagram.com/p/DKKwzMdJVTR/,gardenhacks,,,,,,,,
https://www.instagram.com/p/DOn4KmCEa4c/,gardenhacks,,,,,,,,
https://www.instagram.com/p/DGdY39GzNiB/,gardenhacks,,,,,,,,
https://www.instagram.com/p/DNdMhNAthxO/,gardenhacks,,,,,,,,
https://www.instagram.com/p/DOq0hPYE9YF/,gardenhacks,,,,,,,,
https://www.instagram.com/p/DGIuetWvhHZ/,gardenhacks,,,,,,,,
https://www.instagram.com/p/DIO17sZSP97/,gardenhacks,,,,,,,,
https://www.instagram.com/p/DIE5BONzRaN/,gardenhacks,,,,,,,,
https://www.instagram.com/p/DJ9BPrPKHxv/,gardenhacks,,,,,,,,
https://www.instagram.com/p/DH5eSwkKndB/,gardenhacks,,,,,,,,
https://www.instagram.com/p/DHwE3diPFcJ/,gardenhacks,,,,,,,,
https://www.instagram.com/p/DHbYNeyR58D/,gardenhacks,,,,,,,,
https://www.instagram.com/p/DMNfkUOxX2N/,gardenhacks,,,,,,,,
https://www.instagram.com/p/DKF1iwITbWR/,gardenhacks,,,,,,,,
https://www.instagram.com/p/DJcX4YjRW4J/,gardenhacks,,,,,,,,
https://www.instagram.com/p/DJHw1voMrnf/,gardenhacks,,,,,,,,
https://www.instagram.com/p/DB-f0QhSvLv/,gardenhacks,,,,,,,,
https://www.instagram.com/p/DKe4YKURcCY/,gardenhacks,,,,,,,,
https://www.instagram.com/p/DOgiHG7kTqK/,gardenhacks,,,,,,,,
https://www.instagram.com/p/DNWY67iNNxx/,gardenhacks,,,,,,,,
https://www.instagram.com/p/DItYwnFNP2C/,gardenhacks,,,,,,,,
https://www.instagram.com/p/DGTkSg-OKLq/,gardenhacks,,,,,,,,
https://www.instagram.com/p/DJ6qluzONML/,gardenhacks,,,,,,,,
https://www.instagram.com/p/DMaOVeyNDRy/,gardenhacks,,,,,,,,
https://www.instagram.com/p/DJMM6fVhcLl/,gardenhacks,,,,,,,,
https://www.instagram.com/p/DMxzZzkqeQt/,gardenhacks,,,,,,,,
https://www.instagram.com/p/DCUm1IdvSom/,gardenhacks,,,,,,,,
https://www.instagram.com/p/DJT0kYRq1Fo/,gardenhacks,,,,,,,,
https://www.instagram.com/p/DOU4gedCJHL/,gardenhacks,,,,,,,,
https://www.instagram.com/p/DOKNIz-gmMS/,gardenhacks,,,,,,,,
https://www.instagram.com/p/DJBqtWQo9zZ/,gardenhacks,,,,,,,,
https://www.instagram.com/p/DNcImRdRTUT/,gardenhacks,,,,,,,,
https://www.instagram.com/p/DNYrMYZsKOy/,gardenhacks,,,,,,,,
https://www.instagram.com/p/DHvq8peKOpl/,gardenhacks,,,,,,,,
https://www.instagram.com/p/DCuV4D6yUAv/,gardenhacks,,,,,,,,
https://www.instagram.com/p/DOAslB-DNJe/,gardenhacks,,,,,,,,
https://www.instagram.com/p/DCKfPOnh884/,gardenhacks,,,,,,,,
https://www.instagram.com/p/DJHrooPtmIA/,gardenhacks,,,,,,,,
https://www.instagram.com/p/DLMoB5cMggF/,gardenhacks,,,,,,,,
https://www.instagram.com/p/DM-kK2wtIyZ/,gardenhacks,,,,,,,,
https://www.instagram.com/p/Cy58gs0On68/,gardenhacks,,,,,,,,
https://www.instagram.com/p/DAJYSz1KPhN/,gardenhacks,,,,,,,,
https://www.instagram.com/p/DC6WWw3Khc1/,gardenhacks,,,,,,,,
https://www.instagram.com/p/DGqH8rkyPEu/,gardenhacks,,,,,,,,
https://www.instagram.com/p/BgG6sA6lmj8/,gardenhacks,,,,,,,,
https://www.instagram.com/p/DLCs4gyquck/,gardenhacks,,,,,,,,
https://www.instagram.com/p/C_fNzZEoViC/,gardenhacks,,,,,,,,
https://www.instagram.com/p/DONn7U0jjTD/,gardenhacks,,,,,,,,
https://www.instagram.com/p/DKlRwVSTB1_/,gardenhacks,,,,,,,,
https://www.instagram.com/p/DOTwOo_D3c7/,gardenhacks,,,,,,,,
https://www.instagram.com/p/DDWuwOnPP39/,gardenhacks,,,,,,,,
https://www.instagram.com/p/DE5ot7mPUWh/,gardenhacks,,,,,,,,
https://www.instagram.com/p/DOsbpQODDzW/,gardenhacks,,,,,,,,
https://www.instagram.com/p/DL-fqdNpUEk/,gardenhacks,,,,,,,,
https://www.instagram.com/p/DI0SLHiPDo2/,gardenhacks,,,,,,,,
https://www.instagram.com/p/DH80wI8NMeD/,gardenhacks,,,,,,,,
https://www.instagram.com/p/DOqBArgiOlp/,gardenhacks,,,,,,,,
https://www.instagram.com/p/DJr_KZ9zE30/,gardenhacks,,,,,,,,
https://www.instagram.com/p/DJRIt-yBeb8/,gardenhacks,,,,,,,,
https://www.instagram.com/p/DGsxd9HodEB/,gardenhacks,,,,,,,,
https://www.instagram.com/p/DI90uKKzkxo/,gardenhacks,,,,,,,,
https://www.instagram.com/p/DFwHU8eJ-w4/,gardenhacks,,,,,,,,
https://www.instagram.com/p/C8mJJNvNtkq/,gardenhacks,,,,,,,,
https://www.instagram.com/p/C__t2D7pkRg/,gardenhacks,,,,,,,,
https://www.instagram.com/p/DDXA6ycRQQY/,gardenhacks,,,,,,,,
https://www.instagram.com/p/DDJ-giGzmwa/,gardenhacks,,,,,,,,
https://www.instagram.com/p/DK0E_gRz4uu/,gardenhacks,,,,,,,,
https://www.instagram.com/p/DOtKvO_jSda/,gardenhacks,,,,,,,,
https://www.instagram.com/p/CMlpnbKJbdr/,gardenhacks,,,,,,,,
https://www.instagram.com/p/DHEHk7ezhkB/,gardenhacks,,,,,,,,
https://www.instagram.com/p/DDNW5xkC26z/,gardenhacks,,,,,,,,
https://www.instagram.com/p/C66tXp2LYpn/,gardenhacks,,,,,,,,
https://www.instagram.com/p/DOk3_GQDflw/,gardenhacks,,,,,,,,
https://www.instagram.com/p/DLC3ATbMEom/,gardenhacks,,,,,,,,
https://www.instagram.com/p/DJHdjdryEs1/,gardenhacks,,,,,,,,
https://www.instagram.com/p/CzJa0WvOlgb/,gardenhacks,,,,,,,,
https://www.instagram.com/p/DCjOyCTNTW4/,gardenhacks,,,,,,,,
https://www.instagram.com/p/DM0ekwtgpaR/,gardenhacks,,,,,,,,
https://www.instagram.com/p/DDcQpAZNHxM/,gardenhacks,,,,,,,,
https://www.instagram.com/p/DM5XtWmM1D7/,gardenhacks,,,,,,,,
https://www.instagram.com/p/DBhVhBop1CR/,gardenhacks,,,,,,,,
https://www.instagram.com/p/DN_DCADDLd7/,gardenhacks,,,,,,,,
https://www.instagram.com/p/DLnEl3qttkT/,gardenhacks,,,,,,,,
https://www.instagram.com/p/DOJrgkSEdWK/,gardenhacks,,,,,,,,
https://www.instagram.com/p/C658mA6O68s/,gardenhacks,,,,,,,,
https://www.instagram.com/p/C-VZYO9KLsq/,gardenhacks,,,,,,,,
https://www.instagram.com/p/DKpxRouBToP/,gardenhacks,,,,,,,,
https://www.instagram.com/p/DHwrREGO_fW/,gardenhacks,,,,,,,,
https://www.instagram.com/p/DHJ87akTpUO/,gardenhacks,,,,,,,,
https://www.instagram.com/p/DOGmVAtiSCv/,gardenhacks,,,,,,,,
https://www.instagram.com/p/DNU5mznKw-R/,gardenhacks,,,,,,,,
https://www.instagram.com/p/DGfpxwYxvLs/,gardenhacks,,,,,,,,
https://www.instagram.com/p/DEsBi3nBHob/,gardenhacks,,,,,,,,
https://www.instagram.com/p/DF48w7dv32J/,gardenhacks,,,,,,,,
https://www.instagram.com/p/DDob107sQWJ/,gardenhacks,,,,,,,,
https://www.instagram.com/p/C_qn-H-Toy3/,gardenhacks,,,,,,,,
https://www.instagram.com/p/DOo57OOkpux/,gardenhacks,,,,,,,,
https://www.instagram.com/p/DAVgOzUhovt/,gardenhacks,,,,,,,,
https://www.instagram.com/p/DHpY_HwIX4Q/,gardenhacks,,,,,,,,
https://www.instagram.com/p/C8wyKzms6zE/,gardenhacks,,,,,,,,
https://www.instagram.com/p/DIgu9QmRsIZ/,gardenhacks,,,,,,,,
https://www.instagram.com/p/DMeMc49JBjJ/,gardenhacks,,,,,,,,
https://www.instagram.com/p/DKQHVOPyhem/,gardenhacks,,,,,,,,
https://www.instagram.com/p/DCjxNQvM99T/,gardenhacks,,,,,,,,
https://www.instagram.com/p/DLnccLRSdmt/,gardenhacks,,,,,,,,
https://www.instagram.com/p/DOCn6yMEqji/,gardenhacks,,,,,,,,
https://www.instagram.com/p/DCF0hNQyI8q/,gardenhacks,,,,,,,,
https://www.instagram.com/p/DCUHFLtRRd-/,gardenhacks,,,,,,,,
https://www.instagram.com/p/CEAlBKnBX1V/,gardenhacks,,,,,,,,
https://www.instagram.com/p/DM_q-wVPsNi/,gardenhacks,,,,,,,,
https://www.instagram.com/p/DNx9MpbWLvI/,gardenhacks,,,,,,,,
https://www.instagram.com/p/CxHHsFGpBEz/,gardenhacks,,,,,,,,
https://www.instagram.com/p/C_woTYrNpTB/,gardenhacks,,,,,,,,
https://www.instagram.com/p/DIc6aC5sD50/,gardenhacks,,,,,,,,
https://www.instagram.com/p/DG6ZW5SJLnj/,gardenhacks,,,,,,,,
https://www.instagram.com/p/DMX3JpwzqWq/,gardenhacks,,,,,,,,
https://www.instagram.com/p/DOlznKVjz6M/,gardenhacks,,,,,,,,
https://www.instagram.com/p/DGOhU87AU-R/,gardenhacks,,,,,,,,
https://www.instagram.com/p/DGOhQUutkpU/,gardenhacks,,,,,,,,
https://www.instagram.com/p/DJFlTt4MqLi/,gardenhacks,,,,,,,,
https://www.instagram.com/p/DLn1OFfxH2n/,gardenhacks,,,,,,,,
https://www.instagram.com/p/DGg1WtdSi9c/,gardenhacks,,,,,,,,
https://www.instagram.com/p/DOqB-MZDCgG/,gardenhacks,,,,,,,,
https://www.instagram.com/p/C_aENnfMK-w/,gardenhacks,,,,,,,,
https://www.instagram.com/p/DGYZMXitQhG/,gardenhacks,,,,,,,,
https://www.instagram.com/p/DKlxsE5u_qm/,gardenhacks,,,,,,,,
https://www.instagram.com/p/DJWgfeogPf4/,gardenhacks,,,,,,,,
https://www.instagram.com/p/DF27dLoz2-f/,gardenhacks,,,,,,,,
https://www.instagram.com/p/DH6FIfxO2vk/,gardenhacks,,,,,,,,
https://www.instagram.com/p/C7wlex4ChG1/,gardenhacks,,,,,,,,
https://www.instagram.com/p/DH8yhGCy7Wy/,gardenhacks,,,,,,,,
https://www.instagram.com/p/DCd7t7nvJwf/,gardenhacks,,,,,,,,
https://www.instagram.com/p/DNv0ZIXYsq3/,gardenhacks,,,,,,,,
https://www.instagram.com/p/DI6pxdDN4hU/,gardenhacks,,,,,,,,
https://www.instagram.com/p/DGgIRNmtKRG/,gardenhacks,,,,,,,,
https://www.instagram.com/p/DAPTrtBJnFg/,gardenhacks,,,,,,,,
https://www.instagram.com/p/C1wyMD4IRge/,gardenhacks,,,,,,,,
https://www.instagram.com/p/C_8mX-FvaoN/,gardenhacks,,,,,,,,
https://www.instagram.com/p/CcYWpQXub_1/,gardenhacks,,,,,,,,
https://www.instagram.com/p/DOtW3aXjCZD/,gardenhacks,,,,,,,,
https://www.instagram.com/p/Cu7oqYSN4ju/,gardenhacks,,,,,,,,
https://www.instagram.com/p/DATrhJquJAL/,gardenhacks,,,,,,,,
https://www.instagram.com/p/DIyjwXDS8QU/,gardenhacks,,,,,,,,
https://www.instagram.com/p/C9npHMHC2Dk/,gardenhacks,,,,,,,,
https://www.instagram.com/p/DOlj84eiJju/,gardenhacks,,,,,,,,
https://www.instagram.com/p/DLQNC4aREpk/,gardenhacks,,,,,,,,
https://www.instagram.com/p/C5tuF-svO41/,gardenhacks,,,,,,,,
https://www.instagram.com/p/DHqI4sFCX1j/,gardenhacks,,,,,,,,
https://www.instagram.com/p/DKx46FLN_0B/,gardenhacks,,,,,,,,
https://www.instagram.com/p/DI9ARreyKgy/,gardenhacks,,,,,,,,
https://www.instagram.com/p/DJkjKM2o1Y4/,gardenhacks,,,,,,,,
https://www.instagram.com/p/DE4rx1JJWZj/,gardenhacks,,,,,,,,
https://www.instagram.com/p/C27Z3OKOuLu/,gardenhacks,,,,,,,,
https://www.instagram.com/p/DMI8dmpvV4f/,gardenhacks,,,,,,,,
https://www.instagram.com/p/DGntd1YR1BD/,gardenhacks,,,,,,,,
https://www.instagram.com/p/DM3WKXUNmN8/,gardenhacks,,,,,,,,
https://www.instagram.com/p/C_vp2FAysT9/,gardenhacks,,,,,,,,
https://www.instagram.com/p/DNTZRGUOtw3/,gardenhacks,,,,,,,,
https://www.instagram.com/p/DDst1z-NpU9/,gardenhacks,,,,,,,,
https://www.instagram.com/p/Bw2BI39lsll/,gardenhacks,,,,,,,,
https://www.instagram.com/p/DMvOT58pWmf/,gardenhacks,,,,,,,,
https://www.instagram.com/p/DMGSrlEBQKl/,gardenhacks,,,,,,,,
https://www.instagram.com/p/DOqlrwsCLZ6/,gardenhacks,,,,,,,,
https://www.instagram.com/p/DNV1PeePiqB/,gardenhacks,,,,,,,,
https://www.instagram.com/p/DA5B8SxSWyc/,gardenhacks,,,,,,,,
https://www.instagram.com/p/DNvgYgTo7GM/,gardenhacks,,,,,,,,
https://www.instagram.com/p/DFdRaZtu6Th/,gardenhacks,,,,,,,,
https://www.instagram.com/p/DNiZpdZJYBG/,gardenhacks,,,,,,,,
https://www.instagram.com/p/Cpm6icXuMuo/,gardenhacks,,,,,,,,
https://www.instagram.com/p/DNBP1S4sxXp/,gardenhacks,,,,,,,,
https://www.instagram.com/p/DJoar5muKm1/,gardenhacks,,,,,,,,
https://www.instagram.com/p/DIMa0nBoGLy/,gardenhacks,,,,,,,,
https://www.instagram.com/p/C7gB7jyNRHS/,gardenhacks,,,,,,,,
https://www.instagram.com/p/DAJfeZCRQ1n/,gardenhacks,,,,,,,,
https://www.instagram.com/p/DGqRykgNwnm/,gardenhacks,,,,,,,,
https://www.instagram.com/p/DNuvODwIrBW/,gardenhacks,,,,,,,,
https://www.instagram.com/p/DOEgKy7DqGf/,gardenhacks,,,,,,,,
https://www.instagram.com/p/DHj3nvaRfI5/,gardenhacks,,,,,,,,
https://www.instagram.com/p/C8vcXAjt0dp/,gardenhacks,,,,,,,,
https://www.instagram.com/p/DLYLFJ9y-94/,gardenhacks,,,,,,,,
https://www.instagram.com/p/ClCeG61h_w6/,gardenhacks,,,,,,,,
https://www.instagram.com/p/DHsRlIuR-b9/,gardenhacks,,,,,,,,
https://www.instagram.com/p/DGlXgY8O75O/,gardenhacks,,,,,,,,
https://www.instagram.com/p/DMFygxvO2qu/,gardenhacks,,,,,,,,
https://www.instagram.com/p/Bl0v6AulfdL/,gardenhacks,,,,,,,,
https://www.instagram.com/p/DGknbBvsArd/,gardenhacks,,,,,,,,
https://www.instagram.com/p/DATbNUTtWMG/,gardenhacks,,,,,,,,
https://www.instagram.com/p/DIPpVGAg04J/,gardenhacks,,,,,,,,
https://www.instagram.com/p/DLpKcjYNOEs/,gardenhacks,,,,,,,,
https://www.instagram.com/p/DAmgSj8gs5Y/,gardenhacks,,,,,,,,
https://www.instagram.com/p/DLc1KuXsZaq/,gardenhacks,,,,,,,,
https://www.instagram.com/p/DOGPVRLCc26/,gardenhacks,,,,,,,,
https://www.instagram.com/p/DN1S-nPZB2K/,gardenhacks,,,,,,,,
https://www.instagram.com/p/DOd4Q9DCHAC/,gardenhacks,,,,,,,,
https://www.instagram.com/p/DHEDU2NIEQT/,gardenhacks,,,,,,,,
https://www.instagram.com/p/DNlvT4xt9Em/,gardenhacks,,,,,,,,
https://www.instagram.com/p/DOOaSu0iGkk/,gardenhacks,,,,,,,,
https://www.instagram.com/p/DOqtsjUCZer/,gardenhacks,,,,,,,,
https://www.instagram.com/p/DKcWNpxA-nH/,gardenhacks,,,,,,,,
https://www.instagram.com/p/C2CJKvuyOmg/,gardenhacks,,,,,,,,
https://www.instagram.com/p/Ce98ZyCgZch/,gardenhacks,,,,,,,,
https://www.instagram.com/p/DDOfuPuNIeT/,gardenhacks,,,,,,,,
https://www.instagram.com/p/DKCXo_AuY3s/,gardenhacks,,,,,,,,
https://www.instagram.com/p/DJ-TB2SR-01/,gardenhacks,,,,,,,,
https://www.instagram.com/p/C_k7rOgRTxT/,gardenhacks,,,,,,,,
https://www.instagram.com/p/DGBylEPSL2E/,gardenhacks,,,,,,,,
https://www.instagram.com/p/DBcQcY3xT6N/,gardenhacks,,,,,,,,
https://www.instagram.com/p/DITxvcCyu2D/,gardenhacks,,,,,,,,
https://www.instagram.com/p/DNzfCEv2PWf/,gardenhacks,,,,,,,,
https://www.instagram.com/p/DD8o7boKrm6/,gardenhacks,,,,,,,,
https://www.instagram.com/p/DBluFQ_pgFw/,gardenhacks,,,,,,,,
https://www.instagram.com/p/DN3G6HB3of2/,gardenhacks,,,,,,,,
https://www.instagram.com/p/DOre7WXEkti/,gardenhacks,,,,,,,,
https://www.instagram.com/p/DOEKIU_DmuH/,gardenhacks,,,,,,,,
https://www.instagram.com/p/CzrxmQDM6Nb/,gardenhacks,,,,,,,,
https://www.instagram.com/p/DCb2rgTOKEA/,gardenhacks,,,,,,,,
https://www.instagram.com/p/C_klHdGtVjv/,gardenhacks,,,,,,,,
https://www.instagram.com/p/C-7YeqoN3dY/,gardenhacks,,,,,,,,
https://www.instagram.com/p/DMyqCj_q9kJ/,gardenhacks,,,,,,,,
https://www.instagram.com/p/DNl_q9XpU2I/,gardenhacks,,,,,,,,
https://www.instagram.com/p/DHmD8gYu9hs/,gardenhacks,,,,,,,,
https://www.instagram.com/p/DDpBZ9DzbYc/,gardenhacks,,,,,,,,
https://www.instagram.com/p/DMt0Ic0zTaz/,gardenhacks,,,,,,,,
https://www.instagram.com/p/DCumFNVBg6f/,gardenhacks,,,,,,,,
https://www.instagram.com/p/DKCjzuNzONC/,gardenhacks,,,,,,,,
https://www.instagram.com/p/DLPphY2xDOo/,gardenhacks,,,,,,,,
https://www.instagram.com/p/DKPbW4TubIy/,gardenhacks,,,,,,,,
https://www.instagram.com/p/DOKWJZnE4yG/,gardenhacks,,,,,,,,
https://www.instagram.com/p/DJ6zGpgNIbN/,gardenhacks,,,,,,,,
https://www.instagram.com/p/DNkB2Chsv5h/,gardenhacks,,,,,,,,
https://www.instagram.com/p/Cybp5N9RAcE/,gardenhacks,,,,,,,,
https://www.instagram.com/p/DGd2BRlpeTv/,gardenhacks,,,,,,,,
https://www.instagram.com/p/DAr51LGgqm1/,gardenhacks,,,,,,,,
https://www.instagram.com/p/DD4NGxoOK7i/,gardenhacks,,,,,,,,
https://www.instagram.com/p/DGDJF9kN0gF/,gardenhacks,,,,,,,,
https://www.instagram.com/p/DChzxkdyPxA/,gardenhacks,,,,,,,,
https://www.instagram.com/p/DKCtSIwxVZ1/,gardenhacks,,,,,,,,
https://www.instagram.com/p/DMG5Wo_A-s1/,gardenhacks,,,,,,,,
https://www.instagram.com/p/DCAJgAnJm0M/,gardenhacks,,,,,,,,
https://www.instagram.com/p/DJURZV8SSts/,gardenhacks,,,,,,,,
https://www.instagram.com/p/DLmRTcYI8D-/,gardenhacks,,,,,,,,
https://www.instagram.com/p/DNHk-JJsvqB/,gardenhacks,,,,,,,,
https://www.instagram.com/p/DM5QRefO5Nh/,gardenhacks,,,,,,,,
https://www.instagram.com/p/DJ7BfktMxf1/,gardenhacks,,,,,,,,
https://www.instagram.com/p/DNr5bMcZnBi/,grownaturally,,,,,,,,
https://www.instagram.com/p/DODOrZaj_pU/,grownaturally,,,,,,,,
https://www.instagram.com/p/DOnItYYk2ib/,grownaturally,,,,,,,,
https://www.instagram.com/p/DNFTR4lx7CY/,grownaturally,,,,,,,,
https://www.instagram.com/p/DNssuUCxGzF/,grownaturally,,,,,,,,
https://www.instagram.com/p/DNe-KFJNMEC/,grownaturally,,,,,,,,
https://www.instagram.com/p/DOOLMsTDEvt/,grownaturally,,,,,,,,
https://www.instagram.com/p/DN93HI0jRr3/,grownaturally,,,,,,,,
https://www.instagram.com/p/DJTMWaNxu0Q/,grownaturally,,,,,,,,
https://www.instagram.com/p/DJ_sDx4pNP8/,grownaturally,,,,,,,,
https://www.instagram.com/p/DIXoPUHyd7q/,grownaturally,,,,,,,,
https://www.instagram.com/p/DNqmnc3S2iq/,grownaturally,,,,,,,,
https://www.instagram.com/p/DOnTUW8Dz_l/,grownaturally,,,,,,,,
https://www.instagram.com/p/CiQsp3mpc_b/,grownaturally,,,,,,,,
https://www.instagram.com/p/DNiWsX3oilt/,grownaturally,,,,,,,,
https://www.instagram.com/p/DOInIypkoCw/,grownaturally,,,,,,,,
https://www.instagram.com/p/DOiQHvpEfV2/,grownaturally,,,,,,,,
https://www.instagram.com/p/DMnqJSmifzv/,grownaturally,,,,,,,,
https://www.instagram.com/p/DIy9ltAOfUO/,grownaturally,,,,,,,,
https://www.instagram.com/p/DNarWDlT0fl/,grownaturally,,,,,,,,
https://www.instagram.com/p/DJo_AI6sD6o/,grownaturally,,,,,,,,
https://www.instagram.com/p/DOux4mlDJO1/,grownaturally,,,,,,,,
https://www.instagram.com/p/DN2oreiZBEd/,grownaturally,,,,,,,,
https://www.instagram.com/p/DOVGfmckvnc/,grownaturally,,,,,,,,
https://www.instagram.com/p/DOIfLOjjgSZ/,grownaturally,,,,,,,,
https://www.instagram.com/p/DOn7EDQDzDx/,grownaturally,,,,,,,,
https://www.instagram.com/p/DNtRpgQRNzP/,grownaturally,,,,,,,,
https://www.instagram.com/p/DMVzJ0KNzDu/,grownaturally,,,,,,,,
https://www.instagram.com/p/DNsdfux2v0q/,grownaturally,,,,,,,,
https://www.instagram.com/p/DJVvVBSxTy0/,grownaturally,,,,,,,,
https://www.instagram.com/p/DNnofzJyxlm/,grownaturally,,,,,,,,
https://www.instagram.com/p/DObW1Amk21Q/,grownaturally,,,,,,,,
https://www.instagram.com/p/DJWFkDUs6BL/,grownaturally,,,,,,,,
https://www.instagram.com/p/DOVMzkYEa6w/,grownaturally,,,,,,,,
https://www.instagram.com/p/CfKdHBiJgPf/,grownaturally,,,,,,,,
https://www.instagram.com/p/DIxX_NXO-LE/,grownaturally,,,,,,,,
https://www.instagram.com/p/DOV5fWQAXQS/,grownaturally,,,,,,,,
https://www.instagram.com/p/DNkdi9aSkY2/,grownaturally,,,,,,,,
https://www.instagram.com/p/DOqP__ykslK/,grownaturally,,,,,,,,
https://www.instagram.com/p/DOFs4lGDVvN/,grownaturally,,,,,,,,
https://www.instagram.com/p/DMO9Je-OKDD/,grownaturally,,,,,,,,
https://www.instagram.com/p/DOtHTFdDHk8/,grownaturally,,,,,,,,
https://www.instagram.com/p/DF23kJbSjNG/,grownaturally,,,,,,,,
https://www.instagram.com/p/DNF6s01vh-q/,grownaturally,,,,,,,,
https://www.instagram.com/p/DMrv-wMTaA1/,grownaturally,,,,,,,,
https://www.instagram.com/p/DOIHJmkDVQ4/,grownaturally,,,,,,,,
https://www.instagram.com/p/CDgO6blHMe7/,grownaturally,,,,,,,,
https://www.instagram.com/p/C9beluwx5xk/,grownaturally,,,,,,,,
https://www.instagram.com/p/DOMJB7dE23a/,grownaturally,,,,,,,,
https://www.instagram.com/p/DOLmesiDD2m/,grownaturally,,,,,,,,
https://www.instagram.com/p/DOqq_fYkmFB/,grownaturally,,,,,,,,
https://www.instagram.com/p/Cc3SUmMpDri/,grownaturally,,,,,,,,
https://www.instagram.com/p/DLr5kyps__X/,grownaturally,,,,,,,,
https://www.instagram.com/p/DF4f0KzRIYb/,grownaturally,,,,,,,,
https://www.instagram.com/p/DN9uNowkrYH/,grownaturally,,,,,,,,
https://www.instagram.com/p/DNxOGdxWOyS/,grownaturally,,,,,,,,
https://www.instagram.com/p/DNqN26xSx8W/,grownaturally,,,,,,,,
https://www.instagram.com/p/DGgAMVSPLnH/,grownaturally,,,,,,,,
https://www.instagram.com/p/DNNHHTBzhFZ/,grownaturally,,,,,,,,
https://www.instagram.com/p/DOXcur9ASJ2/,grownaturally,,,,,,,,
https://www.instagram.com/p/DOrhC0Nkvp5/,grownaturally,,,,,,,,
https://www.instagram.com/p/DNslpuR2Px1/,grownaturally,,,,,,,,
https://www.instagram.com/p/DGxlE9gouiv/,grownaturally,,,,,,,,
https://www.instagram.com/p/DMiUeY7SKnr/,grownaturally,,,,,,,,
https://www.instagram.com/p/DN5uY-CCCJ0/,grownaturally,,,,,,,,
https://www.instagram.com/p/DMVRJnlNnSF/,grownaturally,,,,,,,,
https://www.instagram.com/p/DM7uMYfP-ok/,grownaturally,,,,,,,,
https://www.instagram.com/p/DOdoBmyjCt3/,grownaturally,,,,,,,,
https://www.instagram.com/p/CwsfceWgfnX/,grownaturally,,,,,,,,
https://www.instagram.com/p/DOdZTxJk6uz/,grownaturally,,,,,,,,
https://www.instagram.com/p/DNkibyOyiIk/,grownaturally,,,,,,,,
https://www.instagram.com/p/DN2eKNlWEB9/,grownaturally,,,,,,,,
https://www.instagram.com/p/DOGGOOmAfwn/,grownaturally,,,,,,,,
https://www.instagram.com/p/DOdkg1vlIUn/,grownaturally,,,,,,,,
https://www.instagram.com/p/DOStg4zgS0i/,grownaturally,,,,,,,,
https://www.instagram.com/p/DJmD5BJJF8q/,grownaturally,,,,,,,,
https://www.instagram.com/p/DNMrE1rKkP2/,grownaturally,,,,,,,,
https://www.instagram.com/p/DMzucYStFrE/,grownaturally,,,,,,,,
https://www.instagram.com/p/DOOENk4DLQp/,grownaturally,,,,,,,,
https://www.instagram.com/p/C6OJ8ngsg_b/,grownaturally,,,,,,,,
https://www.instagram.com/p/DOfZynyEmLW/,grownaturally,,,,,,,,
https://www.instagram.com/p/DNYb6A1ybiz/,grownaturally,,,,,,,,
https://www.instagram.com/p/DNxnP_A5OYH/,grownaturally,,,,,,,,
https://www.instagram.com/p/CxBDD0tr9iF/,grownaturally,,,,,,,,
https://www.instagram.com/p/CMoAHkahrO_/,grownaturally,,,,,,,,
https://www.instagram.com/p/DN2TZfj5svo/,grownaturally,,,,,,,,
https://www.instagram.com/p/DMX3UWsSTH6/,grownaturally,,,,,,,,
https://www.instagram.com/p/DNWFXBbV46J/,grownaturally,,,,,,,,
https://www.instagram.com/p/C3u9LaUuIfj/,grownaturally,,,,,,,,
https://www.instagram.com/p/DN25MSK3rFf/,grownaturally,,,,,,,,
https://www.instagram.com/p/CxWO5zzAEn9/,grownaturally,,,,,,,,
https://www.instagram.com/p/DM63RSbsEzq/,grownaturally,,,,,,,,
https://www.instagram.com/p/DHnx1bBxk8g/,grownaturally,,,,,,,,
https://www.instagram.com/p/DOXqu3yDbs5/,grownaturally,,,,,,,,
https://www.instagram.com/p/CfuhLZ4puOJ/,grownaturally,,,,,,,,
https://www.instagram.com/p/DNno5ZxJc4u/,grownaturally,,,,,,,,
https://www.instagram.com/p/CjoBYMRuBtW/,grownaturally,,,,,,,,
https://www.instagram.com/p/CEC20j1n5nc/,grownaturally,,,,,,,,
https://www.instagram.com/p/DNfFoj6twvU/,grownaturally,,,,,,,,
https://www.instagram.com/p/DMP5RXetVgT/,grownaturally,,,,,,,,
https://www.instagram.com/p/DNvOlPB5IUE/,grownaturally,,,,,,,,
https://www.instagram.com/p/DM9tTPwMmAe/,grownaturally,,,,,,,,
https://www.instagram.com/p/DOLJdKPgc1e/,grownaturally,,,,,,,,
https://www.instagram.com/p/BXEhCtUAUY3/,grownaturally,,,,,,,,
https://www.instagram.com/p/C6OJ8Cosh_z/,grownaturally,,,,,,,,
https://www.instagram.com/p/DNAkXRiosoN/,grownaturally,,,,,,,,
https://www.instagram.com/p/CLZ0B6blmUa/,grownaturally,,,,,,,,
https://www.instagram.com/p/DNMMNUnv1f0/,grownaturally,,,,,,,,
https://www.instagram.com/p/CL2NcdHD_km/,grownaturally,,,,,,,,
https://www.instagram.com/p/DJhIJgXAWSk/,grownaturally,,,,,,,,
https://www.instagram.com/p/BRdm5zkDPkA/,grownaturally,,,,,,,,
https://www.instagram.com/p/Cg7Y6WyJhZF/,grownaturally,,,,,,,,
https://www.instagram.com/p/CcCJnMXr3np/,grownaturally,,,,,,,,
https://www.instagram.com/p/DL25eG7sJRI/,grownaturally,,,,,,,,
https://www.instagram.com/p/C4bqk51P3sJ/,grownaturally,,,,,,,,
https://www.instagram.com/p/DOiBaeIDAsr/,grownaturally,,,,,,,,
https://www.instagram.com/p/DMotTWqTsuA/,grownaturally,,,,,,,,
https://www.instagram.com/p/DNIKsJjI68d/,grownaturally,,,,,,,,
https://www.instagram.com/p/DIFcZQjhOUz/,grownaturally,,,,,,,,
https://www.instagram.com/p/DLaPZZSNq77/,grownaturally,,,,,,,,
https://www.instagram.com/p/DNn0ktCs9e3/,grownaturally,,,,,,,,
https://www.instagram.com/p/DHh4LX_N8A2/,grownaturally,,,,,,,,
https://www.instagram.com/p/DOLD91hDj4S/,grownaturally,,,,,,,,
https://www.instagram.com/p/Cri1okeOoK6/,grownaturally,,,,,,,,
https://www.instagram.com/p/CVK4axjNjs8/,grownaturally,,,,,,,,
https://www.instagram.com/p/DOoTdZGEQIb/,grownaturally,,,,,,,,
https://www.instagram.com/p/DOvOg8mgal1/,grownaturally,,,,,,,,
https://www.instagram.com/p/DNXvV-IyjSe/,grownaturally,,,,,,,,
https://www.instagram.com/p/DNpe80Js7w0/,grownaturally,,,,,,,,
https://www.instagram.com/p/C2MR3SALjeh/,grownaturally,,,,,,,,
https://www.instagram.com/p/CrbakSms2d3/,grownaturally,,,,,,,,
https://www.instagram.com/p/C8adKOBPG0V/,grownaturally,,,,,,,,
https://www.instagram.com/p/DDyCQKToILT/,grownaturally,,,,,,,,
https://www.instagram.com/p/CbxZfrzAQbl/,grownaturally,,,,,,,,
https://www.instagram.com/p/CNWzwAMguQ1/,grownaturally,,,,,,,,
https://www.instagram.com/p/CNW1h3HJjZ8/,grownaturally,,,,,,,,
https://www.instagram.com/p/DOH9kGygQPw/,grownaturally,,,,,,,,
https://www.instagram.com/p/DN7m_NtkVGh/,grownaturally,,,,,,,,
https://www.instagram.com/p/DOiEYwWCC4V/,grownaturally,,,,,,,,
https://www.instagram.com/p/DMLxGj2SsKW/,grownaturally,,,,,,,,
https://www.instagram.com/p/CrRoTDou7fZ/,grownaturally,,,,,,,,
https://www.instagram.com/p/DOnw71xDZ1C/,grownaturally,,,,,,,,
https://www.instagram.com/p/DM0shYLBeAY/,grownaturally,,,,,,,,
https://www.instagram.com/p/DN5ky4LkaWL/,grownaturally,,,,,,,,
https://www.instagram.com/p/DNuKNGiZIxe/,grownaturally,,,,,,,,
https://www.instagram.com/p/DIL6EuRKqWs/,grownaturally,,,,,,,,
https://www.instagram.com/p/DMnRtE6x1dT/,grownaturally,,,,,,,,
https://www.instagram.com/p/DGrWeksNPlg/,grownaturally,,,,,,,,
https://www.instagram.com/p/C4msH6vIKF-/,grownaturally,,,,,,,,
https://www.instagram.com/p/DOqg0cWCbuH/,grownaturally,,,,,,,,
https://www.instagram.com/p/DL12or0zSs7/,grownaturally,,,,,,,,
https://www.instagram.com/p/DMe2zi5sWLh/,grownaturally,,,,,,,,
https://www.instagram.com/p/B6rRG2QAipR/,grownaturally,,,,,,,,
https://www.instagram.com/p/DNFPpruSnwo/,grownaturally,,,,,,,,
https://www.instagram.com/p/DMvcp6bx1eJ/,grownaturally,,,,,,,,
https://www.instagram.com/p/DJebQVqPYAC/,grownaturally,,,,,,,,
https://www.instagram.com/p/COmuu1DDioI/,grownaturally,,,,,,,,
https://www.instagram.com/p/DNDNj0ns3y5/,grownaturally,,,,,,,,
https://www.instagram.com/p/Ci0xBwaJEbj/,grownaturally,,,,,,,,
https://www.instagram.com/p/CJnIOA2o2yJ/,grownaturally,,,,,,,,
https://www.instagram.com/p/DOApQxrku8Z/,grownaturally,,,,,,,,
https://www.instagram.com/p/DIOmLRAONXc/,grownaturally,,,,,,,,
https://www.instagram.com/p/CNW5vDvDgdm/,grownaturally,,,,,,,,
https://www.instagram.com/p/DIu8NzSCy8y/,grownaturally,,,,,,,,
https://www.instagram.com/p/DNxpq2ZZgiO/,grownaturally,,,,,,,,
https://www.instagram.com/p/CjtLy4Grj-s/,grownaturally,,,,,,,,
https://www.instagram.com/p/C46wL4SoqgW/,grownaturally,,,,,,,,
https://www.instagram.com/p/DON4MVqkwu-/,grownaturally,,,,,,,,
https://www.instagram.com/p/CMPlBgLDin0/,grownaturally,,,,,,,,
https://www.instagram.com/p/CaPkXTZLgNE/,grownaturally,,,,,,,,
https://www.instagram.com/p/DM5lj0CMuhZ/,grownaturally,,,,,,,,
https://www.instagram.com/p/CrVTTaKOvg-/,grownaturally,,,,,,,,
https://www.instagram.com/p/DOpUE7cAW7E/,grownaturally,,,,,,,,
https://www.instagram.com/p/DMIPN-BtlkD/,grownaturally,,,,,,,,
https://www.instagram.com/p/DM0skFHh17I/,grownaturally,,,,,,,,
https://www.instagram.com/p/DNID0PcyDJZ/,grownaturally,,,,,,,,
https://www.instagram.com/p/DF7i0h6tXSB/,grownaturally,,,,,,,,
https://www.instagram.com/p/DOX79UPDg4O/,grownaturally,,,,,,,,
https://www.instagram.com/p/DKw2BElz3NQ/,grownaturally,,,,,,,,
https://www.instagram.com/p/DNViDt1ya3c/,grownaturally,,,,,,,,
https://www.instagram.com/p/DNBPz35T9cu/,grownaturally,,,,,,,,
https://www.instagram.com/p/DIv-S6LxKmF/,grownaturally,,,,,,,,
https://www.instagram.com/p/C-Zvj-BOk6a/,grownaturally,,,,,,,,
https://www.instagram.com/p/CtpePi7xFj7/,grownaturally,,,,,,,,
https://www.instagram.com/p/DMnl8lwzgLH/,grownaturally,,,,,,,,
https://www.instagram.com/p/DK_TlcDzSmX/,grownaturally,,,,,,,,
https://www.instagram.com/p/CObVdxQp-Zm/,grownaturally,,,,,,,,
https://www.instagram.com/p/C5hRdxdvKyg/,grownaturally,,,,,,,,
https://www.instagram.com/p/CR8RYhAj_9w/,grownaturally,,,,,,,,
https://www.instagram.com/p/CeoY7vgAtrD/,grownaturally,,,,,,,,
https://www.instagram.com/p/DOnqRPHj3UD/,grownaturally,,,,,,,,
https://www.instagram.com/p/DIF-c5LRVdd/,grownaturally,,,,,,,,
https://www.instagram.com/p/DOD2W6fkpSv/,grownaturally,,,,,,,,
https://www.instagram.com/p/DNnjL1BNkRc/,grownaturally,,,,,,,,
https://www.instagram.com/p/B14kC9xgzuu/,grownaturally,,,,,,,,
https://www.instagram.com/p/Bx7p8VSgQE6/,grownaturally,,,,,,,,
https://www.instagram.com/p/BVIimN9A6O9/,grownaturally,,,,,,,,
https://www.instagram.com/p/CU3RWKZrZ3G/,grownaturally,,,,,,,,
https://www.instagram.com/p/DOoZapaktll/,grownaturally,,,,,,,,
https://www.instagram.com/p/DOflrmtCm60/,grownaturally,,,,,,,,
https://www.instagram.com/p/DKlJJ5LT0xP/,grownaturally,,,,,,,,
https://www.instagram.com/p/DOgBX4kAdbK/,grownaturally,,,,,,,,
https://www.instagram.com/p/DIwMOr-MPrk/,grownaturally,,,,,,,,
https://www.instagram.com/p/DCemGJHMajY/,grownaturally,,,,,,,,
https://www.instagram.com/p/CLDH1o-rl_m/,grownaturally,,,,,,,,
https://www.instagram.com/p/CWWkGdBqMzq/,grownaturally,,,,,,,,
https://www.instagram.com/p/DM2ci2MzXHU/,grownaturally,,,,,,,,
https://www.instagram.com/p/DGNRqb3sTdr/,grownaturally,,,,,,,,
https://www.instagram.com/p/CTgOSj7Jx1o/,grownaturally,,,,,,,,
https://www.instagram.com/p/DE655eUT-8S/,grownaturally,,,,,,,,
https://www.instagram.com/p/CeadTMxo6Vu/,grownaturally,,,,,,,,
https://www.instagram.com/p/ChZ71JqOaVe/,grownaturally,,,,,,,,
https://www.instagram.com/p/CRGq9ahh39S/,grownaturally,,,,,,,,
https://www.instagram.com/p/Byr6CWpBXPe/,grownaturally,,,,,,,,
https://www.instagram.com/p/DNnUIo2to_h/,grownaturally,,,,,,,,
https://www.instagram.com/p/DLYzS-jhJe-/,grownaturally,,,,,,,,
https://www.instagram.com/p/DKL6ehhuTN4/,grownaturally,,,,,,,,
https://www.instagram.com/p/CqQEsn0L-2a/,grownaturally,,,,,,,,
https://www.instagram.com/p/DOGjlSSEoVw/,grownaturally,,,,,,,,
https://www.instagram.com/p/DNfeHGBSoce/,grownaturally,,,,,,,,
https://www.instagram.com/p/DLrx372Tw18/,grownaturally,,,,,,,,
https://www.instagram.com/p/DMSNwheI48D/,grownaturally,,,,,,,,
https://www.instagram.com/p/CwErLmvvtaR/,grownaturally,,,,,,,,
https://www.instagram.com/p/DNICiF0pPS4/,grownaturally,,,,,,,,
https://www.instagram.com/p/DONXTjyktO7/,grownaturally,,,,,,,,
https://www.instagram.com/p/CQEOGBgDU9-/,grownaturally,,,,,,,,
https://www.instagram.com/p/DOdSSu-CAA6/,grownaturally,,,,,,,,
https://www.instagram.com/p/DIwMuxpps-1/,grownaturally,,,,,,,,
https://www.instagram.com/p/CR6PyVjKcjD/,grownaturally,,,,,,,,
https://www.instagram.com/p/B-x2zcBnnib/,grownaturally,,,,,,,,
https://www.instagram.com/p/ChsQc6sKSMl/,grownaturally,,,,,,,,
https://www.instagram.com/p/C4wuP41qleb/,grownaturally,,,,,,,,
https://www.instagram.com/p/DOMGyMVE1e2/,grownaturally,,,,,,,,
https://www.instagram.com/p/DLKmRRwTIGR/,grownaturally,,,,,,,,
https://www.instagram.com/p/DE6532CzYdI/,grownaturally,,,,,,,,
https://www.instagram.com/p/DMU18XMvITw/,grownaturally,,,,,,,,
https://www.instagram.com/p/COp68XADlv1/,grownaturally,,,,,,,,
https://www.instagram.com/p/DM7ZX0jzf-P/,grownaturally,,,,,,,,
https://www.instagram.com/p/DOYwejTkg6S/,grownaturally,,,,,,,,
https://www.instagram.com/p/DMX5RZlS-BU/,grownaturally,,,,,,,,
https://www.instagram.com/p/CSR4Ff1DrnD/,grownaturally,,,,,,,,
https://www.instagram.com/p/DJUQCEYvJP5/,grownaturally,,,,,,,,
https://www.instagram.com/p/B-WjXYbpqeC/,grownaturally,,,,,,,,
https://www.instagram.com/p/DJ8wLF_ykJN/,grownaturally,,,,,,,,
https://www.instagram.com/p/CsLiGR_uPZt/,grownaturally,,,,,,,,
https://www.instagram.com/p/Cqb3SYQJG0c/,grownaturally,,,,,,,,
https://www.instagram.com/p/DMsKlsThE6l/,grownaturally,,,,,,,,
https://www.instagram.com/p/DM74e9nIOxL/,grownaturally,,,,,,,,
https://www.instagram.com/p/DMj-YyiysiT/,grownaturally,,,,,,,,
https://www.instagram.com/p/DH7EwyxS74a/,grownaturally,,,,,,,,
https://www.instagram.com/p/DIvgGnDtLe-/,grownaturally,,,,,,,,
https://www.instagram.com/p/DMYnNAKOXWb/,grownaturally,,,,,,,,
https://www.instagram.com/p/CJio0t1A_zH/,grownaturally,,,,,,,,
https://www.instagram.com/p/CPkLo-vDLas/,grownaturally,,,,,,,,
https://www.instagram.com/p/DG5D-qAIls3/,grownaturally,,,,,,,,
https://www.instagram.com/p/COHQajWLd2S/,grownaturally,,,,,,,,
https://www.instagram.com/p/DFX6BmLzrHt/,grownaturally,,,,,,,,
https://www.instagram.com/p/DLFQ-hryg6r/,grownaturally,,,,,,,,
https://www.instagram.com/p/DHaNt3tC5qf/,grownaturally,,,,,,,,
https://www.instagram.com/p/DE6rj1VTw1o/,grownaturally,,,,,,,,
https://www.instagram.com/p/CSRTBJvFebQ/,grownaturally,,,,,,,,
https://www.instagram.com/p/CFRcfNrjHz-/,grownaturally,,,,,,,,
https://www.instagram.com/p/DN17aFYUji3/,grownaturally,,,,,,,,
https://www.instagram.com/p/CrTY1pNIITr/,grownaturally,,,,,,,,
https://www.instagram.com/p/CeS249MtEBs/,grownaturally,,,,,,,,
https://www.instagram.com/p/CEknCR2j9ln/,grownaturally,,,,,,,,
https://www.instagram.com/p/DNfvDL-TOxy/,grownaturally,,,,,,,,
https://www.instagram.com/p/BnCRXEEFVzN/,grownaturally,,,,,,,,
https://www.instagram.com/p/DOnEeZHEgl0/,grownaturally,,,,,,,,
https://www.instagram.com/p/DNkNjgQJGKz/,grownaturally,,,,,,,,
https://www.instagram.com/p/CLwmxBkj-4I/,grownaturally,,,,,,,,
https://www.instagram.com/p/C4yz57dN3tG/,grownaturally,,,,,,,,
https://www.instagram.com/p/DN4ukzTCLmD/,grownaturally,,,,,,,,
https://www.instagram.com/p/DF976FHRjxA/,grownaturally,,,,,,,,
https://www.instagram.com/p/DNZ6HLBMIKq/,grownaturally,,,,,,,,
https://www.instagram.com/p/DFp8_CoquLy/,grownaturally,,,,,,,,
https://www.instagram.com/p/DMcvfMmTV3k/,grownaturally,,,,,,,,
https://www.instagram.com/p/C4o_wIPJ4L_/,grownaturally,,,,,,,,
https://www.instagram.com/p/DMftdwaR3U3/,grownaturally,,,,,,,,
https://www.instagram.com/p/DDKWV1vAFun/,grownaturally,,,,,,,,
https://www.instagram.com/p/DNzpBc30DXv/,grownaturally,,,,,,,,
https://www.instagram.com/p/CFFtKwhDcfM/,grownaturally,,,,,,,,
https://www.instagram.com/p/CNKr-HLHg5O/,grownaturally,,,,,,,,
https://www.instagram.com/p/DOFnLIrEhig/,grownaturally,,,,,,,,
https://www.instagram.com/p/DNfurUw1LKB/,grownaturally,,,,,,,,
https://www.instagram.com/p/C4XWOkCte-c/,grownaturally,,,,,,,,
https://www.instagram.com/p/DMcm5X0Ju4x/,grownaturally,,,,,,,,
https://www.instagram.com/p/DNpP7Usy7d9/,grownaturally,,,,,,,,
https://www.instagram.com/p/CqadmMhO0MM/,grownaturally,,,,,,,,
https://www.instagram.com/p/DHcdZnGx_Jo/,grownaturally,,,,,,,,
https://www.instagram.com/p/CFr5vakJL2m/,grownaturally,,,,,,,,
https://www.instagram.com/p/DH3cpBXtc8e/,grownaturally,,,,,,,,
https://www.instagram.com/p/DND8AroztY3/,grownaturally,,,,,,,,
https://www.instagram.com/p/DNUbtROR-9c/,grownaturally,,,,,,,,
https://www.instagram.com/p/CUCKztwtNlU/,grownaturally,,,,,,,,
https://www.instagram.com/p/DNXqpgDvZG5/,grownaturally,,,,,,,,
https://www.instagram.com/p/DM8xb-WtKoT/,grownaturally,,,,,,,,
https://www.instagram.com/p/DG6vm3_MUSU/,grownaturally,,,,,,,,
https://www.instagram.com/p/DJ6oRJxBQDB/,grownaturally,,,,,,,,
https://www.instagram.com/p/DNVGMuQPnwl/,grownaturally,,,,,,,,
https://www.instagram.com/p/CEAUIl-nsLr/,grownaturally,,,,,,,,
https://www.instagram.com/p/DOmmXtYklfx/,grownaturally,,,,,,,,
https://www.instagram.com/p/DIx_r01xGrj/,grownaturally,,,,,,,,
https://www.instagram.com/p/DNAyY-WS_3E/,grownaturally,,,,,,,,
https://www.instagram.com/p/DOLjRdEEYwk/,grownaturally,,,,,,,,
https://www.instagram.com/p/DEcMR7CyA9i/,grownaturally,,,,,,,,
https://www.instagram.com/p/DOieqQfks7p/,grownaturally,,,,,,,,
https://www.instagram.com/p/CZYgbZtsLXm/,grownaturally,,,,,,,,
https://www.instagram.com/p/CjZppaqqXnE/,grownaturally,,,,,,,,
https://www.instagram.com/p/CrBdMN7LfGf/,grownaturally,,,,,,,,
https://www.instagram.com/p/DIvGM_TTb0s/,grownaturally,,,,,,,,
https://www.instagram.com/p/DM0sas0hg2t/,grownaturally,,,,,,,,
https://www.instagram.com/p/DHr9tUqMRJV/,grownaturally,,,,,,,,
https://www.instagram.com/p/CNjWGGss5fx/,grownaturally,,,,,,,,
https://www.instagram.com/p/DLXdfFcBZ9z/,grownaturally,,,,,,,,
https://www.instagram.com/p/DNXvaJjSG5M/,grownaturally,,,,,,,,
https://www.instagram.com/p/DNUcPj_ROBg/,grownaturally,,,,,,,,
https://www.instagram.com/p/DNYn1wPKCeR/,grownaturally,,,,,,,,
https://www.instagram.com/p/Csk7MeGrBLQ/,grownaturally,,,,,,,,
https://www.instagram.com/p/DLFDQqmTVRy/,grownaturally,,,,,,,,
https://www.instagram.com/p/DCr2feasTWq/,grownaturally,,,,,,,,
https://www.instagram.com/p/DMFQk5oRFEr/,grownaturally,,,,,,,,
https://www.instagram.com/p/DOIoDJNE2tJ/,grownaturally,,,,,,,,
https://www.instagram.com/p/DJWwbetOZo-/,grownaturally,,,,,,,,
https://www.instagram.com/p/DEnDogwqiB2/,grownaturally,,,,,,,,
https://www.instagram.com/p/DG2_BVWT154/,grownaturally,,,,,,,,
https://www.instagram.com/p/B2NFTqRgcln/,grownaturally,,,,,,,,
https://www.instagram.com/p/B2mTTotHKZQ/,grownaturally,,,,,,,,
https://www.instagram.com/p/CZ4kazmuiHS/,grownaturally,,,,,,,,
https://www.instagram.com/p/CFSrjOXB8Zy/,grownaturally,,,,,,,,
https://www.instagram.com/p/DNNvIpHSllw/,grownaturally,,,,,,,,
https://www.instagram.com/p/B1BE8k1naP8/,grownaturally,,,,,,,,
https://www.instagram.com/p/DHwk3XCBVhP/,grownaturally,,,,,,,,
https://www.instagram.com/p/DLcjw5Iht4X/,grownaturally,,,,,,,,
https://www.instagram.com/p/DEwh610CmXs/,grownaturally,,,,,,,,
https://www.instagram.com/p/CKZsKCIA3l3/,grownaturally,,,,,,,,
https://www.instagram.com/p/DMpAChITUf8/,grownaturally,,,,,,,,
https://www.instagram.com/p/DM5K_c4BGdL/,grownaturally,,,,,,,,
https://www.instagram.com/p/BcNm7umglqh/,grownaturally,,,,,,,,
https://www.instagram.com/p/DOYMzYegZUR/,grownaturally,,,,,,,,
https://www.instagram.com/p/CFwcOk_BdvN/,grownaturally,,,,,,,,
https://www.instagram.com/p/DMP7znVBMab/,grownaturally,,,,,,,,
https://www.instagram.com/p/DNNmRlDz_UH/,grownaturally,,,,,,,,
https://www.instagram.com/p/Bz7Y2T_JrdM/,grownaturally,,,,,,,,
https://www.instagram.com/p/Bl1NW3yhc0p/,grownaturally,,,,,,,,
https://www.instagram.com/p/DJdc431z1f0/,grownaturally,,,,,,,,
https://www.instagram.com/p/Cq-eBoguweZ/,grownaturally,,,,,,,,
https://www.instagram.com/p/CNqb3hTH1zA/,grownaturally,,,,,,,,
https://www.instagram.com/p/CCPIwsunoil/,grownaturally,,,,,,,,
https://www.instagram.com/p/DJ9MfYTTy4c/,grownaturally,,,,,,,,
https://www.instagram.com/p/CbQMLVqF9rd/,grownaturally,,,,,,,,
https://www.instagram.com/p/BtL5OG6HLQs/,grownaturally,,,,,,,,
https://www.instagram.com/p/DKsFwjuzjNG/,grownaturally,,,,,,,,
https://www.instagram.com/p/CIfq2ogpoPx/,grownaturally,,,,,,,,
https://www.instagram.com/p/CGXsB9ynR1p/,grownaturally,,,,,,,,
https://www.instagram.com/p/CB30Hk5FzJg/,grownaturally,,,,,,,,
https://www.instagram.com/p/CNmIpJ8DhG-/,grownaturally,,,,,,,,
https://www.instagram.com/p/DJ4FO0NtRR3/,grownaturally,,,,,,,,
https://www.instagram.com/p/CtavyJDPW-D/,grownaturally,,,,,,,,
https://www.instagram.com/p/DIyR_p0vg1J/,grownaturally,,,,,,,,
https://www.instagram.com/p/CFubuFmhu28/,grownaturally,,,,,,,,
https://www.instagram.com/p/DFuh2t6MckS/,grownaturally,,,,,,,,
https://www.instagram.com/p/BfDNLWhHRdb/,grownaturally,,,,,,,,
https://www.instagram.com/p/CKBoi8VHUba/,grownaturally,,,,,,,,
https://www.instagram.com/p/CSuYG8hFxBD/,grownaturally,,,,,,,,
https://www.instagram.com/p/DOXqbYkEtmL/,grownaturally,,,,,,,,
https://www.instagram.com/p/DAkkbx3ypz6/,grownaturally,,,,,,,,
https://www.instagram.com/p/CueqR0SIAOw/,grownaturally,,,,,,,,
https://www.instagram.com/p/DKjj0cUyfYy/,grownaturally,,,,,,,,
https://www.instagram.com/p/CzilRWByioM/,grownaturally,,,,,,,,
https://www.instagram.com/p/DOJpMtOka_F/,grownaturally,,,,,,,,
https://www.instagram.com/p/DJ1cCIsBVIu/,grownaturally,,,,,,,,
https://www.instagram.com/p/DKMn6ozTIOH/,grownaturally,,,,,,,,
https://www.instagram.com/p/DH0tRb7yzFw/,grownaturally,,,,,,,,
https://www.instagram.com/p/DJ2KCPQqlp7/,grownaturally,,,,,,,,
https://www.instagram.com/p/DJD8FyKRqvG/,grownaturally,,,,,,,,
https://www.instagram.com/p/DMKyapAiUUq/,grownaturally,,,,,,,,
https://www.instagram.com/p/DLfaOyFh552/,grownaturally,,,,,,,,
https://www.instagram.com/p/DA289eYqX6p/,grownaturally,,,,,,,,
https://www.instagram.com/p/DOixQbHEpL7/,grownaturally,,,,,,,,
https://www.instagram.com/p/DJ8_-lnySNE/,grownaturally,,,,,,,,
https://www.instagram.com/p/Cr5o9yYtKhb/,grownaturally,,,,,,,,
https://www.instagram.com/p/DGSVju2zlPC/,grownaturally,,,,,,,,
https://www.instagram.com/p/DMmg5lROhCL/,grownaturally,,,,,,,,
https://www.instagram.com/p/DMqO7yvNqD9/,grownaturally,,,,,,,,
https://www.instagram.com/p/CQNEEAThv0U/,grownaturally,,,,,,,,
https://www.instagram.com/p/CuOHRT3S0pw/,grownaturally,,,,,,,,
https://www.instagram.com/p/BmUaZVTFeXT/,grownaturally,,,,,,,,
https://www.instagram.com/p/DHc9I47i06C/,grownaturally,,,,,,,,
https://www.instagram.com/p/DJ2NFIQMgLj/,grownaturally,,,,,,,,
https://www.instagram.com/p/DMrrH3azKOO/,grownaturally,,,,,,,,
https://www.instagram.com/p/DOt2vVFEvXH/,grownaturally,,,,,,,,
https://www.instagram.com/p/DOGqISyjNhd/,grownaturally,,,,,,,,
https://www.instagram.com/p/DFe_iMcO_Dg/,grownaturally,,,,,,,,
https://www.instagram.com/p/BatlqTTAG7y/,grownaturally,,,,,,,,
https://www.instagram.com/p/DMO_SO_Tq67/,grownaturally,,,,,,,,
https://www.instagram.com/p/DLmXrq7Tx4p/,grownaturally,,,,,,,,
https://www.instagram.com/p/CcH4bUNtDbd/,grownaturally,,,,,,,,
https://www.instagram.com/p/DHC2bZPiWVi/,grownaturally,,,,,,,,
https://www.instagram.com/p/CQOSs3nn0Uh/,grownaturally,,,,,,,,
https://www.instagram.com/p/CBLQRblliUf/,grownaturally,,,,,,,,
https://www.instagram.com/p/DNS5lC7yMoe/,grownaturally,,,,,,,,
https://www.instagram.com/p/DH5p_4vztJv/,grownaturally,,,,,,,,
https://www.instagram.com/p/CFFuWnRj1DF/,grownaturally,,,,,,,,
https://www.instagram.com/p/DIL1gK4Bhen/,grownaturally,,,,,,,,
https://www.instagram.com/p/DMfsSdER61s/,grownaturally,,,,,,,,
https://www.instagram.com/p/CC72yiUpkXA/,grownaturally,,,,,,,,
https://www.instagram.com/p/Cpesd3rvOIR/,grownaturally,,,,,,,,
https://www.instagram.com/p/DNS7IHatU39/,grownaturally,,,,,,,,
https://www.instagram.com/p/Cp7tC2rtMiR/,grownaturally,,,,,,,,
https://www.instagram.com/p/DKOpLTgzmGb/,grownaturally,,,,,,,,
https://www.instagram.com/p/DKQ0iz5o-h4/,grownaturally,,,,,,,,
https://www.instagram.com/p/DCQtfR6zXw2/,grownaturally,,,,,,,,
https://www.instagram.com/p/CEiUR3xAAhL/,grownaturally,,,,,,,,
https://www.instagram.com/p/CoycW5PO2sW/,grownaturally,,,,,,,,
https://www.instagram.com/p/DM9i6PNxZQn/,grownaturally,,,,,,,,
https://www.instagram.com/p/DKjv3XITCnY/,grownaturally,,,,,,,,
https://www.instagram.com/p/DOBh9GNjGWn/,grownaturally,,,,,,,,
https://www.instagram.com/p/DMQzWYjzTbO/,grownaturally,,,,,,,,
https://www.instagram.com/p/DHbTitVtaiI/,grownaturally,,,,,,,,
https://www.instagram.com/p/CG36R5Lh5bj/,grownaturally,,,,,,,,
https://www.instagram.com/p/BvddDO1HhKP/,grownaturally,,,,,,,,
https://www.instagram.com/p/DMxz0ucMFBu/,grownaturally,,,,,,,,
https://www.instagram.com/p/CAKDVN6A9X5/,grownaturally,,,,,,,,
https://www.instagram.com/p/CMYANx1ps-C/,grownaturally,,,,,,,,
https://www.instagram.com/p/C3kuOY3OPUY/,grownaturally,,,,,,,,
https://www.instagram.com/p/DJ3aZf4IFGZ/,grownaturally,,,,,,,,
https://www.instagram.com/p/DLjXxrjSIVZ/,grownaturally,,,,,,,,
https://www.instagram.com/p/DMfrKpwRP5o/,grownaturally,,,,,,,,
https://www.instagram.com/p/B-kmlb_H0TF/,grownaturally,,,,,,,,
https://www.instagram.com/p/CCoZ70Qh-B5/,grownaturally,,,,,,,,
https://www.instagram.com/p/DML07f1OMAK/,grownaturally,,,,,,,,
https://www.instagram.com/p/DIaQexctjNL/,grownaturally,,,,,,,,
https://www.instagram.com/p/DMsRZ64huil/,grownaturally,,,,,,,,
https://www.instagram.com/p/CJljU1uh9V2/,grownaturally,,,,,,,,
https://www.instagram.com/p/CJs4uDsA6-c/,grownaturally,,,,,,,,
https://www.instagram.com/p/CEumRpYH9RV/,grownaturally,,,,,,,,
https://www.instagram.com/p/DNIVHoOzlG6/,grownaturally,,,,,,,,
https://www.instagram.com/p/DLJyTDboo2L/,grownaturally,,,,,,,,
https://www.instagram.com/p/DLPU9cYscPc/,grownaturally,,,,,,,,
https://www.instagram.com/p/CrVk_RVunEw/,grownaturally,,,,,,,,
https://www.instagram.com/p/DG5Rc4jM6aw/,grownaturally,,,,,,,,
https://www.instagram.com/p/DOIj5neEVHx/,grownaturally,,,,,,,,
https://www.instagram.com/p/DFDAEvwhoHv/,grownaturally,,,,,,,,
https://www.instagram.com/p/CWIqo2PNAVN/,grownaturally,,,,,,,,
https://www.instagram.com/p/C3Dchp3uVnb/,grownaturally,,,,,,,,
https://www.instagram.com/p/DGxL25wT6a-/,grownaturally,,,,,,,,
https://www.instagram.com/p/DLHQuvZBHTk/,grownaturally,,,,,,,,
https://www.instagram.com/p/CUyiQOqNiIV/,grownaturally,,,,,,,,
https://www.instagram.com/p/DLWp-NhoRBy/,grownaturally,,,,,,,,
https://www.instagram.com/p/DMptMIKpW4a/,grownaturally,,,,,,,,
https://www.instagram.com/p/DMhJKkKT-ci/,grownaturally,,,,,,,,
https://www.instagram.com/p/DL99v5RStln/,grownaturally,,,,,,,,
https://www.instagram.com/p/BzKTnX-Hbtm/,grownaturally,,,,,,,,
https://www.instagram.com/p/BuTkEMGAD0_/,grownaturally,,,,,,,,
https://www.instagram.com/p/DKyn5FXxyxi/,grownaturally,,,,,,,,
https://www.instagram.com/p/DInqyKJtiZu/,grownaturally,,,,,,,,
https://www.instagram.com/p/DJIrzWUTZko/,grownaturally,,,,,,,,
https://www.instagram.com/p/DMiBz4OB06P/,grownaturally,,,,,,,,
https://www.instagram.com/p/DMO7ciqPJVW/,grownaturally,,,,,,,,
https://www.instagram.com/p/BVeF7NInZ0Q/,grownaturally,,,,,,,,
https://www.instagram.com/p/DGfwN-7vzVk/,grownaturally,,,,,,,,
https://www.instagram.com/p/DMzcnWxBAnv/,grownaturally,,,,,,,,
https://www.instagram.com/p/DLVDmqhJVcI/,grownaturally,,,,,,,,
https://www.instagram.com/p/DJRQqP2zrh0/,grownaturally,,,,,,,,
https://www.instagram.com/p/DLZLvlkvxGj/,grownaturally,,,,,,,,
https://www.instagram.com/p/DC0zkBPs_aE/,grownaturally,,,,,,,,
https://www.instagram.com/p/DGbTixGtdKG/,grownaturally,,,,,,,,
https://www.instagram.com/p/DJY4yjhNlTW/,grownaturally,,,,,,,,
https://www.instagram.com/p/CD4krzvHl2a/,grownaturally,,,,,,,,
https://www.instagram.com/p/DKrR8sjPSZU/,grownaturally,,,,,,,,
https://www.instagram.com/p/DNPx4_gsmGD/,grownaturally,,,,,,,,
https://www.instagram.com/p/BjJL_YVjukc/,grownaturally,,,,,,,,
https://www.instagram.com/p/Ca1ekhOlBKG/,grownaturally,,,,,,,,
https://www.instagram.com/p/CI8xTD6Fomj/,grownaturally,,,,,,,,
https://www.instagram.com/p/DM5TbrAz--D/,grownaturally,,,,,,,,
https://www.instagram.com/p/CSIozFDH3U4/,grownaturally,,,,,,,,
https://www.instagram.com/p/CMI0WfMgxwp/,grownaturally,,,,,,,,
https://www.instagram.com/p/DGnPo4LNIpv/,grownaturally,,,,,,,,
https://www.instagram.com/p/DECZWfbsPYJ/,grownaturally,,,,,,,,
https://www.instagram.com/p/CP1dg1vNz_l/,grownaturally,,,,,,,,
https://www.instagram.com/p/DIwOZPTJxcm/,grownaturally,,,,,,,,
https://www.instagram.com/p/DLXg5wKhKIh/,grownaturally,,,,,,,,
https://www.instagram.com/p/DGgiOSiTU4O/,grownaturally,,,,,,,,
https://www.instagram.com/p/DNgnzLIt-cM/,grownaturally,,,,,,,,
https://www.instagram.com/p/DOnd7QkEbAj/,grownaturally,,,,,,,,
https://www.instagram.com/p/CaYKAeAl6Rj/,grownaturally,,,,,,,,
https://www.instagram.com/p/DOOqBHwgsrX/,grownaturally,,,,,,,,
https://www.instagram.com/p/DJ6-rXOMrTy/,grownaturally,,,,,,,,
https://www.instagram.com/p/DMaZqeQOgJ9/,grownaturally,,,,,,,,
https://www.instagram.com/p/DAm9-pmyb3H/,grownaturally,,,,,,,,
https://www.instagram.com/p/CMw-0yDjyrQ/,grownaturally,,,,,,,,
https://www.instagram.com/p/B2cJywyAtmq/,grownaturally,,,,,,,,
https://www.instagram.com/p/DMU2pjUpCcn/,grownaturally,,,,,,,,
https://www.instagram.com/p/Csjpo7KOx6J/,grownaturally,,,,,,,,
https://www.instagram.com/p/CvCPiPkArmb/,grownaturally,,,,,,,,
https://www.instagram.com/p/DNNa36dMLlX/,grownaturally,,,,,,,,
https://www.instagram.com/p/BWdOYVQlCOq/,grownaturally,,,,,,,,
https://www.instagram.com/p/DNImJjoMavn/,grownaturally,,,,,,,,
https://www.instagram.com/p/CBO2YFHnDaB/,grownaturally,,,,,,,,
https://www.instagram.com/p/CHAurYtp3HV/,grownaturally,,,,,,,,
https://www.instagram.com/p/BiuUQ2cBeeH/,grownaturally,,,,,,,,
https://www.instagram.com/p/C4lebR1IOpQ/,grownaturally,,,,,,,,
https://www.instagram.com/p/DKU_RcnIU2_/,grownaturally,,,,,,,,
https://www.instagram.com/p/BW8jcyCgKEd/,grownaturally,,,,,,,,
https://www.instagram.com/p/Bkkt7EAhv7u/,grownaturally,,,,,,,,
https://www.instagram.com/p/CLQJDtTpzr1/,grownaturally,,,,,,,,
https://www.instagram.com/p/CDtWs6XH7hS/,grownaturally,,,,,,,,
https://www.instagram.com/p/DF45e_hSEjs/,grownaturally,,,,,,,,
https://www.instagram.com/p/DKRDE2Ax1JU/,grownaturally,,,,,,,,
https://www.instagram.com/p/DLDUVRyMR9B/,grownaturally,,,,,,,,
https://www.instagram.com/p/DOIjg2CD-eI/,grownaturally,,,,,,,,
https://www.instagram.com/p/DHDXTd9RPwG/,grownaturally,,,,,,,,
https://www.instagram.com/p/DMrbGErqxi7/,organicgardener,,,,,,,,
https://www.instagram.com/p/C5CabrivF2u/,organicgardener,,,,,,,,
https://www.instagram.com/p/DOsUTJrCC4A/,organicgardener,,,,,,,,
https://www.instagram.com/p/DMQV7wzu6Pi/,organicgardener,,,,,,,,
https://www.instagram.com/p/DKR9xy1CRR-/,organicgardener,,,,,,,,
https://www.instagram.com/p/DKbIUMfzEF5/,organicgardener,,,,,,,,
https://www.instagram.com/p/DOrgXyOEpOm/,organicgardener,,,,,,,,
https://www.instagram.com/p/DOAuoKNCVYh/,organicgardener,,,,,,,,
https://www.instagram.com/p/DJ1n8zkqpe3/,organicgardener,,,,,,,,
https://www.instagram.com/p/DIfxculq28K/,organicgardener,,,,,,,,
https://www.instagram.com/p/DJTTe7JqFOB/,organicgardener,,,,,,,,
https://www.instagram.com/p/DN1lW5uZOJC/,organicgardener,,,,,,,,
https://www.instagram.com/p/DKUz2lFoNBJ/,organicgardener,,,,,,,,
https://www.instagram.com/p/CEZZiSLAinX/,organicgardener,,,,,,,,
https://www.instagram.com/p/DOn4RwOjLko/,organicgardener,,,,,,,,
https://www.instagram.com/p/DM2Hz9cTPVU/,organicgardener,,,,,,,,
https://www.instagram.com/p/DOnjgAkjCd3/,organicgardener,,,,,,,,
https://www.instagram.com/p/DLgHAZiszRw/,organicgardener,,,,,,,,
https://www.instagram.com/p/DOc8MZTiLA2/,organicgardener,,,,,,,,
https://www.instagram.com/p/DOOtn3SiOG1/,organicgardener,,,,,,,,
https://www.instagram.com/p/DOaWIcQDMDp/,organicgardener,,,,,,,,
https://www.instagram.com/p/DHvkdTBuy6G/,organicgardener,,,,,,,,
https://www.instagram.com/p/DOfY8_DjPYt/,organicgardener,,,,,,,,
https://www.instagram.com/p/DOZC1gVDAAJ/,organicgardener,,,,,,,,
https://www.instagram.com/p/DMCOQ3Fv0ve/,organicgardener,,,,,,,,
https://www.instagram.com/p/DKdUHK3AA7K/,organicgardener,,,,,,,,
https://www.instagram.com/p/DHMejtLTBXH/,organicgardener,,,,,,,,
https://www.instagram.com/p/DCDG3c_yyDM/,organicgardener,,,,,,,,
https://www.instagram.com/p/DKCSM7PR2F4/,organicgardener,,,,,,,,
https://www.instagram.com/p/DMA_0EpqUvU/,organicgardener,,,,,,,,
https://www.instagram.com/p/DIGbTbbq-O1/,organicgardener,,,,,,,,
https://www.instagram.com/p/DOuOac3j_Kv/,organicgardener,,,,,,,,
https://www.instagram.com/p/DJ58xQVNAtA/,organicgardener,,,,,,,,
https://www.instagram.com/p/DOu5TqqDJ__/,organicgardener,,,,,,,,
https://www.instagram.com/p/DOt8bizEe09/,organicgardener,,,,,,,,
https://www.instagram.com/p/DOqw8p0DI3I/,organicgardener,,,,,,,,
https://www.instagram.com/p/DKrulD8Icln/,organicgardener,,,,,,,,
https://www.instagram.com/p/DOoBKsoEX1a/,organicgardener,,,,,,,,
https://www.instagram.com/p/DMVHGd1NJbY/,organicgardener,,,,,,,,
https://www.instagram.com/p/DOl8SJaj6Ka/,organicgardener,,,,,,,,
https://www.instagram.com/p/DM55OTbhRHe/,organicgardener,,,,,,,,
https://www.instagram.com/p/DMz2HaORYEG/,organicgardener,,,,,,,,
https://www.instagram.com/p/DMpF0LGqOIs/,organicgardener,,,,,,,,
https://www.instagram.com/p/DMjZ1fbPTwy/,organicgardener,,,,,,,,
https://www.instagram.com/p/BJSBVBCDrkZ/,organicgardener,,,,,,,,
https://www.instagram.com/p/DNwdbarZJJv/,organicgardener,,,,,,,,
https://www.instagram.com/p/DOi-eblkTNR/,organicgardener,,,,,,,,
https://www.instagram.com/p/DJwo-TkJOVK/,organicgardener,,,,,,,,
https://www.instagram.com/p/DM8-Ps2p-za/,organicgardener,,,,,,,,
https://www.instagram.com/p/DOtulLyDPEg/,organicgardener,,,,,,,,
https://www.instagram.com/p/CbgHCXcOrB1/,organicgardener,,,,,,,,
https://www.instagram.com/p/CwUxwxuqQ7r/,organicgardener,,,,,,,,
https://www.instagram.com/p/DOV0hUbEvvi/,organicgardener,,,,,,,,
https://www.instagram.com/p/DODCTxnkRfQ/,organicgardener,,,,,,,,
https://www.instagram.com/p/DKbx92eI7al/,organicgardener,,,,,,,,
https://www.instagram.com/p/DOrWKhLku88/,organicgardener,,,,,,,,
https://www.instagram.com/p/DNkUeGGTcMd/,organicgardener,,,,,,,,
https://www.instagram.com/p/DOkf-BCiHAC/,organicgardener,,,,,,,,
https://www.instagram.com/p/Con53WPvDCU/,organicgardener,,,,,,,,
https://www.instagram.com/p/DJLzppVKbir/,organicgardener,,,,,,,,
https://www.instagram.com/p/DOEKQ-bjXsG/,organicgardener,,,,,,,,
https://www.instagram.com/p/DOvZfGWkXK-/,organicgardener,,,,,,,,
https://www.instagram.com/p/DORcBbBkq43/,organicgardener,,,,,,,,
https://www.instagram.com/p/DKXjHebJxz-/,organicgardener,,,,,,,,
https://www.instagram.com/p/DGATD_pKsnx/,organicgardener,,,,,,,,
https://www.instagram.com/p/DOs2UBogrvb/,organicgardener,,,,,,,,
https://www.instagram.com/p/DOnNexTCLFM/,organicgardener,,,,,,,,
https://www.instagram.com/p/DOXcl3ggQ74/,organicgardener,,,,,,,,
https://www.instagram.com/p/DNyvXLJZFgI/,organicgardener,,,,,,,,
https://www.instagram.com/p/DMYUhaJOJuW/,organicgardener,,,,,,,,
https://www.instagram.com/p/DOsE1JLkg-Y/,organicgardener,,,,,,,,
https://www.instagram.com/p/DMV2Q08qcQq/,organicgardener,,,,,,,,
https://www.instagram.com/p/DLUi7coqwIB/,organicgardener,,,,,,,,
https://www.instagram.com/p/DM7VfzZT-Nc/,organicgardener,,,,,,,,
https://www.instagram.com/p/DLn-7oBTmr8/,organicgardener,,,,,,,,
https://www.instagram.com/p/CeBYqtEu9gL/,organicgardener,,,,,,,,
https://www.instagram.com/p/DJPWeNVA-8i/,organicgardener,,,,,,,,
https://www.instagram.com/p/DN4fu2sEjMa/,organicgardener,,,,,,,,
https://www.instagram.com/p/DJKLaRsCpGx/,organicgardener,,,,,,,,
https://www.instagram.com/p/DOtPF5RjFpB/,organicgardener,,,,,,,,
https://www.instagram.com/p/CwXmACqoY3f/,organicgardener,,,,,,,,
https://www.instagram.com/p/CFR19TmgA4W/,organicgardener,,,,,,,,
https://www.instagram.com/p/CfEbOPzrFOU/,organicgardener,,,,,,,,
https://www.instagram.com/p/DKFFZmjxq60/,organicgardener,,,,,,,,
https://www.instagram.com/p/DOnsdAWDTUU/,organicgardener,,,,,,,,
https://www.instagram.com/p/DNCGVgXOn2F/,organicgardener,,,,,,,,
https://www.instagram.com/p/DMdSBmtxUk6/,organicgardener,,,,,,,,
https://www.instagram.com/p/DL2rhs8oW88/,organicgardener,,,,,,,,
https://www.instagram.com/p/DOuZXVxjQDF/,organicgardener,,,,,,,,
https://www.instagram.com/p/DOskkEtgVVn/,organicgardener,,,,,,,,
https://www.instagram.com/p/DMw2YSyt_Pz/,organicgardener,,,,,,,,
https://www.instagram.com/p/DNfHelFKPBM/,organicgardener,,,,,,,,
https://www.instagram.com/p/DEJuzBTvwG9/,organicgardener,,,,,,,,
https://www.instagram.com/p/DMm-6oMRLC3/,organicgardener,,,,,,,,
https://www.instagram.com/p/DNqtawMswsb/,organicgardener,,,,,,,,
https://www.instagram.com/p/CZ10BCkKBTm/,organicgardener,,,,,,,,
https://www.instagram.com/p/DKaYLRvvlgp/,organicgardener,,,,,,,,
https://www.instagram.com/p/DKJ-4eBoERi/,organicgardener,,,,,,,,
https://www.instagram.com/p/DOstS8oEeJt/,organicgardener,,,,,,,,
https://www.instagram.com/p/DLPokPoNY44/,organicgardener,,,,,,,,
https://www.instagram.com/p/DNmRZCborgz/,organicgardener,,,,,,,,
https://www.instagram.com/p/DIoJuSsu_kY/,organicgardener,,,,,,,,
https://www.instagram.com/p/DJobQEIuHAQ/,organicgardener,,,,,,,,
https://www.instagram.com/p/CwPsEMuq5AI/,organicgardener,,,,,,,,
https://www.instagram.com/p/DOtmWV4DNLw/,organicgardener,,,,,,,,
https://www.instagram.com/p/DJix5HgCkck/,organicgardener,,,,,,,,
https://www.instagram.com/p/DOcEU_JDq9C/,organicgardener,,,,,,,,
https://www.instagram.com/p/DOtPiu5Decn/,organicgardener,,,,,,,,
https://www.instagram.com/p/DJNcdvZO08i/,organicgardener,,,,,,,,
https://www.instagram.com/p/DKxMl9Spqw8/,organicgardener,,,,,,,,
https://www.instagram.com/p/DOo1m2KEoUO/,organicgardener,,,,,,,,
https://www.instagram.com/p/DOtdtPeDb5d/,organicgardener,,,,,,,,
https://www.instagram.com/p/Cth1DirONX0/,organicgardener,,,,,,,,
https://www.instagram.com/p/CObiXy-gJYO/,organicgardener,,,,,,,,
https://www.instagram.com/p/DKzEHXOzw1x/,organicgardener,,,,,,,,
https://www.instagram.com/p/DLEmtqOq0lg/,organicgardener,,,,,,,,
https://www.instagram.com/p/DLnnqlEtgzX/,organicgardener,,,,,,,,
https://www.instagram.com/p/DLwld-yCOkQ/,organicgardener,,,,,,,,
https://www.instagram.com/p/DLvTIrPBmbB/,organicgardener,,,,,,,,
https://www.instagram.com/p/DIx3p9yqzR9/,organicgardener,,,,,,,,
https://www.instagram.com/p/DMy4Z2XPHOQ/,organicgardener,,,,,,,,
https://www.instagram.com/p/DMQkR-HuWQy/,organicgardener,,,,,,,,
https://www.instagram.com/p/DOC1JQnCXHo/,organicgardener,,,,,,,,
https://www.instagram.com/p/DMVw8F4KWdo/,organicgardener,,,,,,,,
https://www.instagram.com/p/DNYXEf8tIx8/,organicgardener,,,,,,,,
https://www.instagram.com/p/DLBYxjwM9Sq/,organicgardener,,,,,,,,
https://www.instagram.com/p/DOquHGSESia/,organicgardener,,,,,,,,
https://www.instagram.com/p/DNeCt3Fux2M/,organicgardener,,,,,,,,
https://www.instagram.com/p/DODjQ9bD47k/,organicgardener,,,,,,,,
https://www.instagram.com/p/DMrJPqkxChB/,organicgardener,,,,,,,,
https://www.instagram.com/p/DMPVAj5TBkD/,organicgardener,,,,,,,,
https://www.instagram.com/p/DMnSfnAssXD/,organicgardener,,,,,,,,
https://www.instagram.com/p/DMye-fZRnhP/,organicgardener,,,,,,,,
https://www.instagram.com/p/DOs_9ZXAL-G/,organicgardener,,,,,,,,
https://www.instagram.com/p/DOrxqT0CBf9/,organicgardener,,,,,,,,
https://www.instagram.com/p/DIO0JSCq4PH/,organicgardener,,,,,,,,
https://www.instagram.com/p/DN5MPrejGVP/,organicgardener,,,,,,,,
https://www.instagram.com/p/DKoSYXgqVUq/,organicgardener,,,,,,,,
https://www.instagram.com/p/DOgxPrLjEpv/,organicgardener,,,,,,,,
https://www.instagram.com/p/BJlBJJNgg7H/,organicgardener,,,,,,,,
https://www.instagram.com/p/DIdTI6PTdtC/,organicgardener,,,,,,,,
https://www.instagram.com/p/DN3_lnek7gK/,organicgardener,,,,,,,,
https://www.instagram.com/p/DLopxo8oT_r/,organicgardener,,,,,,,,
https://www.instagram.com/p/DMMzkjdqiC2/,organicgardener,,,,,,,,
https://www.instagram.com/p/DJ1_EmmPkWL/,organicgardener,,,,,,,,
https://www.instagram.com/p/DNO5lNDv4ri/,organicgardener,,,,,,,,
https://www.instagram.com/p/DNvYZor5v6C/,organicgardener,,,,,,,,
https://www.instagram.com/p/DK9l7jdAe-2/,organicgardener,,,,,,,,
https://www.instagram.com/p/DNEqWvoOC_B/,organicgardener,,,,,,,,
https://www.instagram.com/p/DOYHMQXEbSs/,organicgardener,,,,,,,,
https://www.instagram.com/p/DMI6cjHRjGj/,organicgardener,,,,,,,,
https://www.instagram.com/p/DMAotGeNCzp/,organicgardener,,,,,,,,
https://www.instagram.com/p/DOazmelES1B/,organicgardener,,,,,,,,
https://www.instagram.com/p/DIQtWSxzqfh/,organicgardener,,,,,,,,
https://www.instagram.com/p/DMBjNsdvu7I/,organicgardener,,,,,,,,
https://www.instagram.com/p/DOGi1lPDui5/,organicgardener,,,,,,,,
https://www.instagram.com/p/DMs_1TmBLlF/,organicgardener,,,,,,,,
https://www.instagram.com/p/DOpOK_gEdlQ/,organicgardener,,,,,,,,
https://www.instagram.com/p/DBW8lcDCPgF/,organicgardener,,,,,,,,
https://www.instagram.com/p/DHEPgi2KJwP/,organicgardener,,,,,,,,
https://www.instagram.com/p/DIvIkqqzbA8/,organicgardener,,,,,,,,
https://www.instagram.com/p/DJDFHuoTqGt/,organicgardener,,,,,,,,
https://www.instagram.com/p/DJzfcNnKFGh/,organicgardener,,,,,,,,
https://www.instagram.com/p/DOYarIyDGdN/,organicgardener,,,,,,,,
https://www.instagram.com/p/DLC9quDxPlI/,organicgardener,,,,,,,,
https://www.instagram.com/p/DM9OttXvB4f/,organicgardener,,,,,,,,
https://www.instagram.com/p/DN07v8W2HZK/,organicgardener,,,,,,,,
https://www.instagram.com/p/DKrN-M7iZyD/,organicgardener,,,,,,,,
https://www.instagram.com/p/DJzkFA7Sqa8/,organicgardener,,,,,,,,
https://www.instagram.com/p/DOEoUlyAo9t/,organicgardener,,,,,,,,
https://www.instagram.com/p/DIqIweHKFv4/,organicgardener,,,,,,,,
https://www.instagram.com/p/DLYnG-du713/,organicgardener,,,,,,,,
https://www.instagram.com/p/DKMaZh0K4W3/,organicgardener,,,,,,,,
https://www.instagram.com/p/DFeWh2pvI0w/,organicgardener,,,,,,,,
https://www.instagram.com/p/DIEHv5tOTRM/,organicgardener,,,,,,,,
https://www.instagram.com/p/DMTVR9evM2d/,organicgardener,,,,,,,,
https://www.instagram.com/p/DHv31tVs0Wx/,organicgardener,,,,,,,,
https://www.instagram.com/p/CwNHkk0qcfn/,organicgardener,,,,,,,,
https://www.instagram.com/p/DNOPmH7Rsw_/,organicgardener,,,,,,,,
https://www.instagram.com/p/C2zP1YOsLkS/,organicgardener,,,,,,,,
https://www.instagram.com/p/DOokR-wDkAR/,organicgardener,,,,,,,,
https://www.instagram.com/p/DObwfxHDwXn/,organicgardener,,,,,,,,
https://www.instagram.com/p/DNvaBsa3Amk/,organicgardener,,,,,,,,
https://www.instagram.com/p/DKunD47KPv6/,organicgardener,,,,,,,,
https://www.instagram.com/p/DObYKuqjINE/,organicgardener,,,,,,,,
https://www.instagram.com/p/DDEwlGPvP5u/,organicgardener,,,,,,,,
https://www.instagram.com/p/DN1zZ3YZhcY/,organicgardener,,,,,,,,
https://www.instagram.com/p/DOHD6M9jB6O/,organicgardener,,,,,,,,
https://www.instagram.com/p/DNNYHA_PTwU/,organicgardener,,,,,,,,
https://www.instagram.com/p/DJu60Rcvud7/,organicgardener,,,,,,,,
https://www.instagram.com/p/DKcvMGWMfBU/,organicgardener,,,,,,,,
https://www.instagram.com/p/DMjBjKFPZje/,organicgardener,,,,,,,,
https://www.instagram.com/p/DMRFgPAuFPN/,organicgardener,,,,,,,,
https://www.instagram.com/p/DMAKAGpISZU/,organicgardener,,,,,,,,
https://www.instagram.com/p/DNepqcMINMp/,organicgardener,,,,,,,,
https://www.instagram.com/p/DJeqGO5OvdK/,organicgardener,,,,,,,,
https://www.instagram.com/p/DMnQA6kM3gr/,organicgardener,,,,,,,,
https://www.instagram.com/p/DKq4-vCq8QK/,organicgardener,,,,,,,,
https://www.instagram.com/p/DL-uwlrJjSw/,organicgardener,,,,,,,,
https://www.instagram.com/p/DOmGFvvDznh/,organicgardener,,,,,,,,
https://www.instagram.com/p/CMRU3din0o_/,organicgardener,,,,,,,,
https://www.instagram.com/p/DCLnWeoSgBm/,organicgardener,,,,,,,,
https://www.instagram.com/p/DOOUleBjeCv/,organicgardener,,,,,,,,
https://www.instagram.com/p/DN1F7KiXkvh/,organicgardener,,,,,,,,
https://www.instagram.com/p/DLPgzkXopkU/,organicgardener,,,,,,,,
https://www.instagram.com/p/DKMP9uFTt_g/,organicgardener,,,,,,,,
https://www.instagram.com/p/DOty_iMDIkk/,organicgardener,,,,,,,,
https://www.instagram.com/p/DMF5TKhqnF1/,organicgardener,,,,,,,,
https://www.instagram.com/p/DG_tZSLTFZR/,organicgardener,,,,,,,,
https://www.instagram.com/p/DNemI4uvr5Y/,organicgardener,,,,,,,,
https://www.instagram.com/p/DJ3UHLLKdTx/,organicgardener,,,,,,,,
https://www.instagram.com/p/DHw1BT9OBYC/,organicgardener,,,,,,,,
https://www.instagram.com/p/DOllFsJDNVl/,organicgardener,,,,,,,,
https://www.instagram.com/p/DJNtvw7JMSu/,organicgardener,,,,,,,,
https://www.instagram.com/p/DMd-kajA62o/,organicgardener,,,,,,,,
https://www.instagram.com/p/DLAe95GqoBF/,organicgardener,,,,,,,,
https://www.instagram.com/p/DNp8r2tN0PX/,organicgardener,,,,,,,,
https://www.instagram.com/p/CHgasw9H8Xk/,organicgardener,,,,,,,,
https://www.instagram.com/p/DGRVIYsTJQz/,organicgardener,,,,,,,,
https://www.instagram.com/p/DGOdBQOgsxT/,organicgardener,,,,,,,,
https://www.instagram.com/p/DJHZtGMRZtv/,organicgardener,,,,,,,,
https://www.instagram.com/p/DLuJotCN5Ko/,organicgardener,,,,,,,,
https://www.instagram.com/p/DKhwRVMPWOJ/,organicgardener,,,,,,,,
https://www.instagram.com/p/DMJQxjehdoR/,organicgardener,,,,,,,,
https://www.instagram.com/p/DJFJ1_OOspK/,organicgardener,,,,,,,,
https://www.instagram.com/p/DLveeM6TSPa/,organicgardener,,,,,,,,
https://www.instagram.com/p/DM89qivMoQX/,organicgardener,,,,,,,,
https://www.instagram.com/p/DMBreAFOe4U/,organicgardener,,,,,,,,
https://www.instagram.com/p/DOmGyIbjBdK/,organicgardener,,,,,,,,
https://www.instagram.com/p/DM21ZBKAvMn/,organicgardener,,,,,,,,
https://www.instagram.com/p/DHleeeLo7KH/,organicgardener,,,,,,,,
https://www.instagram.com/p/DM3XIfWMwFt/,organicgardener,,,,,,,,
https://www.instagram.com/p/DNsF3e25JLK/,organicgardener,,,,,,,,
https://www.instagram.com/p/DHkxDP7SzoZ/,organicgardener,,,,,,,,
https://www.instagram.com/p/DKppXdSyzK1/,organicgardener,,,,,,,,
https://www.instagram.com/p/DOgVW4TjrxH/,organicgardener,,,,,,,,
https://www.instagram.com/p/DKNlht_qZg_/,organicgardener,,,,,,,,
https://www.instagram.com/p/DM-F5M4zAeq/,organicgardener,,,,,,,,
https://www.instagram.com/p/DM8huSgSs3g/,organicgardener,,,,,,,,
https://www.instagram.com/p/DNCscc-JrT9/,organicgardener,,,,,,,,
https://www.instagram.com/p/DI0z8z6Jf_j/,organicgardener,,,,,,,,
https://www.instagram.com/p/DLxk2ZEJ2QS/,organicgardener,,,,,,,,
https://www.instagram.com/p/DOlCVODjEgP/,organicgardener,,,,,,,,
https://www.instagram.com/p/DIiW-ueqVaS/,organicgardener,,,,,,,,
https://www.instagram.com/p/BmlMGKBDMl5/,organicgardener,,,,,,,,
https://www.instagram.com/p/DOL7Dqrjh_l/,organicgardener,,,,,,,,
https://www.instagram.com/p/DLNgGXJOO1B/,organicgardener,,,,,,,,
https://www.instagram.com/p/DN9ehnrDmhI/,organicgardener,,,,,,,,
https://www.instagram.com/p/DIpWYPfOcVp/,organicgardener,,,,,,,,
https://www.instagram.com/p/DNb7-9yMKV-/,organicgardener,,,,,,,,
https://www.instagram.com/p/DNTn06KM0ly/,organicgardener,,,,,,,,
https://www.instagram.com/p/DN7AW5aiSou/,organicgardener,,,,,,,,
https://www.instagram.com/p/DOqguqsDWw_/,organicgardener,,,,,,,,
https://www.instagram.com/p/DNJ9256ty6L/,organicgardener,,,,,,,,
https://www.instagram.com/p/DOLkPXDj7kc/,organicgardener,,,,,,,,
https://www.instagram.com/p/DLXpEGfRyfn/,organicgardener,,,,,,,,
https://www.instagram.com/p/DMKv9dTOcy4/,organicgardener,,,,,,,,
https://www.instagram.com/p/DNxQKvn2DYA/,organicgardener,,,,,,,,
https://www.instagram.com/p/DLI669RTgTc/,organicgardener,,,,,,,,
https://www.instagram.com/p/DMEc03XyJXt/,organicgardener,,,,,,,,
https://www.instagram.com/p/DLKzkdEqDnd/,organicgardener,,,,,,,,
https://www.instagram.com/p/DLc3BhmIZbv/,organicgardener,,,,,,,,
https://www.instagram.com/p/DEtsNZxvIsx/,organicgardener,,,,,,,,
https://www.instagram.com/p/DMKnyhYO0Rh/,organicgardener,,,,,,,,
https://www.instagram.com/p/DOjlmhRgChF/,organicgardener,,,,,,,,
https://www.instagram.com/p/DMfaQNrxzT5/,organicgardener,,,,,,,,
https://www.instagram.com/p/B6O6sNNo56u/,organicgardener,,,,,,,,
https://www.instagram.com/p/DOT1HzzkWNS/,organicgardener,,,,,,,,
https://www.instagram.com/p/DM_cAEsJc2u/,organicgardener,,,,,,,,
https://www.instagram.com/p/DJNS-UUvoSk/,organicgardener,,,,,,,,
https://www.instagram.com/p/DN6swpbEwre/,organicgardener,,,,,,,,
https://www.instagram.com/p/DOPB6moCS18/,organicgardener,,,,,,,,
https://www.instagram.com/p/DCjoUE9SUlY/,organicgardener,,,,,,,,
https://www.instagram.com/p/DLgbv97uiFo/,organicgardener,,,,,,,,
https://www.instagram.com/p/DKhAnaitTyh/,organicgardener,,,,,,,,
https://www.instagram.com/p/DJNAmHDMqfl/,organicgardener,,,,,,,,
https://www.instagram.com/p/Bf6yJN2DcRy/,organicgardener,,,,,,,,
https://www.instagram.com/p/DMuSjC-uXFP/,organicgardener,,,,,,,,
https://www.instagram.com/p/DOZu4pJjPQ5/,organicgardener,,,,,,,,
https://www.instagram.com/p/DKckmSJK6PD/,organicgardener,,,,,,,,
https://www.instagram.com/p/DKTyAZSKUq9/,organicgardener,,,,,,,,
https://www.instagram.com/p/DNiUNjUt1aP/,organicgardener,,,,,,,,
https://www.instagram.com/p/DLVY5UlPuuN/,organicgardener,,,,,,,,
https://www.instagram.com/p/DJ0G3xET_KO/,organicgardener,,,,,,,,
https://www.instagram.com/p/DLmCnEtP1IP/,organicgardener,,,,,,,,
https://www.instagram.com/p/DOgDtgfDAIm/,organicgardener,,,,,,,,
https://www.instagram.com/p/DKp7u4nOcEB/,organicgardener,,,,,,,,
https://www.instagram.com/p/DOZPyKAjnQ4/,organicgardener,,,,,,,,
https://www.instagram.com/p/DMK0VQSod_B/,organicgardener,,,,,,,,
https://www.instagram.com/p/DIjyUfYtHMj/,organicgardener,,,,,,,,
https://www.instagram.com/p/DJZKs3ZOrMd/,organicgardener,,,,,,,,
https://www.instagram.com/p/ChJLrUGhevq/,organicgardener,,,,,,,,
https://www.instagram.com/p/DOKOC8LAdIh/,organicgardener,,,,,,,,
https://www.instagram.com/p/DNMU5LfSdXg/,organicgardener,,,,,,,,
https://www.instagram.com/p/DLTYvY-pImD/,organicgardener,,,,,,,,
https://www.instagram.com/p/DOqOar3gbiN/,organicgardener,,,,,,,,
https://www.instagram.com/p/BF6HQHXSyvY/,organicgardener,,,,,,,,
https://www.instagram.com/p/DNqFha-p6m-/,organicgardener,,,,,,,,
https://www.instagram.com/p/DOM40-Ejj1F/,organicgardener,,,,,,,,
https://www.instagram.com/p/Cwd_-wYypMF/,organicgardener,,,,,,,,
https://www.instagram.com/p/CC2r2b0gHpN/,organicgardener,,,,,,,,
https://www.instagram.com/p/DOC8bHzkgdD/,organicgardener,,,,,,,,
https://www.instagram.com/p/DN-7BNTCteX/,organicgardener,,,,,,,,
https://www.instagram.com/p/DNxQCDR2ECf/,organicgardener,,,,,,,,
https://www.instagram.com/p/DNKma0Nq2xh/,organicgardener,,,,,,,,
https://www.instagram.com/p/DLLOK6tSDZY/,organicgardener,,,,,,,,
https://www.instagram.com/p/DH_DQAjOpnK/,organicgardener,,,,,,,,
https://www.instagram.com/p/DNOpx-VvB-O/,organicgardener,,,,,,,,
https://www.instagram.com/p/Cn6j8N7KAXV/,organicgardener,,,,,,,,
https://www.instagram.com/p/CwSDjcjqhzM/,organicgardener,,,,,,,,
https://www.instagram.com/p/BWTFh3UgNen/,organicgardener,,,,,,,,
https://www.instagram.com/p/DMqUKt2SfYp/,organicgardener,,,,,,,,
https://www.instagram.com/p/DIVpa2uqPcp/,organicgardener,,,,,,,,
https://www.instagram.com/p/DMdxQfGTnua/,organicgardener,,,,,,,,
https://www.instagram.com/p/B923a8VBQXz/,organicgardener,,,,,,,,
https://www.instagram.com/p/DNGM5pguhMm/,organicgardener,,,,,,,,
https://www.instagram.com/p/DNa12SOxIux/,organicgardener,,,,,,,,
https://www.instagram.com/p/DMMC_uVuU6V/,organicgardener,,,,,,,,
https://www.instagram.com/p/DOd_6VagjV3/,organicgardener,,,,,,,,
https://www.instagram.com/p/DMN03ItM1wh/,organicgardener,,,,,,,,
https://www.instagram.com/p/DObva96DU8E/,organicgardener,,,,,,,,
https://www.instagram.com/p/DIMGVKju3jl/,organicgardener,,,,,,,,
https://www.instagram.com/p/DNHRzmgBZ3L/,organicgardener,,,,,,,,
https://www.instagram.com/p/DNI_G28xpxW/,organicgardener,,,,,,,,
https://www.instagram.com/p/DGNtbD7N0d7/,organicgardener,,,,,,,,
https://www.instagram.com/p/DNtMp8B2hLB/,organicgardener,,,,,,,,
https://www.instagram.com/p/DOG-AHfDYIV/,organicgardener,,,,,,,,
https://www.instagram.com/p/DL4K9G4vgED/,organicgardener,,,,,,,,
https://www.instagram.com/p/DHHW3kXO-Lz/,organicgardener,,,,,,,,
https://www.instagram.com/p/CEKuOkXnvD3/,organicgardener,,,,,,,,
https://www.instagram.com/p/DNt-eaP3mjV/,organicgardener,,,,,,,,
https://www.instagram.com/p/DM2VcF4tyun/,organicgardener,,,,,,,,
https://www.instagram.com/p/DNzGplo3riP/,organicgardener,,,,,,,,
https://www.instagram.com/p/C53UMb_Mt8v/,organicgardener,,,,,,,,
https://www.instagram.com/p/DNzeWwjXATY/,organicgardener,,,,,,,,
https://www.instagram.com/p/DM6H4Diu7pB/,organicgardener,,,,,,,,
https://www.instagram.com/p/BY0K8dfDTuM/,organicgardener,,,,,,,,
https://www.instagram.com/p/DME5SaaqBc_/,organicgardener,,,,,,,,
https://www.instagram.com/p/DKg9XDiPIRH/,organicgardener,,,,,,,,
https://www.instagram.com/p/CRqPWXiDqTk/,organicgardener,,,,,,,,
https://www.instagram.com/p/DIzql1MtGQI/,organicgardener,,,,,,,,
https://www.instagram.com/p/DMG93g0OfuU/,organicgardener,,,,,,,,
https://www.instagram.com/p/DJJ_vdTJVw4/,organicgardener,,,,,,,,
https://www.instagram.com/p/DM5URENMFOO/,organicgardener,,,,,,,,
https://www.instagram.com/p/B8zEPLfF3lf/,organicgardener,,,,,,,,
https://www.instagram.com/p/DNIVzdvI3_m/,organicgardener,,,,,,,,
https://www.instagram.com/p/DFfkiNmpmYD/,organicgardener,,,,,,,,
https://www.instagram.com/p/DN_IRgHiS10/,organicgardener,,,,,,,,
https://www.instagram.com/p/DJyvpoSTZbb/,organicgardener,,,,,,,,
https://www.instagram.com/p/DIXDJbnqvHi/,organicgardener,,,,,,,,
https://www.instagram.com/p/DMUirjTK3fK/,organicgardener,,,,,,,,
https://www.instagram.com/p/DLvEoX1K1Gd/,organicgardener,,,,,,,,
https://www.instagram.com/p/DOU94RRERM1/,organicgardener,,,,,,,,
https://www.instagram.com/p/DGyP4vZO02G/,organicgardener,,,,,,,,
https://www.instagram.com/p/DOMfFg_DZxb/,organicgardener,,,,,,,,
https://www.instagram.com/p/DCAVcpZTnSt/,organicgardener,,,,,,,,
https://www.instagram.com/p/COF8hFjjt8R/,organicgardener,,,,,,,,
https://www.instagram.com/p/DJHcpLJJX-1/,organicgardener,,,,,,,,
https://www.instagram.com/p/C6iFEcpsM6e/,organicgardener,,,,,,,,
https://www.instagram.com/p/DLY2bpKu2zy/,organicgardener,,,,,,,,
https://www.instagram.com/p/DLA4L7WoNNZ/,organicgardener,,,,,,,,
https://www.instagram.com/p/DGGfqn3I9hE/,organicgardener,,,,,,,,
https://www.instagram.com/p/DOdn332DQZT/,organicgardener,,,,,,,,
https://www.instagram.com/p/DJYcIC4y_hL/,organicgardener,,,,,,,,
https://www.instagram.com/p/DJi-YwZKuOK/,organicgardener,,,,,,,,
https://www.instagram.com/p/DM28YDZMZH3/,organicgardener,,,,,,,,
https://www.instagram.com/p/DN3wY-BZDso/,organicgardener,,,,,,,,
https://www.instagram.com/p/Cz4OtHBB-qj/,organicgardener,,,,,,,,
https://www.instagram.com/p/DKnkD4bzCjO/,organicgardener,,,,,,,,
https://www.instagram.com/p/DL0wjv-sf6U/,organicgardener,,,,,,,,
https://www.instagram.com/p/DNRnyJ7RqU-/,organicgardener,,,,,,,,
https://www.instagram.com/p/DLyihfdRr_V/,organicgardener,,,,,,,,
https://www.instagram.com/p/DLNYkpatCNo/,organicgardener,,,,,,,,
https://www.instagram.com/p/DICOljAKBEj/,organicgardener,,,,,,,,
https://www.instagram.com/p/DMsDSW6PIsz/,organicgardener,,,,,,,,
https://www.instagram.com/p/DJn0jUmBQuI/,organicgardener,,,,,,,,
https://www.instagram.com/p/DOb8Z2cju7t/,organicgardener,,,,,,,,
https://www.instagram.com/p/DN8ivsCjasS/,organicgardener,,,,,,,,
https://www.instagram.com/p/DEoHXCsTL-1/,organicgardener,,,,,,,,
https://www.instagram.com/p/DMGt1GbM_o9/,organicgardener,,,,,,,,
https://www.instagram.com/p/DEpfk3ntA54/,organicgardener,,,,,,,,
https://www.instagram.com/p/DCFCY4qPNj5/,organicgardener,,,,,,,,
https://www.instagram.com/p/DMSZ5qxMrOh/,organicgardener,,,,,,,,
https://www.instagram.com/p/DOlJuopCO6M/,organicgardener,,,,,,,,
https://www.instagram.com/p/DKugU1uoSOP/,organicgardener,,,,,,,,
https://www.instagram.com/p/DMgmxeKO8O6/,organicgardener,,,,,,,,
https://www.instagram.com/p/DNt1akFZDCz/,organicgardener,,,,,,,,
https://www.instagram.com/p/DLwiYkxSz7V/,organicgardener,,,,,,,,
https://www.instagram.com/p/DG_OUMDKjxM/,organicgardener,,,,,,,,
https://www.instagram.com/p/DDp7xe_RxUn/,organicgardener,,,,,,,,
https://www.instagram.com/p/DNdR_wtTydB/,organicgardener,,,,,,,,
https://www.instagram.com/p/CewILy5lWSo/,organicgardener,,,,,,,,
https://www.instagram.com/p/DOGswVKiShW/,organicgardener,,,,,,,,
https://www.instagram.com/p/CKXJ2KGFONq/,organicgardener,,,,,,,,
https://www.instagram.com/p/DMvRFqhBLeV/,organicgardener,,,,,,,,
https://www.instagram.com/p/DMc7A67u405/,organicgardener,,,,,,,,
https://www.instagram.com/p/DCXTRB7xd8U/,organicgardener,,,,,,,,
https://www.instagram.com/p/DGgKh-Eqlnz/,organicgardener,,,,,,,,
https://www.instagram.com/p/DKDIje-K0aK/,organicgardener,,,,,,,,
https://www.instagram.com/p/DN5fQZ-DDi4/,organicgardener,,,,,,,,
https://www.instagram.com/p/DKUQ_jFKDVX/,organicgardener,,,,,,,,
https://www.instagram.com/p/DKNBL1BqThb/,organicgardener,,,,,,,,
https://www.instagram.com/p/DABjWuHPZVT/,organicgardener,,,,,,,,
https://www.instagram.com/p/DFYZMsBTlb1/,organicgardener,,,,,,,,
https://www.instagram.com/p/DGeLdP0Pocm/,organicgardener,,,,,,,,
https://www.instagram.com/p/DNt0oMFXg0A/,organicgardener,,,,,,,,
https://www.instagram.com/p/DNJM5tHPoKe/,organicgardener,,,,,,,,
https://www.instagram.com/p/DH1C-OqI_tP/,organicgardener,,,,,,,,
https://www.instagram.com/p/DCrHiICsAdn/,organicgardener,,,,,,,,
https://www.instagram.com/p/DALYYjKiFFW/,organicgardener,,,,,,,,
https://www.instagram.com/p/DK8ZrrPTYnd/,organicgardener,,,,,,,,
https://www.instagram.com/p/DHL5ZONTjn-/,organicgardener,,,,,,,,
https://www.instagram.com/p/DOpM_mxCKww/,organicgardener,,,,,,,,
https://www.instagram.com/p/DBzMaYINEEF/,organicgardener,,,,,,,,
https://www.instagram.com/p/DLC_-r7sbg6/,organicgardener,,,,,,,,
https://www.instagram.com/p/DJeuPDDuZyZ/,organicgardener,,,,,,,,
https://www.instagram.com/p/DN-39_QD56d/,organicgardener,,,,,,,,
https://www.instagram.com/p/DOjffbGiLMK/,organicgardener,,,,,,,,
https://www.instagram.com/p/DIL9W2QOV-n/,organicgardener,,,,,,,,
https://www.instagram.com/p/CmKoCZhuGWp/,organicgardener,,,,,,,,
https://www.instagram.com/p/DLDg5SrRUUm/,organicgardener,,,,,,,,
https://www.instagram.com/p/DORo5jJjJlz/,organicgardener,,,,,,,,
https://www.instagram.com/p/DJLRl0GT6ai/,organicgardener,,,,,,,,
https://www.instagram.com/p/DBgOlQKvyuW/,organicgardener,,,,,,,,
https://www.instagram.com/p/DMn35sEK4L5/,organicgardener,,,,,,,,
https://www.instagram.com/p/DNYdEYhi-xO/,organicgardener,,,,,,,,
https://www.instagram.com/p/DKFVxTrqoIL/,organicgardener,,,,,,,,
https://www.instagram.com/p/DNvxOcl0gK6/,organicgardener,,,,,,,,
https://www.instagram.com/p/DJ1-07KvW5n/,organicgardener,,,,,,,,
https://www.instagram.com/p/DLxeAitMGP1/,organicgardener,,,,,,,,
https://www.instagram.com/p/CyK4aDwrylf/,organicgardener,,,,,,,,
https://www.instagram.com/p/DJcXah6O9ka/,organicgardener,,,,,,,,
https://www.instagram.com/p/DN1_B8x4qhA/,organicgardener,,,,,,,,
https://www.instagram.com/p/DKFnzwGsDZ_/,organicgardener,,,,,,,,
https://www.instagram.com/p/DLD9sGrv8XS/,organicgardener,,,,,,,,
https://www.instagram.com/p/DOTfLeMkXu_/,organicgardener,,,,,,,,
https://www.instagram.com/p/DOY8DF_jJ6p/,organicgardener,,,,,,,,
https://www.instagram.com/p/CDvbPPJjwQC/,organicgardener,,,,,,,,
https://www.instagram.com/p/DLKKs1BoGG1/,organicgardener,,,,,,,,
https://www.instagram.com/p/DMHLstsMOlG/,organicgardener,,,,,,,,
https://www.instagram.com/p/DGzk8-OuboD/,organicgardener,,,,,,,,
https://www.instagram.com/p/DLLLRCJOGAt/,organicgardener,,,,,,,,
https://www.instagram.com/p/DJrZiTgxz-m/,organicgardener,,,,,,,,
https://www.instagram.com/p/DJDMD_iu5MC/,organicgardener,,,,,,,,
https://www.instagram.com/p/DM9fQRYPp_X/,organicgardener,,,,,,,,
https://www.instagram.com/p/DOJim0Nj0CN/,organicgardener,,,,,,,,
https://www.instagram.com/p/DHv_UJhRRVV/,organicgardener,,,,,,,,
https://www.instagram.com/p/BypqGzRg72W/,organicgardener,,,,,,,,
https://www.instagram.com/p/DM585baqYru/,organicgardener,,,,,,,,
https://www.instagram.com/p/B5Ery5zgmLf/,organicgardener,,,,,,,,
https://www.instagram.com/p/DOdDVPJEzzG/,organicgardener,,,,,,,,
https://www.instagram.com/p/DOamPnEjDD6/,organicgardener,,,,,,,,
https://www.instagram.com/p/DOO1BVUjMjr/,organicgardener,,,,,,,,
https://www.instagram.com/p/CCiIAColYMS/,organicgardener,,,,,,,,
https://www.instagram.com/p/DI8jAvazuSM/,organicgardener,,,,,,,,
https://www.instagram.com/p/DF67UEcP1o4/,organicgardener,,,,,,,,
https://www.instagram.com/p/B9nKj32hMeS/,organicgardener,,,,,,,,
https://www.instagram.com/p/DJE5Uv5KhuQ/,organicgardener,,,,,,,,
https://www.instagram.com/p/C0lyuDwv2PQ/,organicgardener,,,,,,,,
https://www.instagram.com/p/DL6xMl4u2eV/,organicgardener,,,,,,,,
https://www.instagram.com/p/DOOgSZTkRfQ/,organicgardener,,,,,,,,
https://www.instagram.com/p/DOjw8_ejlGY/,organicgardener,,,,,,,,
https://www.instagram.com/p/DIGxNoIOpxo/,organicgardener,,,,,,,,
https://www.instagram.com/p/DKjiHtPsHxU/,organicgardener,,,,,,,,
https://www.instagram.com/p/DH31dAtMI_-/,organicgardener,,,,,,,,
https://www.instagram.com/p/DKsXrG4RtzJ/,organicgardener,,,,,,,,
https://www.instagram.com/p/CdTWKRDtVLE/,organicgardener,,,,,,,,
https://www.instagram.com/p/DFuQTdUzXrk/,organicgardener,,,,,,,,
https://www.instagram.com/p/DLAtNNPqadV/,organicgardener,,,,,,,,
https://www.instagram.com/p/CFMxbSEFQ2k/,organicgardener,,,,,,,,
https://www.instagram.com/p/DHj2oFkTIH9/,organicgardener,,,,,,,,
https://www.instagram.com/p/DNga7y2NAnO/,organicgardener,,,,,,,,
https://www.instagram.com/p/DMqITltpuwG/,organicgardener,,,,,,,,
https://www.instagram.com/p/DBgd5Y_u3Dk/,organicgardener,,,,,,,,
https://www.instagram.com/p/DIttFC3qwhR/,organicgardener,,,,,,,,
https://www.instagram.com/p/DLhSEhWqSxr/,organicgardener,,,,,,,,
https://www.instagram.com/p/DOfK1CCAJgD/,organicgardener,,,,,,,,
https://www.instagram.com/p/DN52MYWitjg/,organicgardener,,,,,,,,
https://www.instagram.com/p/DOWki2tDiEA/,organicgardener,,,,,,,,
https://www.instagram.com/p/DM8qx6GveWL/,organicgardener,,,,,,,,
https://www.instagram.com/p/DOA7SHwiNJH/,organicgardener,,,,,,,,
https://www.instagram.com/p/DLnZSqIoHzz/,organicgardener,,,,,,,,
https://www.instagram.com/p/DNykdDJ5DX9/,organicgardener,,,,,,,,
https://www.instagram.com/p/DK458MbMXWs/,organicgardener,,,,,,,,
https://www.instagram.com/p/DKhl1mBBMn-/,organicgardener,,,,,,,,
https://www.instagram.com/p/DJd0sGiSksS/,organicgardener,,,,,,,,
https://www.instagram.com/p/DOlu0gfkW50/,organicgardener,,,,,,,,
https://www.instagram.com/p/DI-yff0xjKx/,organicgardener,,,,,,,,
https://www.instagram.com/p/DOBdmsjjONV/,organicgardener,,,,,,,,
https://www.instagram.com/p/DOqifX7kksa/,organicgardener,,,,,,,,
https://www.instagram.com/p/DK601ExAAIy/,organicgardener,,,,,,,,
https://www.instagram.com/p/DNzU4q1XGIe/,organicgardener,,,,,,,,
https://www.instagram.com/p/DOEQDPuCNOD/,organicgardener,,,,,,,,
https://www.instagram.com/p/DK_kQzgKU_K/,organicgardener,,,,,,,,
https://www.instagram.com/p/DOJKWMWjNCu/,organicgardener,,,,,,,,
https://www.instagram.com/p/DDK3er5z54G/,organicgardener,,,,,,,,
https://www.instagram.com/p/DJ5XTgxMKLX/,organicgardener,,,,,,,,
https://www.instagram.com/p/DG2Vj1zvuJJ/,organicgardener,,,,,,,,
https://www.instagram.com/p/DDbfrOyS8I2/,organicgardener,,,,,,,,
https://www.instagram.com/p/DMQHafvxvqb/,organicgardener,,,,,,,,
https://www.instagram.com/p/DOEOykHEpK1/,organicgardener,,,,,,,,
https://www.instagram.com/p/DENjgltuBCa/,organicgardener,,,,,,,,
https://www.instagram.com/p/DIDkphkKN0w/,organicgardener,,,,,,,,
https://www.instagram.com/p/DMqA8pQqCSK/,organicgardener,,,,,,,,
https://www.instagram.com/p/DLnJZVoOGmj/,organicgardener,,,,,,,,
https://www.instagram.com/p/DOKX-UnkW36/,organicgardener,,,,,,,,
https://www.instagram.com/p/DNLcyKsudjy/,organicgardener,,,,,,,,
https://www.instagram.com/p/DLL9-Kgu1kC/,organicgardener,,,,,,,,
https://www.instagram.com/p/DMefyJVx-b4/,organicgardener,,,,,,,,
https://www.instagram.com/p/DKqYfG2o66A/,organicgardener,,,,,,,,
https://www.instagram.com/p/DMF3uQDxS7C/,organicgardener,,,,,,,,
https://www.instagram.com/p/DKF1PvATle9/,organicgardener,,,,,,,,
https://www.instagram.com/p/DK_fTVNyu3v/,organicgardener,,,,,,,,
https://www.instagram.com/p/DLRp4fMRlmd/,lawncare,,,,,,,,
https://www.instagram.com/p/DMx3IQhMbWU/,lawncare,,,,,,,,
https://www.instagram.com/p/DJR8kGjofyY/,lawncare,,,,,,,,
https://www.instagram.com/p/DLIaOjluz1O/,lawncare,,,,,,,,
https://www.instagram.com/p/DMwBC4KNbng/,lawncare,,,,,,,,
https://www.instagram.com/p/DLu68uGPNQK/,lawncare,,,,,,,,
https://www.instagram.com/p/DN6rspaET2F/,lawncare,,,,,,,,
https://www.instagram.com/p/DM5kRjRh-Jv/,lawncare,,,,,,,,
https://www.instagram.com/p/DML8LlGu33j/,lawncare,,,,,,,,
https://www.instagram.com/p/DLI9jQQuakW/,lawncare,,,,,,,,
https://www.instagram.com/p/DNx-X7J2ihT/,lawncare,,,,,,,,
https://www.instagram.com/p/DM_GzWsRNfB/,lawncare,,,,,,,,
https://www.instagram.com/p/DMf8TP-I_Xn/,lawncare,,,,,,,,
https://www.instagram.com/p/DJDCV-XK5SE/,lawncare,,,,,,,,
https://www.instagram.com/p/DLWy0Q1JN6C/,lawncare,,,,,,,,
https://www.instagram.com/p/DN3acsN2DTh/,lawncare,,,,,,,,
https://www.instagram.com/p/DKwJYfCh4bG/,lawncare,,,,,,,,
https://www.instagram.com/p/DMdhIlmPZjz/,lawncare,,,,,,,,
https://www.instagram.com/p/DKLIaeVukoy/,lawncare,,,,,,,,
https://www.instagram.com/p/DMgdbgJgpjY/,lawncare,,,,,,,,
https://www.instagram.com/p/DMQCZWcOTLL/,lawncare,,,,,,,,
https://www.instagram.com/p/DM7xqKEOgfk/,lawncare,,,,,,,,
https://www.instagram.com/p/DJ7YdW-zk3D/,lawncare,,,,,,,,
https://www.instagram.com/p/DMAr84fMwe5/,lawncare,,,,,,,,
https://www.instagram.com/p/DOtKqtgjP6m/,lawncare,,,,,,,,
https://www.instagram.com/p/DG4OEsvs2xy/,lawncare,,,,,,,,
https://www.instagram.com/p/DLPoNvosuZF/,lawncare,,,,,,,,
https://www.instagram.com/p/DOJ3dUGEk1K/,lawncare,,,,,,,,
https://www.instagram.com/p/DJSyKo3xgkG/,lawncare,,,,,,,,
https://www.instagram.com/p/DMFsSROsc04/,lawncare,,,,,,,,
https://www.instagram.com/p/DNx5w20wHfj/,lawncare,,,,,,,,
https://www.instagram.com/p/DOLo31Rj5k0/,lawncare,,,,,,,,
https://www.instagram.com/p/DJ4Cue0M240/,lawncare,,,,,,,,
https://www.instagram.com/p/DLpcSlpuMuL/,lawncare,,,,,,,,
https://www.instagram.com/p/DNqqCqhg6od/,lawncare,,,,,,,,
https://www.instagram.com/p/DOvC96oCULA/,lawncare,,,,,,,,
https://www.instagram.com/p/DMZT8j9uF1h/,lawncare,,,,,,,,
https://www.instagram.com/p/DMpOJkStpad/,lawncare,,,,,,,,
https://www.instagram.com/p/DL5JjRxvXwE/,lawncare,,,,,,,,
https://www.instagram.com/p/DNMKTn1SgRC/,lawncare,,,,,,,,
https://www.instagram.com/p/DOtSVU-Eebe/,lawncare,,,,,,,,
https://www.instagram.com/p/DMwuZ8sARXz/,lawncare,,,,,,,,
https://www.instagram.com/p/DKcV8zYu5Xn/,lawncare,,,,,,,,
https://www.instagram.com/p/DMiIwI_qy88/,lawncare,,,,,,,,
https://www.instagram.com/p/DMVJtCVBMaV/,lawncare,,,,,,,,
https://www.instagram.com/p/DOGPN1pDyJX/,lawncare,,,,,,,,
https://www.instagram.com/p/DM3H0UhxyZ7/,lawncare,,,,,,,,
https://www.instagram.com/p/DJmnlIyyF-R/,lawncare,,,,,,,,
https://www.instagram.com/p/DOeKYpaAQbO/,lawncare,,,,,,,,
https://www.instagram.com/p/DKM_ONEMeG1/,lawncare,,,,,,,,
https://www.instagram.com/p/DOtFk05E2Lt/,lawncare,,,,,,,,
https://www.instagram.com/p/DKr90aKRPnE/,lawncare,,,,,,,,
https://www.instagram.com/p/DKxQCPppfDl/,lawncare,,,,,,,,
https://www.instagram.com/p/DNb2yd6NZ68/,lawncare,,,,,,,,
https://www.instagram.com/p/DOI6lIODWfd/,lawncare,,,,,,,,
https://www.instagram.com/p/DJruEdQu4nn/,lawncare,,,,,,,,
https://www.instagram.com/p/DOtcWZ_kymd/,lawncare,,,,,,,,
https://www.instagram.com/p/DJRIn3guwBu/,lawncare,,,,,,,,
https://www.instagram.com/p/DNEAMM5Rety/,lawncare,,,,,,,,
https://www.instagram.com/p/DNTDyixMfdy/,lawncare,,,,,,,,
https://www.instagram.com/p/DOvvkc6Dop4/,lawncare,,,,,,,,
https://www.instagram.com/p/DLaaO9-qqwv/,lawncare,,,,,,,,
https://www.instagram.com/p/DJ6-uXbtSb8/,lawncare,,,,,,,,
https://www.instagram.com/p/DNAfu15PnAk/,lawncare,,,,,,,,
https://www.instagram.com/p/DMdBVmcN4Uj/,lawncare,,,,,,,,
https://www.instagram.com/p/DNgGI6Lzi07/,lawncare,,,,,,,,
https://www.instagram.com/p/DLnKtfOMDej/,lawncare,,,,,,,,
https://www.instagram.com/p/DI_uVuBtUfS/,lawncare,,,,,,,,
https://www.instagram.com/p/DOrfciQiLOb/,lawncare,,,,,,,,
https://www.instagram.com/p/DNYT0XzMs3T/,lawncare,,,,,,,,
https://www.instagram.com/p/DL-jiqpirNa/,lawncare,,,,,,,,
https://www.instagram.com/p/DMXB2DPPLOZ/,lawncare,,,,,,,,
https://www.instagram.com/p/DMKAtgWu9CF/,lawncare,,,,,,,,
https://www.instagram.com/p/DOsiRrLiC7w/,lawncare,,,,,,,,
https://www.instagram.com/p/DM2oIpbsbJ-/,lawncare,,,,,,,,
https://www.instagram.com/p/DH_dvi8MuiK/,lawncare,,,,,,,,
https://www.instagram.com/p/DOvz7rFjWQh/,lawncare,,,,,,,,
https://www.instagram.com/p/DJlvCspOHMN/,lawncare,,,,,,,,
https://www.instagram.com/p/DLB_aHzubpT/,lawncare,,,,,,,,
https://www.instagram.com/p/DOghYNXE5cx/,lawncare,,,,,,,,
https://www.instagram.com/p/DLnPOuro1Xr/,lawncare,,,,,,,,
https://www.instagram.com/p/DIB9Wl4SkGb/,lawncare,,,,,,,,
https://www.instagram.com/p/DOqoqBKkTOF/,lawncare,,,,,,,,
https://www.instagram.com/p/DOO-kihjecQ/,lawncare,,,,,,,,
https://www.instagram.com/p/DNxhxItXm1Y/,lawncare,,,,,,,,
https://www.instagram.com/p/DJPpwxURVML/,lawncare,,,,,,,,
https://www.instagram.com/p/DMaMqckxIxF/,lawncare,,,,,,,,
https://www.instagram.com/p/DJ7FxAitlR5/,lawncare,,,,,,,,
https://www.instagram.com/p/DKLSWzhILM-/,lawncare,,,,,,,,
https://www.instagram.com/p/DNgNkEIyNAa/,lawncare,,,,,,,,
https://www.instagram.com/p/DNYf4wYssO7/,lawncare,,,,,,,,
https://www.instagram.com/p/DJ1VI0kgWtS/,lawncare,,,,,,,,
https://www.instagram.com/p/DKGMuZCvIT-/,lawncare,,,,,,,,
https://www.instagram.com/p/DOoOJRWjrpc/,lawncare,,,,,,,,
https://www.instagram.com/p/DLl3cTWMeF2/,lawncare,,,,,,,,
https://www.instagram.com/p/DH9DKg9RO6F/,lawncare,,,,,,,,
https://www.instagram.com/p/DL40_SrNcEm/,lawncare,,,,,,,,
https://www.instagram.com/p/DOEyQ2KjQA3/,lawncare,,,,,,,,
https://www.instagram.com/p/DKxJcEqzlUv/,lawncare,,,,,,,,
https://www.instagram.com/p/DJCqwUfuVZq/,lawncare,,,,,,,,
https://www.instagram.com/p/DKkYZUTzbrg/,lawncare,,,,,,,,
https://www.instagram.com/p/DOqzx5pE7ge/,lawncare,,,,,,,,
https://www.instagram.com/p/DIg2ynetUpK/,lawncare,,,,,,,,
https://www.instagram.com/p/DK9hsVozINR/,lawncare,,,,,,,,
https://www.instagram.com/p/DIPCUdMpt_X/,lawncare,,,,,,,,
https://www.instagram.com/p/DKMlBe2Mio4/,lawncare,,,,,,,,
https://www.instagram.com/p/DJXyxh2B_zc/,lawncare,,,,,,,,
https://www.instagram.com/p/DLRdAoEtcaL/,lawncare,,,,,,,,
https://www.instagram.com/p/DN74Za6ivNk/,lawncare,,,,,,,,
https://www.instagram.com/p/DJb1mAcxa9K/,lawncare,,,,,,,,
https://www.instagram.com/p/DJZKe7kOvV0/,lawncare,,,,,,,,
https://www.instagram.com/p/DK2nZUyxKSh/,lawncare,,,,,,,,
https://www.instagram.com/p/DOR-DZ6jlp1/,lawncare,,,,,,,,
https://www.instagram.com/p/DNhqb9CxXIK/,lawncare,,,,,,,,
https://www.instagram.com/p/DJsINFluNT3/,lawncare,,,,,,,,
https://www.instagram.com/p/DLAcJ7oM3UO/,lawncare,,,,,,,,
https://www.instagram.com/p/DJWswW0RjXg/,lawncare,,,,,,,,
https://www.instagram.com/p/DMkmemIvYsI/,lawncare,,,,,,,,
https://www.instagram.com/p/DKibBmWPzCA/,lawncare,,,,,,,,
https://www.instagram.com/p/DJR8Ku2Ol3M/,lawncare,,,,,,,,
https://www.instagram.com/p/DOsc5nYiSQ5/,lawncare,,,,,,,,
https://www.instagram.com/p/DMGhOwrzqwJ/,lawncare,,,,,,,,
https://www.instagram.com/p/DM-Y2LdBH7T/,lawncare,,,,,,,,
https://www.instagram.com/p/DHv7sQNSUDZ/,lawncare,,,,,,,,
https://www.instagram.com/p/DKrlIaDtVIX/,lawncare,,,,,,,,
https://www.instagram.com/p/DMp96qxMj1q/,lawncare,,,,,,,,
https://www.instagram.com/p/DKhXB4oTbcO/,lawncare,,,,,,,,
https://www.instagram.com/p/DNQ3PChTLAE/,lawncare,,,,,,,,
https://www.instagram.com/p/DLHT_M2xkx8/,lawncare,,,,,,,,
https://www.instagram.com/p/DMsq8HVtTZs/,lawncare,,,,,,,,
https://www.instagram.com/p/DOq0ft1kSV4/,lawncare,,,,,,,,
https://www.instagram.com/p/DKzaWsNs7eC/,lawncare,,,,,,,,
https://www.instagram.com/p/DJ4MLGAPNUh/,lawncare,,,,,,,,
https://www.instagram.com/p/DKz8s8wIrlp/,lawncare,,,,,,,,
https://www.instagram.com/p/DOnfoJrEyoc/,lawncare,,,,,,,,
https://www.instagram.com/p/DNTMPlHsu_s/,lawncare,,,,,,,,
https://www.instagram.com/p/DJVct24u-qE/,lawncare,,,,,,,,
https://www.instagram.com/p/DLaibGxz2Yn/,lawncare,,,,,,,,
https://www.instagram.com/p/DNp70uGM9I-/,lawncare,,,,,,,,
https://www.instagram.com/p/DM8oqd-M7u3/,lawncare,,,,,,,,
https://www.instagram.com/p/DKzj9TGI0py/,lawncare,,,,,,,,
https://www.instagram.com/p/DLGWO-UBRdr/,lawncare,,,,,,,,
https://www.instagram.com/p/DLX0tDnIl7_/,lawncare,,,,,,,,
https://www.instagram.com/p/DIx6lizPA_q/,lawncare,,,,,,,,
https://www.instagram.com/p/DLPtveSuwVf/,lawncare,,,,,,,,
https://www.instagram.com/p/DKx0orDTvs0/,lawncare,,,,,,,,
https://www.instagram.com/p/DOqfyt1iLpE/,lawncare,,,,,,,,
https://www.instagram.com/p/DOBZ96gDNjz/,lawncare,,,,,,,,
https://www.instagram.com/p/DJmkk-8vXHa/,lawncare,,,,,,,,
https://www.instagram.com/p/DN0fBhRQAyw/,lawncare,,,,,,,,
https://www.instagram.com/p/DLRy1RhRjub/,lawncare,,,,,,,,
https://www.instagram.com/p/DJ6xY1BTlna/,lawncare,,,,,,,,
https://www.instagram.com/p/DIhHT2IS8uV/,lawncare,,,,,,,,
https://www.instagram.com/p/DMITnTOo-oP/,lawncare,,,,,,,,
https://www.instagram.com/p/DJe2x2AMrVb/,lawncare,,,,,,,,
https://www.instagram.com/p/DKc1ieoPnCL/,lawncare,,,,,,,,
https://www.instagram.com/p/DMJWhg0MuEX/,lawncare,,,,,,,,
https://www.instagram.com/p/DK-yEsWzO2R/,lawncare,,,,,,,,
https://www.instagram.com/p/DJ91BwAOkIj/,lawncare,,,,,,,,
https://www.instagram.com/p/DND3H5MO2Aa/,lawncare,,,,,,,,
https://www.instagram.com/p/DLDErX9RBhh/,lawncare,,,,,,,,
https://www.instagram.com/p/DOEaSotCEDu/,lawncare,,,,,,,,
https://www.instagram.com/p/DLJA2I_uTwk/,lawncare,,,,,,,,
https://www.instagram.com/p/DOe6krtko1g/,lawncare,,,,,,,,
https://www.instagram.com/p/DLuUBTsOscf/,lawncare,,,,,,,,
https://www.instagram.com/p/DN8RY67DuC_/,lawncare,,,,,,,,
https://www.instagram.com/p/DIcIFnCtB_N/,lawncare,,,,,,,,
https://www.instagram.com/p/DJpIbJUJlea/,lawncare,,,,,,,,
https://www.instagram.com/p/DJ63608tj9G/,lawncare,,,,,,,,
https://www.instagram.com/p/DOOSBgxgLC4/,lawncare,,,,,,,,
https://www.instagram.com/p/DNf8OIvo7GG/,lawncare,,,,,,,,
https://www.instagram.com/p/DLaCX3etm8D/,lawncare,,,,,,,,
https://www.instagram.com/p/DNX3KnTT6Rw/,lawncare,,,,,,,,
https://www.instagram.com/p/DLnqWjRSThF/,lawncare,,,,,,,,
https://www.instagram.com/p/DJJvBS9t1WI/,lawncare,,,,,,,,
https://www.instagram.com/p/DMdbEpPpQAK/,lawncare,,,,,,,,
https://www.instagram.com/p/DK8v1yuy7RR/,lawncare,,,,,,,,
https://www.instagram.com/p/DIEUdKrRT9k/,lawncare,,,,,,,,
https://www.instagram.com/p/DOtn3GZk8An/,lawncare,,,,,,,,
https://www.instagram.com/p/DLXkaC4Ii3y/,lawncare,,,,,,,,
https://www.instagram.com/p/DLk3zW-NVSV/,lawncare,,,,,,,,
https://www.instagram.com/p/DNOJm-AxC6G/,lawncare,,,,,,,,
https://www.instagram.com/p/DMGc4BtKQ-E/,lawncare,,,,,,,,
https://www.instagram.com/p/DLF35Ecx9L8/,lawncare,,,,,,,,
https://www.instagram.com/p/DKkgD8evldl/,lawncare,,,,,,,,
https://www.instagram.com/p/DH4K5p1SDrg/,lawncare,,,,,,,,
https://www.instagram.com/p/DMtBROZuk6L/,lawncare,,,,,,,,
https://www.instagram.com/p/DLh-pflR5Ke/,lawncare,,,,,,,,
https://www.instagram.com/p/DN1Ffwo5niy/,lawncare,,,,,,,,
https://www.instagram.com/p/DNX1enwN8LZ/,lawncare,,,,,,,,
https://www.instagram.com/p/DLPvKURMVE8/,lawncare,,,,,,,,
https://www.instagram.com/p/DLAnWciI8D5/,lawncare,,,,,,,,
https://www.instagram.com/p/DOrJMy5D75u/,lawncare,,,,,,,,
https://www.instagram.com/p/DHgVoamz5Xz/,lawncare,,,,,,,,
https://www.instagram.com/p/DLASjYLq3LN/,lawncare,,,,,,,,
https://www.instagram.com/p/DMSk8ylojYe/,lawncare,,,,,,,,
https://www.instagram.com/p/DK-G5bytelW/,lawncare,,,,,,,,
https://www.instagram.com/p/DJW7Z7gKR8K/,lawncare,,,,,,,,
https://www.instagram.com/p/DM8ps_bx9hI/,lawncare,,,,,,,,
https://www.instagram.com/p/DLb992Ogs_Q/,lawncare,,,,,,,,
https://www.instagram.com/p/DLK6OiWsoMF/,lawncare,,,,,,,,
https://www.instagram.com/p/DJJ8n2lBVKU/,lawncare,,,,,,,,
https://www.instagram.com/p/DKuDH66tT3G/,lawncare,,,,,,,,
https://www.instagram.com/p/DIEUZS9MPyO/,lawncare,,,,,,,,
https://www.instagram.com/p/DJ4-XcgNHsY/,lawncare,,,,,,,,
https://www.instagram.com/p/DJL4KAKo1Sb/,lawncare,,,,,,,,
https://www.instagram.com/p/DJ8zLcgs9j7/,lawncare,,,,,,,,
https://www.instagram.com/p/DKdbyRdMxDl/,lawncare,,,,,,,,
https://www.instagram.com/p/DKz1e6yyXFS/,lawncare,,,,,,,,
https://www.instagram.com/p/DKc6vtDs326/,lawncare,,,,,,,,
https://www.instagram.com/p/DNA4lJ0MNHJ/,lawncare,,,,,,,,
https://www.instagram.com/p/DKSWbqypNou/,lawncare,,,,,,,,
https://www.instagram.com/p/DJy4IFrNqbd/,lawncare,,,,,,,,
https://www.instagram.com/p/DOvFV9tDRyb/,lawncare,,,,,,,,
https://www.instagram.com/p/DJCjxy7zbES/,lawncare,,,,,,,,
https://www.instagram.com/p/DOtjngOCYoh/,lawncare,,,,,,,,
https://www.instagram.com/p/DI9ErDzyZZZ/,lawncare,,,,,,,,
https://www.instagram.com/p/DL6wjbrBsD_/,lawncare,,,,,,,,
https://www.instagram.com/p/DNncUIWsrQn/,lawncare,,,,,,,,
https://www.instagram.com/p/DMYcCW0TqBh/,lawncare,,,,,,,,
https://www.instagram.com/p/DMfv66eM0ah/,lawncare,,,,,,,,
https://www.instagram.com/p/DNJ1LMkh5FH/,lawncare,,,,,,,,
https://www.instagram.com/p/DLpmLiVPuQD/,lawncare,,,,,,,,
https://www.instagram.com/p/DJKkW-gvDRc/,lawncare,,,,,,,,
https://www.instagram.com/p/DLuhzH-vwgJ/,lawncare,,,,,,,,
https://www.instagram.com/p/DH9MVInRTDR/,lawncare,,,,,,,,
https://www.instagram.com/p/DJ_68kiArei/,lawncare,,,,,,,,
https://www.instagram.com/p/DIjgl4Btjae/,lawncare,,,,,,,,
https://www.instagram.com/p/DKuZzOCiIVg/,lawncare,,,,,,,,
https://www.instagram.com/p/DNV2LtdvVqK/,lawncare,,,,,,,,
https://www.instagram.com/p/DK7Alsqujd4/,lawncare,,,,,,,,
https://www.instagram.com/p/DJD3pU1seBu/,lawncare,,,,,,,,
https://www.instagram.com/p/DLUkPkTMDaK/,lawncare,,,,,,,,
https://www.instagram.com/p/DNLIBlixwxJ/,lawncare,,,,,,,,
https://www.instagram.com/p/DLFg4usRRgT/,lawncare,,,,,,,,
https://www.instagram.com/p/DNZtYXHOGAs/,lawncare,,,,,,,,
https://www.instagram.com/p/DJsQjusuXF3/,lawncare,,,,,,,,
https://www.instagram.com/p/DLA1iSUMq80/,lawncare,,,,,,,,
https://www.instagram.com/p/DI5K2z3yNwN/,lawncare,,,,,,,,
https://www.instagram.com/p/DOgUubBDAgH/,lawncare,,,,,,,,
https://www.instagram.com/p/DOoldsfkow6/,lawncare,,,,,,,,
https://www.instagram.com/p/DNTpZ_wMTRg/,lawncare,,,,,,,,
https://www.instagram.com/p/DJMJaNsRuwz/,lawncare,,,,,,,,
https://www.instagram.com/p/DMGADyctZ-y/,lawncare,,,,,,,,
https://www.instagram.com/p/DOJCgjZEXb3/,lawncare,,,,,,,,
https://www.instagram.com/p/DLzrWgDsjNI/,lawncare,,,,,,,,
https://www.instagram.com/p/DJuNdISRWJi/,lawncare,,,,,,,,
https://www.instagram.com/p/DMdOcIQtTeO/,lawncare,,,,,,,,
https://www.instagram.com/p/DG1OUxjTCXB/,lawncare,,,,,,,,
https://www.instagram.com/p/DLIbIdYtbeB/,lawncare,,,,,,,,
https://www.instagram.com/p/DL-hubzN_V7/,lawncare,,,,,,,,
https://www.instagram.com/p/DHn-90DOqw5/,lawncare,,,,,,,,
https://www.instagram.com/p/DOt0cIDk8Aq/,lawncare,,,,,,,,
https://www.instagram.com/p/DMtpDv_u4aM/,lawncare,,,,,,,,
https://www.instagram.com/p/DLCmvj2APTW/,lawncare,,,,,,,,
https://www.instagram.com/p/DJS13y5uwwI/,lawncare,,,,,,,,
https://www.instagram.com/p/DLatsjYP4SS/,lawncare,,,,,,,,
https://www.instagram.com/p/DIKoZ8oshac/,lawncare,,,,,,,,
https://www.instagram.com/p/DNh_KiPNruo/,lawncare,,,,,,,,
https://www.instagram.com/p/DI1QL8HtDlI/,lawncare,,,,,,,,
https://www.instagram.com/p/DNyLMUM2NnC/,lawncare,,,,,,,,
https://www.instagram.com/p/DIOFoTtOe_t/,lawncare,,,,,,,,
https://www.instagram.com/p/DMNiQ2_PLyT/,lawncare,,,,,,,,
https://www.instagram.com/p/DMfu4j6Tz5C/,lawncare,,,,,,,,
https://www.instagram.com/p/DOM8DidDoKa/,lawncare,,,,,,,,
https://www.instagram.com/p/DKhfrFxtIvn/,lawncare,,,,,,,,
https://www.instagram.com/p/DMFtB_8pXXk/,lawncare,,,,,,,,
https://www.instagram.com/p/DNYKPAzMGhc/,lawncare,,,,,,,,
https://www.instagram.com/p/DH6xv5lzoTO/,lawncare,,,,,,,,
https://www.instagram.com/p/DNjbjWvSxXR/,lawncare,,,,,,,,
https://www.instagram.com/p/DK2LfySSXbc/,lawncare,,,,,,,,
https://www.instagram.com/p/DJrLph4tgjJ/,lawncare,,,,,,,,
https://www.instagram.com/p/DMBT_ClvDVP/,lawncare,,,,,,,,
https://www.instagram.com/p/DJei_xytXhq/,lawncare,,,,,,,,
https://www.instagram.com/p/DNNlcWZuG8O/,lawncare,,,,,,,,
https://www.instagram.com/p/DNBlGHAPYpE/,lawncare,,,,,,,,
https://www.instagram.com/p/DLVFmcEuPdD/,lawncare,,,,,,,,
https://www.instagram.com/p/DL3HY42yjWI/,lawncare,,,,,,,,
https://www.instagram.com/p/DN6Oz3QDv2P/,lawncare,,,,,,,,
https://www.instagram.com/p/DOcmrYNAIeL/,lawncare,,,,,,,,
https://www.instagram.com/p/DOD0bZ0iDG0/,lawncare,,,,,,,,
https://www.instagram.com/p/DKSIu7aovgY/,lawncare,,,,,,,,
https://www.instagram.com/p/DIUPXpTvlpl/,lawncare,,,,,,,,
https://www.instagram.com/p/DKk6C5wP6au/,lawncare,,,,,,,,
https://www.instagram.com/p/DK5HMaiTNiy/,lawncare,,,,,,,,
https://www.instagram.com/p/DKUMJ7kOaNW/,lawncare,,,,,,,,
https://www.instagram.com/p/DOtnMN4gpfk/,lawncare,,,,,,,,
https://www.instagram.com/p/DMc4HuzoU51/,lawncare,,,,,,,,
https://www.instagram.com/p/DJoM8ZSsTd3/,lawncare,,,,,,,,
https://www.instagram.com/p/DIM-ANmu0kp/,lawncare,,,,,,,,
https://www.instagram.com/p/DJADbZpTIO9/,lawncare,,,,,,,,
https://www.instagram.com/p/DIzYILNzavv/,lawncare,,,,,,,,
https://www.instagram.com/p/DJUXO3XPlxt/,lawncare,,,,,,,,
https://www.instagram.com/p/DKM_wkrqsSX/,lawncare,,,,,,,,
https://www.instagram.com/p/DMNlII6Nait/,lawncare,,,,,,,,
https://www.instagram.com/p/DMsQWP9NpVT/,lawncare,,,,,,,,
https://www.instagram.com/p/DHf2g1HASXF/,lawncare,,,,,,,,
https://www.instagram.com/p/DJfMMm7oqg-/,lawncare,,,,,,,,
https://www.instagram.com/p/DLXPyZbtagx/,lawncare,,,,,,,,
https://www.instagram.com/p/DNMnwk8P4L9/,lawncare,,,,,,,,
https://www.instagram.com/p/DNinaWlMBVU/,lawncare,,,,,,,,
https://www.instagram.com/p/DNqqYJMuxYZ/,lawncare,,,,,,,,
https://www.instagram.com/p/DJjYD4nxODs/,lawncare,,,,,,,,
https://www.instagram.com/p/DNsgSNb4qFi/,lawncare,,,,,,,,
https://www.instagram.com/p/DH6jM6JPGh3/,lawncare,,,,,,,,
https://www.instagram.com/p/DJFs4iPuich/,lawncare,,,,,,,,
https://www.instagram.com/p/DOs6UNOjJ0U/,lawncare,,,,,,,,
https://www.instagram.com/p/DIu6LQfTzvG/,lawncare,,,,,,,,
https://www.instagram.com/p/DJPBNEauO4N/,lawncare,,,,,,,,
https://www.instagram.com/p/DKeam1IMgsJ/,lawncare,,,,,,,,
https://www.instagram.com/p/DNzI0kNWM6f/,lawncare,,,,,,,,
https://www.instagram.com/p/DKrQkD-NvqV/,lawncare,,,,,,,,
https://www.instagram.com/p/DNOyTFnN5af/,lawncare,,,,,,,,
https://www.instagram.com/p/DJynX3IgMgU/,lawncare,,,,,,,,
https://www.instagram.com/p/DKZxSLFMHHV/,lawncare,,,,,,,,
https://www.instagram.com/p/DIMQrd4J_yR/,lawncare,,,,,,,,
https://www.instagram.com/p/DLsz6qOspok/,lawncare,,,,,,,,
https://www.instagram.com/p/DOs9z56DYAl/,lawncare,,,,,,,,
https://www.instagram.com/p/DOkAkKtjegP/,lawncare,,,,,,,,
https://www.instagram.com/p/DH-cPs0vVi0/,lawncare,,,,,,,,
https://www.instagram.com/p/DJwY55mJ1yB/,lawncare,,,,,,,,
https://www.instagram.com/p/DLhwWnRME87/,lawncare,,,,,,,,
https://www.instagram.com/p/DHz45oHAh-F/,lawncare,,,,,,,,
https://www.instagram.com/p/DMFtH3UsXWV/,lawncare,,,,,,,,
https://www.instagram.com/p/DNy_u9P2CHu/,lawncare,,,,,,,,
https://www.instagram.com/p/DOWra_hkeVy/,lawncare,,,,,,,,
https://www.instagram.com/p/DKKiSm_IuVf/,lawncare,,,,,,,,
https://www.instagram.com/p/DML-aXfPJwt/,lawncare,,,,,,,,
https://www.instagram.com/p/DLN1wrqteFE/,lawncare,,,,,,,,
https://www.instagram.com/p/DKSmGtTOj5C/,lawncare,,,,,,,,
https://www.instagram.com/p/DLVUp_svWlq/,lawncare,,,,,,,,
https://www.instagram.com/p/DKZleBCOPB4/,lawncare,,,,,,,,
https://www.instagram.com/p/DL2jmhwP5ZM/,lawncare,,,,,,,,
https://www.instagram.com/p/DG1c3UwOdEL/,lawncare,,,,,,,,
https://www.instagram.com/p/DK4QUz5t-5q/,lawncare,,,,,,,,
https://www.instagram.com/p/DHl7WyrTKuf/,lawncare,,,,,,,,
https://www.instagram.com/p/DItfGxtMQlB/,lawncare,,,,,,,,
https://www.instagram.com/p/DOvileQE5dP/,lawncare,,,,,,,,
https://www.instagram.com/p/DNoDYcPSA5n/,lawncare,,,,,,,,
https://www.instagram.com/p/DIgT1oRtJ8W/,lawncare,,,,,,,,
https://www.instagram.com/p/DMtRfZWtvFJ/,lawncare,,,,,,,,
https://www.instagram.com/p/DJWcoBro3oX/,lawncare,,,,,,,,
https://www.instagram.com/p/DNBZ3K4vxYp/,lawncare,,,,,,,,
https://www.instagram.com/p/DIWcvn9NUj0/,lawncare,,,,,,,,
https://www.instagram.com/p/DOtX3E1DzoG/,lawncare,,,,,,,,
https://www.instagram.com/p/DLsBdM8RaFR/,lawncare,,,,,,,,
https://www.instagram.com/p/DI_RUTCoAHF/,lawncare,,,,,,,,
https://www.instagram.com/p/DH8YTkXusHz/,lawncare,,,,,,,,
https://www.instagram.com/p/DJNZu_0sNVR/,lawncare,,,,,,,,
https://www.instagram.com/p/DLnQE09M2tl/,lawncare,,,,,,,,
https://www.instagram.com/p/DIth5C9vmbF/,lawncare,,,,,,,,
https://www.instagram.com/p/DNPBorZNPGk/,lawncare,,,,,,,,
https://www.instagram.com/p/DHGwGZZqML1/,lawncare,,,,,,,,
https://www.instagram.com/p/DObmC-FiaP1/,lawncare,,,,,,,,
https://www.instagram.com/p/DJseRb5OP2a/,lawncare,,,,,,,,
https://www.instagram.com/p/DN38yx2Epsh/,lawncare,,,,,,,,
https://www.instagram.com/p/DHHznoBOkkB/,lawncare,,,,,,,,
https://www.instagram.com/p/DOoafAdktBO/,lawncare,,,,,,,,
https://www.instagram.com/p/DIT-1YKMTGn/,lawncare,,,,,,,,
https://www.instagram.com/p/DIfP6UVtH6i/,lawncare,,,,,,,,
https://www.instagram.com/p/DMz8ZFQxAQ-/,lawncare,,,,,,,,
https://www.instagram.com/p/DMnWk2FPXVg/,lawncare,,,,,,,,
https://www.instagram.com/p/DMan7SdOjhy/,lawncare,,,,,,,,
https://www.instagram.com/p/DLnVu19BslR/,lawncare,,,,,,,,
https://www.instagram.com/p/DKbl6kRNj-e/,lawncare,,,,,,,,
https://www.instagram.com/p/DNdP9BJMA-I/,lawncare,,,,,,,,
https://www.instagram.com/p/DOtkxrok353/,lawncare,,,,,,,,
https://www.instagram.com/p/DNBiiXbut3W/,lawncare,,,,,,,,
https://www.instagram.com/p/DKfLeLPuZZU/,lawncare,,,,,,,,
https://www.instagram.com/p/DMg2MtMRgB3/,lawncare,,,,,,,,
https://www.instagram.com/p/DOMoDwNkdqJ/,lawncare,,,,,,,,
https://www.instagram.com/p/DLnTEjFpJhc/,lawncare,,,,,,,,
https://www.instagram.com/p/DL41DyMxw0I/,lawncare,,,,,,,,
https://www.instagram.com/p/DL5J20rOgJG/,lawncare,,,,,,,,
https://www.instagram.com/p/DNqL80EO8xu/,lawncare,,,,,,,,
https://www.instagram.com/p/DIaZEW-uXi3/,lawncare,,,,,,,,
https://www.instagram.com/p/DJkhB3ONw9v/,lawncare,,,,,,,,
https://www.instagram.com/p/DJKl7MFMDqu/,lawncare,,,,,,,,
https://www.instagram.com/p/DJmOSLbtKSQ/,lawncare,,,,,,,,
https://www.instagram.com/p/DL8EbX_xl2Y/,lawncare,,,,,,,,
https://www.instagram.com/p/DOLD-kkDiR1/,lawncare,,,,,,,,
https://www.instagram.com/p/DHHn7iTOSWD/,lawncare,,,,,,,,
https://www.instagram.com/p/DLLqP4ZMepW/,lawncare,,,,,,,,
https://www.instagram.com/p/DLSGM7etyCv/,lawncare,,,,,,,,
https://www.instagram.com/p/DLKl6LFPwP1/,lawncare,,,,,,,,
https://www.instagram.com/p/DLKl6JBPRbC/,lawncare,,,,,,,,
https://www.instagram.com/p/DJwrkhNyz4-/,lawncare,,,,,,,,
https://www.instagram.com/p/DOvipBNjrh2/,lawncare,,,,,,,,
https://www.instagram.com/p/DJacvIvxbKw/,lawncare,,,,,,,,
https://www.instagram.com/p/DOmlK85Aft0/,lawncare,,,,,,,,
https://www.instagram.com/p/DJPNPAWy0wt/,lawncare,,,,,,,,
https://www.instagram.com/p/DLKl6xvATCK/,lawncare,,,,,,,,
https://www.instagram.com/p/DJmddAsPHtR/,lawncare,,,,,,,,
https://www.instagram.com/p/DNmBRMSuZFP/,lawncare,,,,,,,,
https://www.instagram.com/p/DIwahd3zXnU/,lawncare,,,,,,,,
https://www.instagram.com/p/DJE3-_ICN1L/,lawncare,,,,,,,,
https://www.instagram.com/p/DOFIR3wgfX5/,lawncare,,,,,,,,
https://www.instagram.com/p/DI45_B5N2BZ/,lawncare,,,,,,,,
https://www.instagram.com/p/DJVPjOIs7v3/,lawncare,,,,,,,,
https://www.instagram.com/p/DKxu2qzu5Vu/,lawncare,,,,,,,,
https://www.instagram.com/p/DLkrNdTg1j_/,lawncare,,,,,,,,
https://www.instagram.com/p/DNO32b1hy3u/,lawncare,,,,,,,,
https://www.instagram.com/p/DIzOx1KB7Rt/,lawncare,,,,,,,,
https://www.instagram.com/p/DJKEKnBSnZz/,lawncare,,,,,,,,
https://www.instagram.com/p/DNV-HdpzqsP/,lawncare,,,,,,,,
https://www.instagram.com/p/DIlammSMIYp/,lawncare,,,,,,,,
https://www.instagram.com/p/DH_1teSo1tx/,lawncare,,,,,,,,
https://www.instagram.com/p/DKw2sI9TsyF/,lawncare,,,,,,,,
https://www.instagram.com/p/DJ9O3VCPB-X/,lawncare,,,,,,,,
https://www.instagram.com/p/DIthFJmsQhU/,lawncare,,,,,,,,
https://www.instagram.com/p/DKQ2UK9Jw9b/,lawncare,,,,,,,,
https://www.instagram.com/p/DKVZG6TuPdR/,lawncare,,,,,,,,
https://www.instagram.com/p/DMsjG7AATQY/,lawncare,,,,,,,,
https://www.instagram.com/p/DIoXeJ_M7Bn/,lawncare,,,,,,,,
https://www.instagram.com/p/DNGvs5jyi4o/,lawncare,,,,,,,,
https://www.instagram.com/p/DK2GjJ3Ogz5/,lawncare,,,,,,,,
https://www.instagram.com/p/DOtzKqEEyCy/,lawncare,,,,,,,,
https://www.instagram.com/p/DKWTi72JLu4/,lawncare,,,,,,,,
https://www.instagram.com/p/DIrT1YcuyBp/,lawncare,,,,,,,,
https://www.instagram.com/p/DOtioWwjOoP/,lawncare,,,,,,,,
https://www.instagram.com/p/DOd4lhFjL7v/,lawncare,,,,,,,,
https://www.instagram.com/p/DH4n0SLuEFq/,lawncare,,,,,,,,
https://www.instagram.com/p/DOVr5eSiOxE/,lawncare,,,,,,,,
https://www.instagram.com/p/DIoR-Y8R_v7/,lawncare,,,,,,,,
https://www.instagram.com/p/DLBQY62J8Gl/,lawncare,,,,,,,,
https://www.instagram.com/p/DKchEvDsuc1/,lawncare,,,,,,,,
https://www.instagram.com/p/DJUWrP5stjO/,lawncare,,,,,,,,
https://www.instagram.com/p/DIs-lvDte_d/,lawncare,,,,,,,,
https://www.instagram.com/p/DHi83HdPbO4/,lawncare,,,,,,,,
https://www.instagram.com/p/DHlT44zPLXI/,lawncare,,,,,,,,
https://www.instagram.com/p/DHTQ3LgMdsE/,lawncare,,,,,,,,
https://www.instagram.com/p/DNh3NTjOaL8/,lawncare,,,,,,,,
https://www.instagram.com/p/DMaMb7uBPqI/,lawncare,,,,,,,,
https://www.instagram.com/p/DK-hCHTuEMO/,lawncare,,,,,,,,
https://www.instagram.com/p/DJPGVv9TNQv/,lawncare,,,,,,,,
https://www.instagram.com/p/DIB2e33xe6d/,lawncare,,,,,,,,
https://www.instagram.com/p/DIWdvV-s_vg/,lawncare,,,,,,,,
https://www.instagram.com/p/DH0L9_uMDKq/,lawncare,,,,,,,,
https://www.instagram.com/p/DHZXJCpuvUB/,lawncare,,,,,,,,
https://www.instagram.com/p/DKrZUSstgP7/,lawncare,,,,,,,,
https://www.instagram.com/p/DH1R6qAxBeb/,lawncare,,,,,,,,
https://www.instagram.com/p/DI6nYJbxlK2/,lawncare,,,,,,,,
https://www.instagram.com/p/DOjS1A6kp35/,lawncare,,,,,,,,
https://www.instagram.com/p/DIZTT0FuqBO/,lawncare,,,,,,,,
https://www.instagram.com/p/DMDWrefxCBe/,lawncare,,,,,,,,
https://www.instagram.com/p/DJCetFBSOi7/,lawncare,,,,,,,,
https://www.instagram.com/p/DIjJmIbhnjL/,lawncare,,,,,,,,
https://www.instagram.com/p/DNOKmSHN48Z/,lawncare,,,,,,,,
https://www.instagram.com/p/DKpA34YNzVY/,lawncare,,,,,,,,
https://www.instagram.com/p/DI48NywMrPt/,lawncare,,,,,,,,
https://www.instagram.com/p/DOtICQTCK0K/,lawncare,,,,,,,,
https://www.instagram.com/p/DG-QiC3Jcpp/,lawncare,,,,,,,,
https://www.instagram.com/p/DNjhfDytwvI/,lawncare,,,,,,,,
https://www.instagram.com/p/DODIDVSjplh/,lawncare,,,,,,,,
https://www.instagram.com/p/DLsa-8MJoeo/,lawncare,,,,,,,,
https://www.instagram.com/p/DITeVZMvI-y/,lawncare,,,,,,,,
https://www.instagram.com/p/DLFpogfvBPl/,lawncare,,,,,,,,
https://www.instagram.com/p/DNlGqOVuw6e/,lawncare,,,,,,,,
https://www.instagram.com/p/DMIK3EPt79J/,lawncare,,,,,,,,
https://www.instagram.com/p/DNB_38Khga0/,lawncare,,,,,,,,
https://www.instagram.com/p/DKSJ0hURq-E/,lawncare,,,,,,,,
https://www.instagram.com/p/DKP0jccv1iv/,lawncare,,,,,,,,
https://www.instagram.com/p/DMETpFgsQJE/,lawncare,,,,,,,,
https://www.instagram.com/p/DLKscBDNsoi/,lawncare,,,,,,,,
https://www.instagram.com/p/DLdPwEMMMqZ/,lawncare,,,,,,,,
https://www.instagram.com/p/DMF4vM4Owxt/,lawncare,,,,,,,,
https://www.instagram.com/p/DJm6b6SJWRN/,lawncare,,,,,,,,
https://www.instagram.com/p/DM_VLY6ttj7/,lawncare,,,,,,,,
https://www.instagram.com/p/DI3tVUYvsCt/,lawncare,,,,,,,,
https://www.instagram.com/p/DLTKLOSSedV/,lawncare,,,,,,,,
https://www.instagram.com/p/DMYh-Hyxjl8/,lawncare,,,,,,,,
https://www.instagram.com/p/DL_XCBtu5J_/,lawncare,,,,,,,,
https://www.instagram.com/p/DJnJ2LDttoi/,lawncare,,,,,,,,
https://www.instagram.com/p/DG02h71zEs3/,lawncare,,,,,,,,
https://www.instagram.com/p/DHlty8Gp0fT/,lawncare,,,,,,,,
https://www.instagram.com/p/DMS9PwvzpOz/,lawncare,,,,,,,,
https://www.instagram.com/p/DMqZWRgv9qL/,lawncare,,,,,,,,
https://www.instagram.com/p/DH4K82IzG2H/,lawncare,,,,,,,,
https://www.instagram.com/p/DIMXbF3PbK2/,lawncare,,,,,,,,
https://www.instagram.com/p/DKxDUZOJL_M/,lawncare,,,,,,,,
https://www.instagram.com/p/DKJQGBxuhs2/,lawncare,,,,,,,,
https://www.instagram.com/p/DIEUckBxArf/,lawncare,,,,,,,,
https://www.instagram.com/p/DJuSgvCPH9y/,lawncare,,,,,,,,
https://www.instagram.com/p/DIOuao8MIvF/,lawncare,,,,,,,,
https://www.instagram.com/p/DJevVIDugEx/,lawncare,,,,,,,,
https://www.instagram.com/p/DMu6Tg2PnaC/,lawncare,,,,,,,,
https://www.instagram.com/p/DJpXQdLy2K3/,lawncare,,,,,,,,
https://www.instagram.com/p/DMc_F8LoZR2/,lawncare,,,,,,,,
https://www.instagram.com/p/DNka7bJKFAJ/,lawncare,,,,,,,,
https://www.instagram.com/p/DNgt0LMTgZJ/,lawncare,,,,,,,,
https://www.instagram.com/p/DL7f-O4OR79/,lawncare,,,,,,,,
https://www.instagram.com/p/DJxXq5PSpSY/,lawncare,,,,,,,,
https://www.instagram.com/p/DNGV28EO1Fh/,lawncare,,,,,,,,
https://www.instagram.com/p/DItfsMvNq03/,lawncare,,,,,,,,
https://www.instagram.com/p/DJaJiT4Pu3k/,lawncare,,,,,,,,
https://www.instagram.com/p/DL-nvHZoh-s/,lawncare,,,,,,,,
https://www.instagram.com/p/DKNP_dAJ1oM/,lawncare,,,,,,,,
https://www.instagram.com/p/DHglyDqTF0Q/,lawncare,,,,,,,,
https://www.instagram.com/p/DLisHcwtlLW/,lawncare,,,,,,,,
https://www.instagram.com/p/DM0N49RMgN4/,lawncare,,,,,,,,
https://www.instagram.com/p/DLIUQ8Hq2kJ/,lawncare,,,,,,,,
https://www.instagram.com/p/DN55ow3k3R6/,lawncare,,,,,,,,
https://www.instagram.com/p/DICEO1dRv4t/,lawncare,,,,,,,,
https://www.instagram.com/p/DLrGRw2xsxV/,lawncare,,,,,,,,
https://www.instagram.com/p/DKcPTHdP839/,lawncare,,,,,,,,
https://www.instagram.com/p/DKX14-cMjkP/,lawncare,,,,,,,,
https://www.instagram.com/p/DJKKYnwyO0C/,lawncare,,,,,,,,
https://www.instagram.com/p/DL2RX6osP7z/,lawncare,,,,,,,,
https://www.instagram.com/p/DODr2eZgAiz/,lawncare,,,,,,,,
https://www.instagram.com/p/DIOue15u6jA/,lawncare,,,,,,,,