postUrl,keyword,profileUrl,username,caption,hashtags,likes,views,postDate,timeAgo
https://www.instagram.com/p/CCVQzZBlGOH/,parentalhack,https://www.instagram.com/parenting/,parenting,"Dada, Dadi , Papa and Mummy we all were tired running behind this little monkey just to feed her and I was tired of cleaning up the mess 😅 after every meal....

When we introduced Ridhanvi to her new LuvLap High Chair, she instantly took affection to it and associates it with meal time now.. All of us can breathe a sigh of relief as we see her gobble up her food.. 

She has started self weaning and enjoys her time playing with food..

Few things I like  most about the LuvLap Royal High Chair @luvlap.in
.

👉 Its removable dining tray which makes it very easy to clean..
.

👉 7 levels of height adjustments to place near dining table or sofa to make feeding easy.
.

👉 Easy and Compact folding - occupies less space
.

LuvLap Royal HighChair is a must have so that your child can develop independent eating habits as he/she develops their taste for different foods.
@luvlap.in

Easy available in @amazon.in
.
.
.
Stay healthy!
Don't Let Go!🧚‍♀️
.

#momswithluvlap #luvlap #baby #toddlerlife  #activitiesforkids #parenthood #newmoms
#toddlers #toddlermealtime #highchair #highchairhack #baby #feedingfood #soild #motherhood #parent #parentalhack #mom #oneyearold #motherhood #momshack","#momswithluvlap,#luvlap,#baby,#toddlerlife,#activitiesforkids,#parenthood,#newmoms,#toddlers,#toddlermealtime,#highchair,#highchairhack,#baby,#feedingfood,#soild,#motherhood,#parent,#parentalhack,#mom,#oneyearold,#motherhood,#momshack",1290,,2020-07-22T17:59:31.000Z,268w
https://www.instagram.com/p/C6voO63oydw/,parentalhack,https://www.instagram.com/knees2chest/,knees2chest,"W macierzyństwie można wszystko, potrzebna jest tylko dobra organizacja. 😎🤘
.
.
#motherhoodquotes #macierzynstwojestpiekne #spelnionamama #parentalhack #mazurycudnatury #mtblovers #bicyclelife","#motherhoodquotes,#macierzynstwojestpiekne,#spelnionamama,#parentalhack,#mazurycudnatury,#mtblovers,#bicyclelife",36,,2024-05-09T10:22:14.000Z,70w
https://www.instagram.com/p/CDeG3m6pk-m/,parentalhack,https://www.instagram.com/kelsface55/,kelsface55,"Parental hack: empower children to have their own tools. Worthy sees mom with oils and has had much success with them helping to calm her tummy, her emotions etc.  I have taken a nearly empty lavender bottle, added Gentle baby, frankincense and coconut oil to it and then placed a roller top on. Waaaala, she now has her own roller to glide on herself when she would like. Reuse those bottles and give yourself some tools for a beautiful moment with oils. You deserve it. Your people deserve it.#empowerment #empoweredpeopleempowerpeople #reuseable #emptybottles #oilbottle #rollertops #essentialoils101 #calmingkids #toolbox #hack #parentalhack #coconutoil #frankincenseessentialoil #gentlebabyessentialoil #safeforkids #aromatherapy #smarternotharder #momlife #youdeserveit","#empowerment,#empoweredpeopleempowerpeople,#reuseable,#emptybottles,#oilbottle,#rollertops,#essentialoils101,#calmingkids,#toolbox,#hack,#parentalhack,#coconutoil,#frankincenseessentialoil,#gentlebabyessentialoil,#safeforkids,#aromatherapy,#smarternotharder,#momlife,#youdeserveit",,,2020-08-04T14:25:30.000Z,267w
https://www.instagram.com/p/CiZQHe3PdyN/,parentalhack,https://www.instagram.com/mr_initiatives_/,mr_initiatives_,"Developmental stages of human featus 😘🥰😍
. 

. 

.. 

. #pregnancy #parentslove #motherlove #maa #father #fatherdaughter #fitnessmotivation #featus #parentalhack #trending #trendingreels #treasure #nasa #narendramodi #nasdaily #isromissions #isro #islam","#pregnancy,#parentslove,#motherlove,#maa,#father,#fatherdaughter,#fitnessmotivation,#featus,#parentalhack,#trending,#trendingreels,#treasure,#nasa,#narendramodi,#nasdaily,#isromissions,#isro,#islam",9,,2022-09-12T05:14:44.000Z,157w
https://www.instagram.com/p/DNoBH-ZMPFe/,parentalhack,https://www.instagram.com/b_arnhemx/,b_arnhemx,#Parentalhack #skills #dadofthedayawardgoestome,"#Parentalhack,#skills,#dadofthedayawardgoestome",51,,2025-08-21T17:22:17.000Z,3w
https://www.instagram.com/p/C7Hpjbqxg0g/,parentalhack,https://www.instagram.com/mariam.m.magdi/,mariam.m.magdi,"أطفالنا محتاجين يقضوا وقت معانا منغير طلبات و زحمة اليوم، عشان كدة أنسب وقت بيكون قبل النوم عشان نساعد الأطفال تهدا و يعبروا عن مشاعرهم و يحكولنا عن يومهم و أي حاجة قلقاهم

لو حاسين إن أطفالكم مش بيعبروا عن مشاعرهم و مش بيحكوا أي حاجة قلقاهم تقدروا تحجزوا استشارتكم من خلال @seedsclinic و أنا أساعدكم تساعدوا أطفالكم يعبروا عن مشاعرهم بشكل صحي :)
#parentingbymariam #parentalhack #familyqualitytime #happyparenthappychild #kidssleeptime","#parentingbymariam,#parentalhack,#familyqualitytime,#happyparenthappychild,#kidssleeptime",,,2024-05-18T18:15:35.000Z,69w
https://www.instagram.com/p/Cy5WMrTqoe2/,parentalhack,https://www.instagram.com/diepi_diep/,diepi_diep,"Im Vordergrund links ein Baby vor einer Landschaft mit Tannen im Winter.

#seeingAI #KI #photographer #studies #nature #naturephotograpy #notamused #motherhood #parentalhack #parentalhumor #alwayfilter #sure 
#wandern #parenting #holliday #vacation #kids #photograph","#seeingAI,#KI,#photographer,#studies,#nature,#naturephotograpy,#notamused,#motherhood,#parentalhack,#parentalhumor,#alwayfilter,#sure,#wandern,#parenting,#holliday,#vacation,#kids,#photograph",,,2023-10-27T08:45:53.000Z,98w
https://www.instagram.com/p/DMxWYncp9fY/,parentalhack,https://www.instagram.com/toyflix.in/,toyflix.in,"Why spend big on toys that only get used for a few weeks ⁉️

With Toyflix, you get -

✅ No pre-deposits
✅ No damages
✅ Free shipping

🚚 Fresh toys delivered to your door steps — every month, hassle-free!

More fun, less mess, zero commitment.

#Toyflix #RentPlayRepeat #SmartParenting #FreeShipping #NoDeposit #PlayMoreStressLess #ToyRentalDoneRight #BigToysSmallCost #bangaloremoms #bangaloreparents #bangaloreparentbloggers #bangalore #bangalorekids #rentaltoys #parentalhack #minimalistparenting #savemoney #zeroboredom #smartparenting #india","#Toyflix,#RentPlayRepeat,#SmartParenting,#FreeShipping,#NoDeposit,#PlayMoreStressLess,#ToyRentalDoneRight,#BigToysSmallCost,#bangaloremoms,#bangaloreparents,#bangaloreparentbloggers,#bangalore,#bangalorekids,#rentaltoys,#parentalhack,#minimalistparenting,#savemoney,#zeroboredom,#smartparenting,#india",6,,2025-07-31T12:50:04.000Z,6w
https://www.instagram.com/p/ChctzierB5v/,parentalhack,https://www.instagram.com/limitlauncher/,limitlauncher,"Although we live in a world where phones are ubiquitous, it is not possible to keep them on all the time. With the Automatic response pre-set, parents will no longer have to worry about missing requests that could cause tension between them and their children!

Visit us at https://limitlauncher.com/ for more information!

#limitlauncher #appfeatures #parentalcontrol #parentalcontrolapp #app #parentinghack #parentalhelp #parenting101 #parentalhack","#limitlauncher,#appfeatures,#parentalcontrol,#parentalcontrolapp,#app,#parentinghack,#parentalhelp,#parenting101,#parentalhack",,,2022-08-19T17:00:29.000Z,160w
https://www.instagram.com/p/DAS-fuxI8f2/,parentalhack,https://www.instagram.com/portal_ciazowy/,portal_ciazowy,"Najlepsze rodzicielskie rady 🩷💙🩷

Znacie jakieś? Bo my jedną - bierz życie z humorem i nie miej oczekiwań, to się nie rozczarujesz ;)

Wpisujcie swoje w komentarzach pod tym postem! 
.
.
.
.
.
.
.
.
#ciazowy #parentalhack #dobrerady #mamaradzi 
#ciazowyradzi #zprzymróżeniemoka #żarciki 
#najlepszerodzicielskierady #macierzyństwobezlukru","#ciazowy,#parentalhack,#dobrerady,#mamaradzi,#ciazowyradzi,#zprzymróżeniemoka,#żarciki,#najlepszerodzicielskierady,#macierzyństwobezlukru",4,,2024-09-24T10:27:09.000Z,51w
https://www.instagram.com/p/CMW_Do5nPWk/,parentalhack,https://www.instagram.com/prettygirlcharm/,prettygirlcharm,"You’re welcome 👏🏻👏🏻 
.
.
.
.
.
.
.
.
.
.
.
#prettygirlcharm #parentalhack #momlife #timechange #springforward #toddlermom #momoftwo #girlmom #help #adulting #miamijewelry","#prettygirlcharm,#parentalhack,#momlife,#timechange,#springforward,#toddlermom,#momoftwo,#girlmom,#help,#adulting,#miamijewelry",55,,2021-03-13T12:36:30.000Z,235w
https://www.instagram.com/p/CJULqbDJRxx/,parentalhack,https://www.instagram.com/nicole_engelmann_fox/,nicole_engelmann_fox,"We wanted to go to play outside at a park that also serves wine, so of course we came to our favorite winery! @belvoirwinery 
.
Parental Announcement! Seriously the best place to spend a lazy day with the fam. #judgenot! Belvior has tons of indoor and outdoor space to play, lots of family friendly games and all the snacks. 😉",#judgenot,25,,2020-12-27T20:54:45.000Z,246w
https://www.instagram.com/p/B8R-f-Fg1KI/,parentalhack,https://www.instagram.com/baby.back.shop/,baby.back.shop,"BabyBack presenta: #parentalhack .
.
Innovar es repensar la forma de usar lo que ya tenemos de manera distinta para que sea más funcional, práctico y conveniente para nosotros como padres! .
Siempre se puede ahorrar $, tiempo y energía con pequeños atajos que se convierten en enormes soluciones en la diaria! .
Como esta mamá que se le ocurrió darle un nuevo uso al gimnasio sólo con una sábana bajera (la que tiene elástico) y la convirtió en un fuerte para jugar, leer cuentos y todo lo que lleve la imaginación de nuestros 👧🏻👶🏼. .
Sencillo, rápido y casero 😎♻️✨!
.
Gracias por seguir compartiendo sus Parental Hacks con la comunidad. 
Tenés otro bajo la manga? Escribinos por privado así lo gritamos a viva voz!! 😜🙆🏽‍♀️🙅🏼‍♀️.
.
.
#parentalk #parenthacks #parentinghacks #parentalhack #hack #lifehacks #modasustentable #conscienciaambiental #reuse #reusereducerecycle","#parentalhack,#parentalk,#parenthacks,#parentinghacks,#parentalhack,#hack,#lifehacks,#modasustentable,#conscienciaambiental,#reuse,#reusereducerecycle",36,,2020-02-07T21:34:06.000Z,292w
https://www.instagram.com/p/B-Z2nfOgd1r/,parentalhack,https://www.instagram.com/rubensbarn/,rubensbarn,"Share with us! We could all use some encouragement. 💕⁠
⁠
#weareinthistogether",#weareinthistogether,192,,2020-03-31T16:01:33.000Z,285w
https://www.instagram.com/p/Bp_oHNAn6xz/,parentalhack,https://www.instagram.com/sweetfacesweetpea/,sweetfacesweetpea,My Little Nuggy ✨💜 #parentalhack #hacked #gotcha #dachshund #dachshundsofinstagram #mybeebs #ily #iloveyou #wienerdog #sweetpea #blackandtan,"#parentalhack,#hacked,#gotcha,#dachshund,#dachshundsofinstagram,#mybeebs,#ily,#iloveyou,#wienerdog,#sweetpea,#blackandtan",22,,2018-11-10T09:06:04.000Z,357w
https://www.instagram.com/p/CoZ3Purp90Y/,parentalhack,https://www.instagram.com/wokaland_/,wokaland_,"#ParentingWithWOKA is here to bring you some insightful and handy tips to imbibe and practice daily!
For more parental hacks, follow WOKA.

#WOKA #WOKALand #ParentalHack #WOKA #WOKALand #WorldKiranAgarwal
#LearnWithWOKA #WOKA #children #stories #bedtimestories #childrenbook #Parenting #Kids #Fun #Masti #Cartoons #learningthroughplay #learningeveryday","#ParentingWithWOKA,#WOKA,#WOKALand,#ParentalHack,#WOKA,#WOKALand,#WorldKiranAgarwal,#LearnWithWOKA,#WOKA,#children,#stories,#bedtimestories,#childrenbook,#Parenting,#Kids,#Fun,#Masti,#Cartoons,#learningthroughplay,#learningeveryday",30,,2023-02-08T14:05:00.000Z,135w
https://www.instagram.com/p/CPiNbZ2IQAV/,parentalhack,https://www.instagram.com/mammeit/,mammeit,"In certe situazioni un genitore non sa proprio più cosa inventarsi pur di calmare o distrarre il proprio figlio: vero e proprio terremotino nella vita di mamma o papà, certe volte un bambino può essere difficile da gestire, a casa o anche quando siamo fuori

Per fortuna la necessità (ma anche la disperazione!) aguzza l'ingegno e i genitori ne sanno qualcosa, inventandosi trucchetti ingegnosi e creativi per mettere in ordine i giocattoli, prendere le medicine o affrontare tutte le piccole sfide quotidiane. Al link in bio e nelle stories ne abbiamo raccolti 11, ne avete altri da aggiungere?
°
°
°
#esseregenitori #vitadamamma #vitadagenitori #trucchetti #bambini #parentalhack #vitadamamma #paroladimamma #genitoricreativi #genitoriingegnosi #mammeitaliane #mammeduepuntozero #momsofintagram #mammesocial #mammefelici #mamme #mammeit #mamma #parentingtips #tips #trucchettidamamma #trucchettidelmestiere","#esseregenitori,#vitadamamma,#vitadagenitori,#trucchetti,#bambini,#parentalhack,#vitadamamma,#paroladimamma,#genitoricreativi,#genitoriingegnosi,#mammeitaliane,#mammeduepuntozero,#momsofintagram,#mammesocial,#mammefelici,#mamme,#mammeit,#mamma,#parentingtips,#tips,#trucchettidamamma,#trucchettidelmestiere",490,,2021-05-31T11:43:16.000Z,224w
https://www.instagram.com/p/C0jB9qVreVe/,parentalhack,https://www.instagram.com/hardylong8/,hardylong8,"Nice to meet you ！！ Our new colors. 

👏Food Grade #silicone Made: 100 % Food grade silicone material made, BPA FREE, lead Free, phthalate free. Tested & passed under ASTM standard and EN71 

👏Wider Application Scenarios: #Wagon, #stroller, #High Chair, Dinning Table, #Crib. Outdoor picnic, Shopping and dinning. 

👏Upgrade Button & look, Different Length: Upgrade button and Different length are available for any kinds of #milkbottle , #pacifier, #toys, Straw cup, #teethers. etc . Won’t easy to be tear apart by little hands or heavy things. 

 #siliconetableware #siliconepacifierholder #siliconetoystrap #parentalhack #teething #Multifunctional #physicalstore #musthave","#silicone,#Wagon,#stroller,#High,#Crib,#milkbottle,#pacifier,#toys,#teethers,#siliconetableware,#siliconepacifierholder,#siliconetoystrap,#parentalhack,#teething,#Multifunctional,#physicalstore,#musthave",3,,2023-12-07T09:48:33.000Z,92w
https://www.instagram.com/p/CHAqFN8pBDA/,parentalhack,https://www.instagram.com/kelsface55/,kelsface55,"Check out what I am equipped with to have a fun time and feel secure with the tools in my bag. 
#trickortreat 
#essentials
#digize
#tummysupport 
#toomuchcandy
#seedtoseal
#empowerment
#bewell
#frankyoface
#owie
#holistichealth 
#valor
#readyforhalloween 
#notspooky
#thievesessentialoil 
#immunebooster
#germfighter
#tricksforhalloween 
#parentalhack
#dentalfloss
#bacteriainmouth 
#peppermint 
#headtension 
#vitalityoils 
#digestivehealth 
#guthealthmatters 
#empoweredmom 
#empoweringkids","#trickortreat,#essentials,#digize,#tummysupport,#toomuchcandy,#seedtoseal,#empowerment,#bewell,#frankyoface,#owie,#holistichealth,#valor,#readyforhalloween,#notspooky,#thievesessentialoil,#immunebooster,#germfighter,#tricksforhalloween,#parentalhack,#dentalfloss,#bacteriainmouth,#peppermint,#headtension,#vitalityoils,#digestivehealth,#guthealthmatters,#empoweredmom,#empoweringkids",,,2020-10-31T14:01:52.000Z,254w
https://www.instagram.com/p/ChKsTT4PzjM/,parentalhack,https://www.instagram.com/limitlauncher/,limitlauncher,"Laptops are now commonly used in schools to enhance the learning experience. Having said that, how can parents be sure their children are using it to study? With school functions, parents can continue to block gaming, video, and social media content while not restricting children on their screen time usage!

Visit us at https://limitlauncher.com/ for more information!

#limitlauncher #appfeatures #parentalcontrol #parentalcontrolapp #app #parentinghack #parentalhelp #parenting101 #parentalhack","#limitlauncher,#appfeatures,#parentalcontrol,#parentalcontrolapp,#app,#parentinghack,#parentalhelp,#parenting101,#parentalhack",3,,2022-08-12T17:01:01.000Z,161w
https://www.instagram.com/p/C7cP6n1xHbp/,parentalhack,https://www.instagram.com/mariam.m.magdi/,mariam.m.magdi,"I am here to support you through your daily challenges to live a healthy life and better relationships with all your loved ones especially yourself.
#parentingbymariam #parentalhack #familyqualitytime #happyparenthappychild #kidssleeptime #parentingcoach","#parentingbymariam,#parentalhack,#familyqualitytime,#happyparenthappychild,#kidssleeptime,#parentingcoach",,,2024-05-26T18:15:36.000Z,68w
https://www.instagram.com/p/C1rlCtlPBEs/,parentalhack,https://www.instagram.com/wokaland_/,wokaland_,"Teaching your kids about the dangers of interacting with unknown strangers can help them stay safe.

#safetytips #parentalhack #woka #wokaland #worldkiranagarwal #learnwithwoka #woka #children #stories #bedtimestories #childrenbook #parenting #kids #fun #masti #cartoons #strangers #gifts #children","#safetytips,#parentalhack,#woka,#wokaland,#worldkiranagarwal,#learnwithwoka,#woka,#children,#stories,#bedtimestories,#childrenbook,#parenting,#kids,#fun,#masti,#cartoons,#strangers,#gifts,#children",30,,2024-01-04T14:25:27.000Z,88w
https://www.instagram.com/p/CiM5A4YNNcR/,parentalhack,https://www.instagram.com/mammeit/,mammeit,"In certe situazioni un genitore non sa proprio più cosa inventarsi pur di calmare o distrarre il proprio figlio: vero e proprio terremotino nella vita di mamma o papà, certe volte un bambino può essere difficile da gestire, a casa o anche quando siamo fuori

Per fortuna la necessità (ma anche la disperazione!) aguzza l'ingegno e i genitori ne sanno qualcosa, inventandosi trucchetti ingegnosi e creativi per mettere in ordine i giocattoli, prendere le medicine o affrontare tutte le piccole sfide quotidiane. Al link in bio e nelle stories ne abbiamo raccolti 11, ne avete altri da aggiungere?
°
°
°
#esseregenitori #vitadamamma #vitadagenitori #trucchetti #bambini #parentalhack #vitadamamma #paroladimamma #genitoricreativi #genitoriingegnosi #mammeitaliane #mammeduepuntozero #momsofintagram #mammesocial #mammefelici #mamme #mammeit #mamma #parentingtips #tips #trucchettidamamma #trucchettidelmestiere","#esseregenitori,#vitadamamma,#vitadagenitori,#trucchetti,#bambini,#parentalhack,#vitadamamma,#paroladimamma,#genitoricreativi,#genitoriingegnosi,#mammeitaliane,#mammeduepuntozero,#momsofintagram,#mammesocial,#mammefelici,#mamme,#mammeit,#mamma,#parentingtips,#tips,#trucchettidamamma,#trucchettidelmestiere",285,,2022-09-07T10:01:58.000Z,157w
https://www.instagram.com/p/B7bvyVVgdmh/,parentalhack,https://www.instagram.com/baby.back.shop/,baby.back.shop,"BabyBack re-presenta 🥁🥁🥁 (ruidito de redoble de tambores): #ParentalHack.
.
Como siempre lo decimos, innovar es repensar la forma de usar lo que ya tenemos y así #darlelavuelta, volvemos con esta sección! 🤹🏻‍♂️✨.
.
.
Porque lo que muchas veces es un “problemilla” para alguno, puede ser pan comido para otro,  seguimos con este espacio para compartir esos hallazgos prácticos y ocurrentes que hace que todo padre se enorgullezca de sí mismo. 👯‍♂️🕺🏻🙆🏽‍♀️🙆‍♂️.
.
Una mamá nos compartió este ideón que puede ser muy útil para los que se van unos días a la playa 🏖,campo o tienen planificado estar un tiempito al sol ☀️.
.
Porque estamos todo el tiempo pensando la mejor forma de protegerlos, y en esta época del año nos la rebuscamos para cuidarlos de la exposición al sol y el calor, creemos que este hallazgo te va a encantar! 👌🏼✨.
Simple, poner la sábana bajera (la que tiene el elástico) al revés, y bien tirante, apoyarle cosas en las esquinas para que tome altura. Así, tu 👶🏻 va a tener sombra todo el tiempo y encima, va a estar contenido!.
.
.
¿Qué opinas? ¿Se te había ocurrido antes?.
.
.
Si tenés otro ParentalHack, envianos por privado así lo compartimos! 📲💌😉.
.
. 
#parenting #parentalhacks #hacks #parenthacks #innovaciones #verano2020 #verano #babyshower #cuidadoscomobebe #cuidadodelbebe #mama #vidamama #modasustentable #moderesponsable #reusereducerecycle #reutilizar #secondhand #secondhandclothes #ropabebes","#ParentalHack,#darlelavuelta,#parenting,#parentalhacks,#hacks,#parenthacks,#innovaciones,#verano2020,#verano,#babyshower,#cuidadoscomobebe,#cuidadodelbebe,#mama,#vidamama,#modasustentable,#moderesponsable,#reusereducerecycle,#reutilizar,#secondhand,#secondhandclothes,#ropabebes",161,,2020-01-17T20:24:21.000Z,295w
https://www.instagram.com/p/CaYAqjsMPjD/,parentalhack,https://www.instagram.com/rdhcharityshops/,rdhcharityshops,"It’s never too late to “PLAN AHEAD”!!!
World Book Day is next Thursday (3rd March)…. We have plenty of fancy dress items for our younger generation. So take advantage of the “Half Price - Half Term Sale” whilst stock lasts!
#worldbookday #charityshopfinds #doitnow #fancydress #halfterm #mummyshelper #parentalhack #westwardhobeach #barnstaplenorthdevon #thankyou","#worldbookday,#charityshopfinds,#doitnow,#fancydress,#halfterm,#mummyshelper,#parentalhack,#westwardhobeach,#barnstaplenorthdevon,#thankyou",,,2022-02-24T21:35:45.000Z,185w
https://www.instagram.com/p/BKmofCpAxfz/,parentalhack,https://www.instagram.com/ical_djoentak/,ical_djoentak,"Penting buat orangtua.. #ParentalHack 
#PasswordForChildren","#ParentalHack,#PasswordForChildren",2,,2016-09-21T03:55:06.000Z,468w
https://www.instagram.com/p/C1FEDWVM0ge/,parentalhack,https://www.instagram.com/effetautodeveloppement/,effetautodeveloppement,"🔒🧹👾 Quand le wi-fi devient l'outil d'éducation suprême... Maman a cracké le code ultime des tâches ménagères ! 🔐📶 

#ParentalHack #WifiMotivation #TâchesMénagères #NouvelleEreParentale #NegociationDigitale","#ParentalHack,#WifiMotivation,#TâchesMénagères,#NouvelleEreParentale,#NegociationDigitale",37,,2023-12-20T15:00:59.000Z,90w
https://www.instagram.com/p/CRstGgGKrni/,parentalhack,https://www.instagram.com/careforyourchild/,careforyourchild,"There's no such thing as a silly question when it comes to pregnancy and parenting.

Take every opportunity to learn from others' experiences, whether it's your own parents, friends with children, or your doctor. In the end, you will know what’s best for your child.

If you have any questions on your mind, feel free to write to us in the comment section or DM us. In the meantime, check out our website for more details https://careforyourchild.in (link in bio)
.
.
.
.
#careforyourchild #healthychild #drvaidehidande #childspecialist #childlove #childhealth #childgrowth #Pediatricians #Neonatology #pediatricillnesses #newborncare #navimumbai #QuestionTime  #parenting #parents #teenage #child #children #upbringing #childhealth #navimumbaikar #doctorsoninstagram #learnfromeachother #learnfromexperience #parentalhack #momslove #mothersknowbest #seekhelp","#careforyourchild,#healthychild,#drvaidehidande,#childspecialist,#childlove,#childhealth,#childgrowth,#Pediatricians,#Neonatology,#pediatricillnesses,#newborncare,#navimumbai,#QuestionTime,#parenting,#parents,#teenage,#child,#children,#upbringing,#childhealth,#navimumbaikar,#doctorsoninstagram,#learnfromeachother,#learnfromexperience,#parentalhack,#momslove,#mothersknowbest,#seekhelp",3,,2021-07-24T05:39:54.000Z,216w
https://www.instagram.com/p/B8Os373lJ4R/,parentalhack,https://www.instagram.com/ehwils2/,ehwils2,"Seriously! 🤣 Posted @withregram • @lotta_wine_little_parenting Seems logical.
•
•
@lotta_wine_little_parenting •
•
•
•
#lottamom #mom #momlife #mother #motherhood #momlifebelike #motherhoodunplugged #motherhoodintheraw #realparenting #honestparenting #dadlife #dad #kids #kidsaretheworst #motherhoodunfiltered #youtube #youtuber #youtubekids #youtubechannel #parentalhumor #mommemes #momoffour #toddlerlife #teenager #toddler #relatable #parentingtheshitoutoflife #parentalhack #funnymom #parents","#lottamom,#mom,#momlife,#mother,#motherhood,#momlifebelike,#motherhoodunplugged,#motherhoodintheraw,#realparenting,#honestparenting,#dadlife,#dad,#kids,#kidsaretheworst,#motherhoodunfiltered,#youtube,#youtuber,#youtubekids,#youtubechannel,#parentalhumor,#mommemes,#momoffour,#toddlerlife,#teenager,#toddler,#relatable,#parentingtheshitoutoflife,#parentalhack,#funnymom,#parents",8,,2020-02-06T15:01:23.000Z,292w
https://www.instagram.com/p/B8OjkYsFPNI/,parentalhack,https://www.instagram.com/lotta_wine_little_parenting/,lotta_wine_little_parenting,"Seems logical.
•
•
@lotta_wine_little_parenting •
•
•
•
#lottamom #mom #momlife #mother #motherhood #momlifebelike #motherhoodunplugged #motherhoodintheraw #realparenting #honestparenting #dadlife #dad #kids #kidsaretheworst #motherhoodunfiltered #youtube #youtuber #youtubekids #youtubechannel #parentalhumor #mommemes #momoffour #toddlerlife #teenager #toddler #relatable #parentingtheshitoutoflife #parentalhack #funnymom #parents","#lottamom,#mom,#momlife,#mother,#motherhood,#momlifebelike,#motherhoodunplugged,#motherhoodintheraw,#realparenting,#honestparenting,#dadlife,#dad,#kids,#kidsaretheworst,#motherhoodunfiltered,#youtube,#youtuber,#youtubekids,#youtubechannel,#parentalhumor,#mommemes,#momoffour,#toddlerlife,#teenager,#toddler,#relatable,#parentingtheshitoutoflife,#parentalhack,#funnymom,#parents",6,,2020-02-06T13:40:05.000Z,292w
https://www.instagram.com/p/6jV8GkBAJ5/,parentalhack,https://www.instagram.com/techtitan.id/,techtitan.id,Mirip fitur Kaspersky #kaspersky #kasperskyindonesia #instadaily #instalike #infia #password #penculik #parentalhack,"#kaspersky,#kasperskyindonesia,#instadaily,#instalike,#infia,#password,#penculik,#parentalhack",11,,2015-08-19T04:53:01.000Z,525w
https://www.instagram.com/p/BGEie80x-fe/,parentalhack,https://www.instagram.com/zahra_babyshop_kdr/,zahra_babyshop_kdr,"#Repost @sahabatmuslimah with @repostapp
・・・
[Password untuk Penculik]
.
Boleh dicoba nih gan, salah satu tips agar menjaga anak dari kejahatan orang lain, selain doa juga tentunya
.
#parent #parentalhack #parenting #orangtua #anak #penculik #penjahat #kode 
from @indonesiatauhid #sahabatMuslimah

Orang tua wajib dicoba nihh","#Repost,#parent,#parentalhack,#parenting,#orangtua,#anak,#penculik,#penjahat,#kode,#sahabatMuslimah",2,,2016-05-31T12:02:54.000Z,485w
https://www.instagram.com/p/BGDiebUHXxB/,parentalhack,https://www.instagram.com/indonesiabertauhidofficial/,indonesiabertauhidofficial,"[Password untuk Penculik]
.
Boleh dicoba nih gan, salah satu tips agar menjaga anak dari kejahatan orang lain, selain doa juga tentunya
.
#parent #parentalhack #parenting #orangtua #anak #penculik #penjahat #kode #code","#parent,#parentalhack,#parenting,#orangtua,#anak,#penculik,#penjahat,#kode,#code",1169,,2016-05-31T02:43:35.000Z,485w
https://www.instagram.com/p/BGDjCybDcVv/,parentalhack,https://www.instagram.com/ceritapadang/,ceritapadang,"#EzRepost @indonesiatauhid with @ezrepostapp [Password untuk Penculik]
.
Boleh dicoba nih gan, salah satu tips agar menjaga anak dari kejahatan orang lain, selain doa juga tentunya
.
#parent #parentalhack #parenting #orangtua #anak #penculik #penjahat #kode #code #mskbn #padangculiner #padangfoodgram #kulinerpadang

INFO MSKBN (mie sop kampoeng bang nur) :

KAMI BULAN BUASA BUKA DARI PUKUL 3 SORE SAMPAI PUKUL 12 MALEM YAA :)","#EzRepost,#parent,#parentalhack,#parenting,#orangtua,#anak,#penculik,#penjahat,#kode,#code,#mskbn,#padangculiner,#padangfoodgram,#kulinerpadang",25,,2016-05-31T02:48:33.000Z,485w
https://www.instagram.com/p/BGEMJi3tlUO/,parentalhack,https://www.instagram.com/sahabatmuslimah/,sahabatmuslimah,"[Password untuk Penculik]
.
Boleh dicoba nih gan, salah satu tips agar menjaga anak dari kejahatan orang lain, selain doa juga tentunya
.
#parent #parentalhack #parenting #orangtua #anak #penculik #penjahat #kode 
from @indonesiatauhid #sahabatMuslimah","#parent,#parentalhack,#parenting,#orangtua,#anak,#penculik,#penjahat,#kode,#sahabatMuslimah",2885,,2016-05-31T08:47:45.000Z,485w
https://www.instagram.com/p/BcP4bWvh7gd/,parentalhack,https://www.instagram.com/guidedbeginnings/,guidedbeginnings,"Does your child feel left out or find it hard to SOCIALISE?

This guide is for you. 
This 5-step guide covers practical ways to make friends easily through the; ▶ Power of a smile ▶ Power of greeting 
Copy and paste this link to get this free guide 
www.guidedbeginnings.com/makingfriendsebook

Or click the link in bio and click on ""Making Friends Easy Guide""

#ParentsFirst #Parenting #Parenthood #Parentalhack
#PositiveParenting #Moms #Dads #Lagosmoms #LagosDads #Children #Shy #Child Children #Child #WeekendVibes
#areyouamum #areyouaparent #Moms #MomsandDaughters #Motherhood #MomsBlog #momtribe #workingmum #mompreneur #momlove #mumhood #mums #momssupportingmoms","#ParentsFirst,#Parenting,#Parenthood,#Parentalhack,#PositiveParenting,#Moms,#Dads,#Lagosmoms,#LagosDads,#Children,#Shy,#Child,#Child,#WeekendVibes,#areyouamum,#areyouaparent,#Moms,#MomsandDaughters,#Motherhood,#MomsBlog,#momtribe,#workingmum,#mompreneur,#momlove,#mumhood,#mums,#momssupportingmoms",36,,2017-12-03T17:16:58.000Z,406w
https://www.instagram.com/p/CDji2kkpQaE/,parentalhack,https://www.instagram.com/kelsface55/,kelsface55,"Challenge your kids to make up a game. You may be surprised by the creativity they exude. 
•
•
•
•
#kidswhooil
#GameChallenge
#exploration
#empowerkids
#creativethinking
#havefun
#usewhatyouhave
#dollarstore
#dollartree
#proudmama
#essentialoilswork
#youngliving
#stayathome
#stayathomemom
#momlife
#parentalhack 
#enjoytheride","#kidswhooil,#GameChallenge,#exploration,#empowerkids,#creativethinking,#havefun,#usewhatyouhave,#dollarstore,#dollartree,#proudmama,#essentialoilswork,#youngliving,#stayathome,#stayathomemom,#momlife,#parentalhack,#enjoytheride",,,2020-08-06T16:58:23.000Z,266w
https://www.instagram.com/p/DBMfdClOKQZ/,parentalhack,https://www.instagram.com/mariam.m.magdi/,mariam.m.magdi,"لو مش عارفة تخرجي نفسك من دايرة اللوم و بتأنبي نفسك علي كل حاجة بتحصل ليكي، لأولادك أو بيتك و أصحابك. أنا موجودة عشان أساعدك تحبي نفسك اكتر و تبطلي تلومي نفسك علي كل حاجة.
تقدري تحجزي استشارتك من خلال عيادات @seedsclinics أو إبعاتيلاي DM و أنا أساعدك :)

#parentingbymariam #parentalhack #familyqualitytime #happyparenthappychild  #positiveselftalk #selfblaming #whatsappmassege كوتش_تربوي_وأسري#
#كلام_تشجيع #وقت_لرحتك #وقت_لنفسك","#parentingbymariam,#parentalhack,#familyqualitytime,#happyparenthappychild,#positiveselftalk,#selfblaming,#whatsappmassege,#كلام_تشجيع,#وقت_لرحتك,#وقت_لنفسك",,,2024-10-16T18:31:51.000Z,47w
https://www.instagram.com/p/CnWbCqNDPiX/,parentalhack,https://www.instagram.com/wokaland_/,wokaland_,"Dearest Parents, 
Instilling good habits in your children is important from a young age. WOKA brings you some insightful and handy tips to imbibe and practice daily!

For more parental hacks, follow WOKA.

#ParentingWithWOKA #ParentalHack #WOKA #WOKALand #WorldKiranAgarwal 
#LearnWithWOKA #WOKA #children #stories #bedtimestories #childrenbook #Parenting #Kids #Fun #Masti #Cartoons #learningthroughplay #learningeveryday #childrenspuzzle #childrenpuzzle #puzzles","#ParentingWithWOKA,#ParentalHack,#WOKA,#WOKALand,#WorldKiranAgarwal,#LearnWithWOKA,#WOKA,#children,#stories,#bedtimestories,#childrenbook,#Parenting,#Kids,#Fun,#Masti,#Cartoons,#learningthroughplay,#learningeveryday,#childrenspuzzle,#childrenpuzzle,#puzzles",70,,2023-01-24T08:46:46.000Z,138w
https://www.instagram.com/p/B4DsK0wgGze/,parentalhack,https://www.instagram.com/baby.back.shop/,baby.back.shop,"#ParentalHacks.
Hablando de pequeños pero ENORMES descubrimientos, una mamá nos compartió un atajo que a alguno lo va a poner más feliz que este viernes de primavera!😂.
.
.
Vieron que nuestros 👶🏽 tienen al menos un juguete que nos produce amor y odio al mismo tiempo? Por un lado, los mantiene entretenidos horas y fomenta la estimulación, pero a nuestro pesar, tiene un sonido terrorífico que se repite y repite a todo volumen y nos persigue hasta en los sueños? 🤯🔨.
Podes ponerle cinta en el lugar por donde sale el sonido y CHARÁNNNN 🥁🥁🥁, no desaparece, pero baja a un nivel sumamente tolerable!.
.
.
Gracias @carberelejis por este #ParentalHack, gran tip que seguro va a mejorar la diaria de muchos de esta comunidad! 🥰🥰🥰.
.
.
Vos tenes algún #ParentalHack para tirarnos la data? Envianoslo por privado que nosotros nos encargamos del resto! 😎🤟🏻.
.
.
#parentalhacks #parenthacks #lifehacking #parentinghacks #dalelavuelta #modasustentable #modaresponsable #secondhand #recycle #reuse #medioambiente","#ParentalHacks,#ParentalHack,#ParentalHack,#parentalhacks,#parenthacks,#lifehacking,#parentinghacks,#dalelavuelta,#modasustentable,#modaresponsable,#secondhand,#recycle,#reuse,#medioambiente",29,,2019-10-25T22:18:01.000Z,307w
https://www.instagram.com/p/CrfsvblNKsF/,parentalhack,https://www.instagram.com/mammeit/,mammeit,"In certe situazioni un genitore non sa proprio più cosa inventarsi pur di calmare o distrarre il proprio figlio: vero e proprio terremotino nella vita di mamma o papà, certe volte un bambino può essere difficile da gestire, a casa o anche quando siamo fuori...

Per fortuna la necessità (ma anche la disperazione!) aguzza l'ingegno e i genitori ne sanno qualcosa, inventandosi trucchetti ingegnosi e creativi per mettere in ordine i giocattoli, prendere le medicine o affrontare tutte le piccole sfide quotidiane. Al link in bio e nelle stories ne abbiamo raccolti 11, ne avete altri da aggiungere?
°
°
°
#esseregenitori #vitadamamma #vitadagenitori #trucchetti #bambini #parentalhack #vitadamamma #paroladimamma #genitoricreativi #genitoriingegnosi #mammeitaliane #mammeduepuntozero #momsofintagram #mammesocial #mammefelici #mamme #mammeit #mamma #parentingtips #tips #trucchettidamamma #trucchettidelmestiere","#esseregenitori,#vitadamamma,#vitadagenitori,#trucchetti,#bambini,#parentalhack,#vitadamamma,#paroladimamma,#genitoricreativi,#genitoriingegnosi,#mammeitaliane,#mammeduepuntozero,#momsofintagram,#mammesocial,#mammefelici,#mamme,#mammeit,#mamma,#parentingtips,#tips,#trucchettidamamma,#trucchettidelmestiere",194,,2023-04-26T10:02:51.000Z,124w
https://www.instagram.com/p/C7ruaHRBtEv/,parentalhack,https://www.instagram.com/mariam.m.magdi/,mariam.m.magdi,"لو مش عارفة تخرجي نفسك من دايرة اللوم و بتأنبي نفسك علي كل حاجة بتحصل ليكي، لأولادك أو بيتك و أصحابك. أنا موجودة عشان أساعدك تحبي نفسك اكتر و تبطلي تلومي نفسك علي كل حاجة.
تقدري تحجزي استشارتك من خلال عيادات @seedsclinics أو إبعاتيلاي DM و أنا أساعدك :)

#parentingbymariam #parentalhack #familyqualitytime #happyparenthappychild  #positiveselftalk #selfblaming #whatsappmassege كوتش_تربوي_وأسري#
#كلام_تشجيع #وقت_لرحتك #وقت_لنفسك","#parentingbymariam,#parentalhack,#familyqualitytime,#happyparenthappychild,#positiveselftalk,#selfblaming,#whatsappmassege,#كلام_تشجيع,#وقت_لرحتك,#وقت_لنفسك",,,2024-06-01T18:38:34.000Z,67w
https://www.instagram.com/p/C8zyb4NscW4/,parentalhack,https://www.instagram.com/mariam.m.magdi/,mariam.m.magdi,"لو بتواجهكم مشكلة مشابهة و مش بتعرفوا تطبقوا الكلام دة  تقدروا تحجزوا إستشارة من خلال @seedsclinics
 و هنتكلم في كل التفاصيل و إزاي تقدروا تطبقوا الكلام دة بطريقة مناسبة لطفلكم و ظروف حياتكم 😊
Seeds Clinic 
+20 109 065 9999
+20 109 065 8888

المواعيد أيام السبت و الأربعاء من ٦ ل ٨ مساءا

#ترببة_الأبناء #تربية_بحب #اباء_وابناء #أمهات_الأطفال #نفسيةالطفل #مدربة_تربية_ايجابية #parentaltricks #parenthoodstruggles #parentingbymariam #parentalhack #kidsemotions","#ترببة_الأبناء,#تربية_بحب,#اباء_وابناء,#أمهات_الأطفال,#نفسيةالطفل,#مدربة_تربية_ايجابية,#parentaltricks,#parenthoodstruggles,#parentingbymariam,#parentalhack,#kidsemotions",151,,2024-07-01T11:13:45.000Z,63w
https://www.instagram.com/p/Cx0mcWUIvfM/,parentalhack,https://www.instagram.com/wokaland_/,wokaland_,"It is vital to keep medicines under your supervision. Make sure that kids, out of curiosity, do not reach out to the places where medicines are kept. 

#SafetyTips #ParentalHack #WOKA #WOKALand #WorldKiranAgarwal
#LearnWithWOKA #WOKA #children #stories #bedtimestories #childrenbook #Parenting #Kids #Fun #Masti #Cartoons #ParentingWithWOKA #medicines #children","#SafetyTips,#ParentalHack,#WOKA,#WOKALand,#WorldKiranAgarwal,#LearnWithWOKA,#WOKA,#children,#stories,#bedtimestories,#childrenbook,#Parenting,#Kids,#Fun,#Masti,#Cartoons,#ParentingWithWOKA,#medicines,#children",226,,2023-09-30T16:00:14.000Z,102w
https://www.instagram.com/p/B7_8Rl5gHZf/,parentalhack,https://www.instagram.com/baby.back.shop/,baby.back.shop,"Hoy es día de #ParentalHack! 💃🏽💪🏼✨.
.
. 
Porque siempre estamos buscando atajos para simplificar nuestra cotidianidad. Y cuando encontramos uno relacionado a nuestros 👶🏼, vaya que es todo un hallazgo para comentar! 😂📲.
.
.
Una mamá nos compartió este simple pero increíble truquito cuando no tenemos una hamaca. Sólo necesitas una sábana y una mesa bien resistente, hacer un nudo, y listo! 👏🏻👏🏻
.
.
La sabías? .
Gracias por compartir sus pequeños pero grandes descubrimientos con la comunidad! Si tenes uno, escribinos por privado 😎💌.
.
.
#parentalk #parenting #parenthood #parentalhack #parentinghacks #lifehacks #hacks #vidademama #mamaprimeriza #mamaprimerizafeliz #mama #summerhacks","#ParentalHack,#parentalk,#parenting,#parenthood,#parentalhack,#parentinghacks,#lifehacks,#hacks,#vidademama,#mamaprimeriza,#mamaprimerizafeliz,#mama,#summerhacks",44,,2020-01-31T21:27:22.000Z,293w
https://www.instagram.com/p/CrigkUFN4-Y/,parentalhack,https://www.instagram.com/wokaland_/,wokaland_,"Kids start developing their sense of self as pre-toddlers. Remember that your actions and words can affect their developing self-esteem, so choose them carefully. 

#ParentingWithWOKA #Parentalhack #WOKA #WordOfTheDay #WorldOfKiranAgarwal #WOKALand #children #stories #bedtimestories #childrenbook #Parenting #Kids #Fun #Masti #Cartoons #bedtimestories #moralstorybooks #MoralsBook #moralstoriesforkids #grannystories #kidsbook #picturebooks #kidlit #kidsbookswelove #raisingreaders","#ParentingWithWOKA,#Parentalhack,#WOKA,#WordOfTheDay,#WorldOfKiranAgarwal,#WOKALand,#children,#stories,#bedtimestories,#childrenbook,#Parenting,#Kids,#Fun,#Masti,#Cartoons,#bedtimestories,#moralstorybooks,#MoralsBook,#moralstoriesforkids,#grannystories,#kidsbook,#picturebooks,#kidlit,#kidsbookswelove,#raisingreaders",19,,2023-04-27T12:14:11.000Z,124w
https://www.instagram.com/p/C61n_heRLwa/,parentalhack,https://www.instagram.com/mariam.m.magdi/,mariam.m.magdi,"لو مش عارفين تكتشفوا مهارات أطفالكم عشان تساعدوهم ينموها
 أو لو مركزين مع أطفالكم في المذاكرة و التمارين و البطولات بس
 أبعاتولي DM💌 نفكر و نشوف مع بعض المناسب لشخصية طفلك عشان نساعد أطفالنا ينموا مهاراتهم و ينموا شخصيتهم👨‍👩‍👦

#parentingbymariam #parentalhack #familyqualitytime #happyparenthappychild #kidssleeptime","#parentingbymariam,#parentalhack,#familyqualitytime,#happyparenthappychild,#kidssleeptime",,,2024-05-11T18:56:00.000Z,70w
https://www.instagram.com/p/B7t41CIAYT7/,parentalhack,https://www.instagram.com/baby.back.shop/,baby.back.shop,"ES VIERNES DE #PARENTALHACK! 🥳💪🏼.
.
.
Porque, más allá de la ropa, como padres estamos constantemente pensando  cómo resolver cosas de la diaria con lo que ya tenemos, y sin darnos cuenta, “pim – pum – pam”🎯⚡️💥: estamos innovando, hackeando al sistema 😂😂.
.
.
Una mamá nos compartió esta brillante idea (con imágenes exclusivas y todo 🥰) para las que tienen planificado un viajecito a la playa:
 Llevar una piletita inflable y llenarla con agua de mar. 🐠🌊. Como es poca, no es tan fría y la podes trasladar a la sombra!
Resultado: varias horas de diversión asegurada y un bebé resguardado del sol 😎✨.
.
.
Qué opinas de este pedacito de mar para nuestros 👶🏽🐣?
.
Gracias @yani_soueid por tu aporte! Si tenes algún ParentalHack para compartir con esta comunidad, envíanos por privado! 📲💌.
.
.
#parentalk #parentalhack #parenting #hack #babyhacks #parenthacks #modasustentable #modaresponsable #modaconsciente #secondhand #medioambiente #mamas #mamaprimeriza","#PARENTALHACK,#parentalk,#parentalhack,#parenting,#hack,#babyhacks,#parenthacks,#modasustentable,#modaresponsable,#modaconsciente,#secondhand,#medioambiente,#mamas,#mamaprimeriza",36,,2020-01-24T21:10:55.000Z,294w
https://www.instagram.com/p/CsbIclGKD6W/,parentalhack,https://www.instagram.com/wokaland_/,wokaland_,"Spending time outdoors isn't just fun, but also essential for the physical and mental wellbeing. Whether it's a family vacation or a picnic in the park, being in nature can boost the mood, reduce stress, increase creativity, and strengthen the bond between parents and kid(s). 

#ParentingWithWOKA #WOKA #SummerParentingHacks #Parentalhack #WorldOfKiranAgarwal #WOKALand #children #bedtimestories #childrenbook #Parenting #Kids #Fun #Masti #Cartoons #moralstorybooks #MoralsBook #moralstoriesforkids #grannystories #kidsbook #kidsbookswelove #raisingreaders #Summer #Summertips #Summer2023 #summertime #summervibes #summer #SummerFun #SummerVacation #Vacation","#ParentingWithWOKA,#WOKA,#SummerParentingHacks,#Parentalhack,#WorldOfKiranAgarwal,#WOKALand,#children,#bedtimestories,#childrenbook,#Parenting,#Kids,#Fun,#Masti,#Cartoons,#moralstorybooks,#MoralsBook,#moralstoriesforkids,#grannystories,#kidsbook,#kidsbookswelove,#raisingreaders,#Summer,#Summertips,#Summer2023,#summertime,#summervibes,#summer,#SummerFun,#SummerVacation,#Vacation",14,,2023-05-19T12:00:09.000Z,121w
https://www.instagram.com/p/CtFCbHiMtLU/,parentalhack,https://www.instagram.com/mariam.m.magdi/,mariam.m.magdi,"أنا فعلا ممتنة لوجودكم و كلامكم و تشجعكم مهم جدا بالنسبالي و بيفرق معايا جدا 💗
و أنا فعلا سعيدة إن دة إحساسكم و إني فعلا قادرة أكون جزء من رحلتكم و فعلا بفيدكم💕
أنا دايما موجودة لو أي حد حابب يحجز كوتشينج أو إستشارة إبعاتولي Dm💌

#ترببة_الأبناء #تربية_بحب #اباء_وابناء #أمهات_الأطفال #نفسيةالطفل #مدربة_تربية_ايجابية #كوتش_تربوي_وأسري #parentaltricks #parenthoodstruggles #parentingbymariam #parentalhack #kidsemotions #motherhoodjourneybegins #happyparentshappykid #lifecoachhacks #parentingexpert #parentingcoaches","#ترببة_الأبناء,#تربية_بحب,#اباء_وابناء,#أمهات_الأطفال,#نفسيةالطفل,#مدربة_تربية_ايجابية,#كوتش_تربوي_وأسري,#parentaltricks,#parenthoodstruggles,#parentingbymariam,#parentalhack,#kidsemotions,#motherhoodjourneybegins,#happyparentshappykid,#lifecoachhacks,#parentingexpert,#parentingcoaches",,,2023-06-04T18:35:36.000Z,119w
https://www.instagram.com/p/B2AVuEcAe_y/,parentalhack,https://www.instagram.com/baby.back.shop/,baby.back.shop,"Hoy regresa la sección de Parental Hacks. 
Porque en Baby Back estamos constantemente viendo cómo #darlelavuelta y encontrar soluciones simples para la diaria, más allá de la ropa. 🤹🏻‍♀️✨
Porque seguro que otro padre ya encontró LA POSTA de algo que uno vive renegando y viceversa 😂😂, es que abrimos este espacio para compartirlos y divertirnos de nuestras ocurrencias👌🏼🤓.
.
.
.
Hoy alguien de la comunidad nos contó un atajo que descubrió para que su 🐣pueda ponerse solito cualquier calzado 👟 : agarrar un sticker de su personaje favorito, cortarlo a la mitad en vertical y pegar cada una en el que corresponda 🙆🏻‍♀️🙌🏻. Así va a unirlo cada vez que quiera ponérselos como armando un 🧩. .
.
Ya lo conocías? Es espectacular ! 😂😂. Si tenes un Parental Hack que te simplifique la diaria, mandalo por privado así después lo chiflamos! 🤸🏻‍♂️🌈.
.
.
#parentinghacks #parentalhack #parentalkkids #parenthacks #mamas #mamaprimeriza #mamafeliz #secondhand #modasustentable #reutilizar #baby #babyshower","#darlelavuelta,#parentinghacks,#parentalhack,#parentalkkids,#parenthacks,#mamas,#mamaprimeriza,#mamafeliz,#secondhand,#modasustentable,#reutilizar,#baby,#babyshower",49,,2019-09-04T22:01:20.000Z,314w
https://www.instagram.com/p/CumSPjWIK0o/,parentalhack,https://www.instagram.com/wokaland_/,wokaland_,"Bringing structure and stability into your child's life is a game-changer. Embracing a routine helps them thrive and brings peace to your day.

#ParentingWithWOKA #WOKA #SummerParentingHacks #Parentalhack #WorldOfKiranAgarwal #WOKALand #children #bedtimestories #childrenbook #Parenting #Kids #Fun #Masti #Cartoons #moralstorybooks #MoralsBook #moralstoriesforkids #grannystories #kidsbook #kidsbookswelove #raisingreaders #routine #bedtime #playtime","#ParentingWithWOKA,#WOKA,#SummerParentingHacks,#Parentalhack,#WorldOfKiranAgarwal,#WOKALand,#children,#bedtimestories,#childrenbook,#Parenting,#Kids,#Fun,#Masti,#Cartoons,#moralstorybooks,#MoralsBook,#moralstoriesforkids,#grannystories,#kidsbook,#kidsbookswelove,#raisingreaders,#routine,#bedtime,#playtime",79,,2023-07-12T13:00:11.000Z,113w
https://www.instagram.com/p/CiiYIKAM5oU/,parentalhack,https://www.instagram.com/mariam.m.magdi/,mariam.m.magdi,"Hello All 👋🏻
Welcome to my Account 
This Account is to support anyone facing challenges in his life or just need emotional support 😊
I am here to support you ❤️ 

I have been happily working with hundreds of Clients coaching them how to deal with their daily challenges using their own tools & skills💪🏻
Moreover I have been working for along time in the education field so I totally understand the challenges every parent/teacher is facing in their daily life👨‍👩‍👧

I totally got your back if you need any support just DM me📩
Happy to have you all here😊

#parentingbymariam #parentaltricks #parentalhack #parentingexpert #parentingjourneybegins #happyparenthappychild #emotionalcoachig #emotionalintelligenceskills #happymehappylife❤️ #parentingcoachesofinstagram #arabparentproblems #coachingegypt #positivedisciplineeducator #dir101floortime #positivedisciplineassociation #تربية_بذكاء #كوتش_تربوي_وأسري #كوتشينج_مصر #اباء_وابناء #اباء_امهات #تربية_الأبناء #تربية_بحب❤️","#parentingbymariam,#parentaltricks,#parentalhack,#parentingexpert,#parentingjourneybegins,#happyparenthappychild,#emotionalcoachig,#emotionalintelligenceskills,#happymehappylife❤️,#parentingcoachesofinstagram,#arabparentproblems,#coachingegypt,#positivedisciplineeducator,#dir101floortime,#positivedisciplineassociation,#تربية_بذكاء,#كوتش_تربوي_وأسري,#كوتشينج_مصر,#اباء_وابناء,#اباء_امهات,#تربية_الأبناء,#تربية_بحب❤️",77,,2022-09-15T18:17:54.000Z,156w
https://www.instagram.com/p/Co4n8IxjTag/,parentalhack,https://www.instagram.com/wokaland_/,wokaland_,"While it is important to take care of your child and be available for them 24x7, it is also important to take out time for yourself every now and then to rejuvenate so you can have an open and relaxing mind when you go back to your child.

For more parental hacks, follow #WOKA.

#ParentalHack #WOKA #WOKALand #WorldKiranAgarwal
#LearnWithWOKA #WOKA #children #stories #bedtimestories #childrenbook #Parenting #Kids #Fun #Masti #Cartoons #learningthroughplay #learningeveryday#ParentingWithWOKA #WOKALand","#WOKA,#ParentalHack,#WOKA,#WOKALand,#WorldKiranAgarwal,#LearnWithWOKA,#WOKA,#children,#stories,#bedtimestories,#childrenbook,#Parenting,#Kids,#Fun,#Masti,#Cartoons,#learningthroughplay,#learningeveryday,#ParentingWithWOKA,#WOKALand",18,,2023-02-20T12:47:43.000Z,134w
https://www.instagram.com/p/Ch7yJqCsy4d/,parentalhack,https://www.instagram.com/mariam.m.magdi/,mariam.m.magdi,"كل عام دراسي و إنتوا طيبين😊
#الرجوع_للمدارس #كوتش_تربوي_وأسري #كلام_إيجابي #كوتشينج_مصر #تربية_الأبناء #تربية_بحب❤️ #تربية_بذكاء #امهات_مصر #امهات_ابناء #امهات_عاملات #اباء_وابناء #اباء_امهات #parentingbymariam #parentalhack #parentaltricks #parentingcoachesofinstagram #coachingegypt #happyschoolyearkids #happyparenthappychild #stressedkids #newacademicyearbegins","#الرجوع_للمدارس,#كوتش_تربوي_وأسري,#كلام_إيجابي,#كوتشينج_مصر,#تربية_الأبناء,#تربية_بحب❤️,#تربية_بذكاء,#امهات_مصر,#امهات_ابناء,#امهات_عاملات,#اباء_وابناء,#اباء_امهات,#parentingbymariam,#parentalhack,#parentaltricks,#parentingcoachesofinstagram,#coachingegypt,#happyschoolyearkids,#happyparenthappychild,#stressedkids,#newacademicyearbegins",96,,2022-08-31T18:34:54.000Z,158w
https://www.instagram.com/p/CuCJi1HNrjF/,parentalhack,https://www.instagram.com/wokaland_/,wokaland_,"Teach children about the concept of strangers and encourage them to be cautious around people they don't know. 

#Safetytip #Safetytips #ParentalHack #WOKA #WOKALand #WorldKiranAgarwal
#LearnWithWOKA #WOKA #children #stories #bedtimestories #childrenbook #Parenting #Kids #Fun #Masti #Cartoons #learningthroughplay #learningeveryday #ParentingWithWOKA #WOKALand","#Safetytip,#Safetytips,#ParentalHack,#WOKA,#WOKALand,#WorldKiranAgarwal,#LearnWithWOKA,#WOKA,#children,#stories,#bedtimestories,#childrenbook,#Parenting,#Kids,#Fun,#Masti,#Cartoons,#learningthroughplay,#learningeveryday,#ParentingWithWOKA,#WOKALand",53,,2023-06-28T12:11:30.000Z,115w
https://www.instagram.com/p/Chh8v0Lsrno/,parentalhack,https://www.instagram.com/mariam.m.magdi/,mariam.m.magdi,"المدارس قربت و عايزة تستعدلها بس مش عارفة تبدأي إزاي؟؟ مواعيد النوم و لا تنظيم النوم و لا تجهيز الأولاد و لا شراء الأدوات .......
في المحاضرة دي هنتكلم عن كل حاجة تخص إستعدادات المدارس و تنظيم المذاكرة و النوم و كل حاجة🤩
المحاضرة هتكون أون لاين يوم الأربعاء ٣١ أغسطس الساعة ٨:٣٠ مساءا ل ١٠ مساءا بتوقيت القاهرة 
👩‍💻للتسجيل في المحاضرة من اللينك في ال Bio أو إبعاتولي DM 📩 هساعدكم إن شاءالله 

#تربية_بذكاء #تربية_الأبناء #دخول_المدارس #الاستعداد_للدراسة #كوتش_تربوي_وأسري #كوتشينج_مصر #parentingbymariam #schoolpreparations #newacademicyearbegins #parentalhack #parentaltricks #happyschoolyearkids","#تربية_بذكاء,#تربية_الأبناء,#دخول_المدارس,#الاستعداد_للدراسة,#كوتش_تربوي_وأسري,#كوتشينج_مصر,#parentingbymariam,#schoolpreparations,#newacademicyearbegins,#parentalhack,#parentaltricks,#happyschoolyearkids",39,,2022-08-21T17:47:15.000Z,160w
https://www.instagram.com/p/C0brjp8CQbd/,parentalhack,https://www.instagram.com/wokaland_/,wokaland_,"Strengthening ties within the family can prove to be a good building block for your child. One way to achieve that is sitting together and eating at least one meal a day.

#ParentingWithWOKA #WOKA #SummerParentingHacks #Parentalhack #WorldOfKiranAgarwal #WOKALand #children #Bedtimestories #Childrenbook #Parenting #Kids #Fun #Masti #Cartoons #Moralstorybooks #MoralsBook #Moralstoriesforkids #Grannystories #Kidsbook #Kidsbookswelove #Immuneboost #FamilyBond #MealTime","#ParentingWithWOKA,#WOKA,#SummerParentingHacks,#Parentalhack,#WorldOfKiranAgarwal,#WOKALand,#children,#Bedtimestories,#Childrenbook,#Parenting,#Kids,#Fun,#Masti,#Cartoons,#Moralstorybooks,#MoralsBook,#Moralstoriesforkids,#Grannystories,#Kidsbook,#Kidsbookswelove,#Immuneboost,#FamilyBond,#MealTime",19,,2023-12-04T13:18:08.000Z,93w
https://www.instagram.com/p/C0zkzNJsgEa/,parentalhack,https://www.instagram.com/mariam.m.magdi/,mariam.m.magdi,"أغلبنا عندنا مشكلة مع أطفالنا فإستخدام الشاشات🤷‍♀️ الأطفال بتقعد وقت طويل علي الشاشات و لما بنقول كفاية بيبقوا عصبيين جدا و الموضوع بيبقي بخناق و زعيق 🤦‍♀️
عشان كدة مهم جدا يكون في قواعد واضحة في إستخدام الشاشات و بتتنفذ دايما عشان الأطفال تتعود علي القواعد و الروتين 
مهم كمان نركز إنهم غصب عنهم بيتشدوا للتلفزيون أو الموبيل و بيفصلهم خالص عن اللي حواليهم 
عشان كدة لما بنقفل فجأة بيتوتروا و بيبقوا عصبين، مهم جدا نمهدلهم قبلها و نديهم وقت عشان يقدروا يركزوا في حاجة تانية 👨‍👩‍👧

#ترببة_الأبناء #تربية_بحب #اباء_وابناء #أمهات_الأطفال #نفسيةالطفل #مدربة_تربية_ايجابية #parentaltricks #parenthoodstruggles #parentingbymariam #parentalhack #kidsemotions","#ترببة_الأبناء,#تربية_بحب,#اباء_وابناء,#أمهات_الأطفال,#نفسيةالطفل,#مدربة_تربية_ايجابية,#parentaltricks,#parenthoodstruggles,#parentingbymariam,#parentalhack,#kidsemotions",,,2023-12-13T20:00:49.000Z,91w
https://www.instagram.com/p/Cx-r5PIIIjI/,parentalhack,https://www.instagram.com/wokaland_/,wokaland_,"Give your children the space to express. If you let them convey their sentiments, they will develop a good relationship with you. Eventually, this will lead to them wanting to spend more time with you. 

#ParentingWithWOKA #WOKA #Parentalhack #WorldOfKiranAgarwal #WOKALand #children #bedtimestories #childrenbook #Parenting #Kids #Fun #Masti #Cartoons #moralstorybooks #MoralsBook #moralstoriesforkids #grannystories #kidsbook #kidsbookswelove #communication #communicationiskey #listen #converstation #express #feelings","#ParentingWithWOKA,#WOKA,#Parentalhack,#WorldOfKiranAgarwal,#WOKALand,#children,#bedtimestories,#childrenbook,#Parenting,#Kids,#Fun,#Masti,#Cartoons,#moralstorybooks,#MoralsBook,#moralstoriesforkids,#grannystories,#kidsbook,#kidsbookswelove,#communication,#communicationiskey,#listen,#converstation,#express,#feelings",138,,2023-10-04T14:00:16.000Z,101w
https://www.instagram.com/p/CqTf9tKs0Tq/,parentalhack,https://www.instagram.com/mariam.m.magdi/,mariam.m.magdi,"تكملة للفضائل الجميلة اللي هنتكلم فيها شهر رمضان هنتكلم عن ""التسامح""
هو أنا ينفع أعلم أطفالي التسامح و أنا لما بيغلطوا مش بسامحهم ؟؟
أكيد لأ
لو أطفالي لما بيغلطوا بقولهم ""مش هتكلم معاك، مش هسامحك دلوقتي ، إدخل الأوضة و متطلعش منها...""
*كدة أنا بوصلهم إني زعلان من شخصهم مش من الموقف
*و إن حبي ليهم مشروط بتصرفاتهم ""أنا هحبك لما تعمل اللي أنا عايزاه، أنا هحبك لو معملش حاجة غلط...""
* وكمان بقولهم أنا بحبكم وقت لما أنا أعوذ مش وقت لما إنتم تعتذروا

إبتدي بنفسك و واري أولادك يعني إيه تسامح في معملتك معاهم و أكيد هما هيتزرع جواهم اللي إتربوا عليه

لو مش بتعرفوا تتصرفوا إزاي لما أولادكم يغلطوا إبعاتولي DM هساعدكم😊

#parentingbymariam
#parentalhack #كوتش_تربوي_وأسري #تربية_بحب #التسامح_يجمعنا #أمهات_مصر","#parentingbymariam,#parentalhack,#كوتش_تربوي_وأسري,#تربية_بحب,#التسامح_يجمعنا,#أمهات_مصر",368,,2023-03-27T19:59:52.000Z,129w
https://www.instagram.com/p/CwNQ8ClovY5/,parentalhack,https://www.instagram.com/wokaland_/,wokaland_,"Ensure your kids eat warm and thoroughly cooked food and include fresh fruits and vegetables in their daily diet to strengthen their immune system and avoid foodborne illness. 

#ParentingWithWOKA #WOKA #SummerParentingHacks #Parentalhack #WorldOfKiranAgarwal #WOKALand #children #bedtimestories #childrenbook #Parenting #Kids #Fun #Masti #Cartoons #moralstorybooks #MoralsBook #moralstoriesforkids #grannystories #kidsbook #kidsbookswelove #immuneboost #immune #immunesystem #diet #healthydiet #hygiene #ill","#ParentingWithWOKA,#WOKA,#SummerParentingHacks,#Parentalhack,#WorldOfKiranAgarwal,#WOKALand,#children,#bedtimestories,#childrenbook,#Parenting,#Kids,#Fun,#Masti,#Cartoons,#moralstorybooks,#MoralsBook,#moralstoriesforkids,#grannystories,#kidsbook,#kidsbookswelove,#immuneboost,#immune,#immunesystem,#diet,#healthydiet,#hygiene,#ill",150,,2023-08-21T12:50:33.000Z,108w
https://www.instagram.com/p/C8AQebEscit/,parentalhack,https://www.instagram.com/mariam.m.magdi/,mariam.m.magdi,"أغلبنا عندنا مشكلة مع أطفالنا فإستخدام الشاشات🤷‍♀️ الأطفال بتقعد وقت طويل علي الشاشات و لما بنقول كفاية بيبقوا عصبيين جدا و الموضوع بيبقي بخناق و زعيق 🤦‍♀️
عشان كدة مهم جدا يكون في قواعد واضحة في إستخدام الشاشات و بتتنفذ دايما عشان الأطفال تتعود علي القواعد و الروتين 
مهم كمان نركز إنهم غصب عنهم بيتشدوا للتلفزيون أو الموبيل و بيفصلهم خالص عن اللي حواليهم 
عشان كدة لما بنقفل فجأة بيتوتروا و بيبقوا عصبين، مهم جدا نمهدلهم قبلها و نديهم وقت عشان يقدروا يركزوا في حاجة تانية 👨‍👩‍👧

#ترببة_الأبناء #تربية_بحب #اباء_وابناء #أمهات_الأطفال #نفسيةالطفل #مدربة_تربية_ايجابية #parentaltricks #parenthoodstruggles #parentingbymariam #parentalhack #kidsemotions","#ترببة_الأبناء,#تربية_بحب,#اباء_وابناء,#أمهات_الأطفال,#نفسيةالطفل,#مدربة_تربية_ايجابية,#parentaltricks,#parenthoodstruggles,#parentingbymariam,#parentalhack,#kidsemotions",,,2024-06-09T17:53:06.000Z,66w
https://www.instagram.com/p/ChaLlm9M5qr/,parentalhack,https://www.instagram.com/mariam.m.magdi/,mariam.m.magdi,"من بداية سن ٩ سنين بيبان علي أولادنا تغيرات ملحوظة في شخصيتهم ممكن كتير مننا يفصرها إنه بقي مش مؤدب أو مفيش حاجة عاجباه أو أنا مش فاهمه هو عايز إيه.. 🤷‍♀️
بس الحقيقة أولادنا في المرحلة دي بيمروا بتغييرات كتير صعبة عليهم جدا و صعب يفهموها ، عشان كدة مهم إننا نستوعبهم و بنقي جنبهم لحد ميقدروا يفهموا نفسهم بس طبعا مش معنا كلامي إننا هنقبل بالتجاوزات أكيد في قواعد و في عواقب بس في كمان معاهم حب و دعم و إحتواء 👨‍👩‍👧

لو أولادكم في المرحلة دي و بتوجهوا صعوبات في التعامل معهم إبعاتولي DM 📩 و أنا هساعدكم إن شاءالله 😊

#تربية_بذكاء #تربية_الأبناء #تربية_بحب❤️ #اباء_امهات #جيل_المستقبل #سن_المراهقة #تحديات_التربية #كوتش_تربوي_وأسري #أمهات_مصر #أمهات_الأطفال #كوتشينج_مصر #parentsofteensunderstand #parentingbymariam #parenthoodtip #parentalhack #teenschallenges #respectyourchild","#تربية_بذكاء,#تربية_الأبناء,#تربية_بحب❤️,#اباء_امهات,#جيل_المستقبل,#سن_المراهقة,#تحديات_التربية,#كوتش_تربوي_وأسري,#أمهات_مصر,#أمهات_الأطفال,#كوتشينج_مصر,#parentsofteensunderstand,#parentingbymariam,#parenthoodtip,#parentalhack,#teenschallenges,#respectyourchild",159,,2022-08-18T17:23:00.000Z,160w
https://www.instagram.com/p/Csg1EzvM3PK/,parentalhack,https://www.instagram.com/mariam.m.magdi/,mariam.m.magdi,"أغلبنا عندنا مشكلة مع أطفالنا فإستخدام الشاشات🤷‍♀️ الأطفال بتقعد وقت طويل علي الشاشات و لما بنقول كفاية بيبقوا عصبيين جدا و الموضوع بيبقي بخناق و زعيق 🤦‍♀️
عشان كدة مهم جدا يكون في قواعد واضحة في إستخدام الشاشات و بتتنفذ دايما عشان الأطفال تتعود علي القواعد و الروتين 
مهم كمان نركز إنهم غصب عنهم بيتشدوا للتلفزيون أو الموبيل و بيفصلهم خالص عن اللي حواليهم 
عشان كدة لما بنقفل فجأة بيتوتروا و بيبقوا عصبين، مهم جدا نمهدلهم قبلها و نديهم وقت عشان يقدروا يركزوا في حاجة تانية 👨‍👩‍👧

#ترببة_الأبناء #تربية_بحب #اباء_وابناء #أمهات_الأطفال #نفسيةالطفل #مدربة_تربية_ايجابية #parentaltricks #parenthoodstruggles #parentingbymariam #parentalhack #kidsemotions","#ترببة_الأبناء,#تربية_بحب,#اباء_وابناء,#أمهات_الأطفال,#نفسيةالطفل,#مدربة_تربية_ايجابية,#parentaltricks,#parenthoodstruggles,#parentingbymariam,#parentalhack,#kidsemotions",151,,2023-05-21T17:06:18.000Z,121w
https://www.instagram.com/p/CsT_g8qMMPq/,parentalhack,https://www.instagram.com/mariam.m.magdi/,mariam.m.magdi,#ترببة_الأبناء #تربية_بحب #اباء_وابناء #أمهات_الأطفال #نفسيةالطفل #مدربة_تربية_ايجابية #parentaltricks #parenthoodstruggles #parentingbymariam #parentalhack #kidsemotions,"#ترببة_الأبناء,#تربية_بحب,#اباء_وابناء,#أمهات_الأطفال,#نفسيةالطفل,#مدربة_تربية_ايجابية,#parentaltricks,#parenthoodstruggles,#parentingbymariam,#parentalhack,#kidsemotions",493,,2023-05-16T17:27:24.000Z,121w
https://www.instagram.com/p/Cs4LiVqs9N1/,parentalhack,https://www.instagram.com/mariam.m.magdi/,mariam.m.magdi,"كلنا عايزين أحسن حاجة لاطفالنا من وجهة نظرنا و عايزينهم يكونوا أحسن ناس و أشطر ناس👨‍👩‍👧 بس مهم نخلي بالنا إن في الرحلة دي مننساش أهتمامتهم و إختلاف أحتياجتهم عننا
مهم جدا أكون جنب طفلي و أشجعوا في طريقوا و أهتماماته و تجربته هو مش أهتماماتي و تجربتي أنا😊
لو محتاجين مساعدة في تربية أطفالكم و حابين تفهموا شخصيتهم أكتر إبعاتولي DM 💌 هساعدكم

#ترببة_الأبناء #تربية_بحب #اباء_وابناء #أمهات_الأطفال #نفسيةالطفل #كوتش_تربوي_وأسري #امهات_العرب #اطفالنا_مسؤوليتنا #احتياجات_الطفل #مدربة_تربية_ايجابية #parentaltricks #parenthoodstruggles #parentingbymariam #parentalhack #kidsemotions#motherhoodjourneybegins","#ترببة_الأبناء,#تربية_بحب,#اباء_وابناء,#أمهات_الأطفال,#نفسيةالطفل,#كوتش_تربوي_وأسري,#امهات_العرب,#اطفالنا_مسؤوليتنا,#احتياجات_الطفل,#مدربة_تربية_ايجابية,#parentaltricks,#parenthoodstruggles,#parentingbymariam,#parentalhack,#kidsemotions,#motherhoodjourneybegins",65,,2023-05-30T18:45:06.000Z,119w
https://www.instagram.com/p/Cpf0JigsbCo/,parentalhack,https://www.instagram.com/mariam.m.magdi/,mariam.m.magdi,"من بداية سن ٩ سنين بيبان علي أولادنا تغيرات ملحوظة في شخصيتهم ممكن كتير مننا يفصرها إنه بقي مش مؤدب أو مفيش حاجة عاجباه أو أنا مش فاهمه هو عايز إيه.. 🤷‍♀️
بس الحقيقة أولادنا في المرحلة دي بيمروا بتغييرات كتير صعبة عليهم جدا و صعب يفهموها ، عشان كدة مهم إننا نستوعبهم و بنقي جنبهم لحد ميقدروا يفهموا نفسهم بس طبعا مش معنا كلامي إننا هنقبل بالتجاوزات أكيد في قواعد و في عواقب بس في كمان معاهم حب و دعم و إحتواء 👨‍👩‍👧

قولولي في الcomments و إنتوا في السن دة كنتم حابين أهلكم يكونوا عارفين الحاجات دي😊

#تربية_بذكاء #تربية_الأبناء #تربية_بحب❤️ #اباء_امهات #جيل_المستقبل #سن_المراهقة #تحديات_التربية #كوتش_تربوي_وأسري #أمهات_مصر #أمهات_الأطفال #كوتشينج_مصر #parentsofteensunderstand #parentingbymariam #parenthoodtip #parentalhack #teenschallenges #respectyourchild","#تربية_بذكاء,#تربية_الأبناء,#تربية_بحب❤️,#اباء_امهات,#جيل_المستقبل,#سن_المراهقة,#تحديات_التربية,#كوتش_تربوي_وأسري,#أمهات_مصر,#أمهات_الأطفال,#كوتشينج_مصر,#parentsofteensunderstand,#parentingbymariam,#parenthoodtip,#parentalhack,#teenschallenges,#respectyourchild",360,,2023-03-07T18:04:47.000Z,131w
https://www.instagram.com/p/CxlekLdsQCt/,parentalhack,https://www.instagram.com/mariam.m.magdi/,mariam.m.magdi,"بنستنى طول اليوم عشان أول ما أطفالنا يرجعوا من المدرسة أو الحضانة نسألهم عن يومهم و نطمن عليهم بس للأسف دايما بنسمع نفس الإجابة ""مش فاكر!!"" ،"" معرفش"" ،""كويس""، الحمد لله""، ""عادي زي كل يوم""🤦‍♀️
الأطفال بيكونوا راجعين تعبانين و يومهم طويل و فعلا ممكن يكونوا ناسيين ، عشان كدة كونوا محددين و سهلا عليهم الموضوع 😊

قولولي في الcomments أطفالكم بيقولولكم إيه عن يومهم؟ 😅

#كوتش_تربوي_وأسري #تربية_بحب❤️ #تربية_الأبناء_بحب  #مدربة_تربية_ايجابية #يوم_دراسي #طفل #اباء_وابناء #اباء_امهات #parentingbymariam #parenthoodjourneybegins #schoolday #studentdays #parentalhack","#كوتش_تربوي_وأسري,#تربية_بحب❤️,#تربية_الأبناء_بحب,#مدربة_تربية_ايجابية,#يوم_دراسي,#طفل,#اباء_وابناء,#اباء_امهات,#parentingbymariam,#parenthoodjourneybegins,#schoolday,#studentdays,#parentalhack",336,,2023-09-24T19:02:47.000Z,103w
https://www.instagram.com/p/C9Fzu_LMz8W/,parentalhack,https://www.instagram.com/mariam.m.magdi/,mariam.m.magdi,"من بداية سن ٩ سنين بيبان علي أولادنا تغيرات ملحوظة في شخصيتهم ممكن كتير مننا يفصرها إنه بقي مش مؤدب أو مفيش حاجة عاجباه أو أنا مش فاهمه هو عايز إيه.. 🤷‍♀️
بس الحقيقة أولادنا في المرحلة دي بيمروا بتغييرات كتير صعبة عليهم جدا و صعب يفهموها ، عشان كدة مهم إننا نستوعبهم و بنقي جنبهم لحد ميقدروا يفهموا نفسهم بس طبعا مش معنا كلامي إننا هنقبل بالتجاوزات أكيد في قواعد و في عواقب بس في كمان معاهم حب و دعم و إحتواء 👨‍👩‍👧

قولولي في الcomments و إنتوا في السن دة كنتم حابين أهلكم يكونوا عارفين الحاجات دي😊

#تربية_بذكاء #تربية_الأبناء #تربية_بحب❤️ #اباء_امهات #جيل_المستقبل #سن_المراهقة #تحديات_التربية #كوتش_تربوي_وأسري #أمهات_مصر #أمهات_الأطفال #كوتشينج_مصر #parentsofteensunderstand #parentingbymariam #parenthoodtip #parentalhack #teenschallenges #respectyourchild","#تربية_بذكاء,#تربية_الأبناء,#تربية_بحب❤️,#اباء_امهات,#جيل_المستقبل,#سن_المراهقة,#تحديات_التربية,#كوتش_تربوي_وأسري,#أمهات_مصر,#أمهات_الأطفال,#كوتشينج_مصر,#parentsofteensunderstand,#parentingbymariam,#parenthoodtip,#parentalhack,#teenschallenges,#respectyourchild",56,,2024-07-06T18:08:48.000Z,62w
https://www.instagram.com/p/CtuLp02MbBf/,parentalhack,https://www.instagram.com/mariam.m.magdi/,mariam.m.magdi,#ترببة_الأبناء #تربية_بحب #اباء_وابناء #أمهات_الأطفال #نفسيةالطفل #مدربة_تربية_ايجابية #parentaltricks #parenthoodstruggles #parentingbymariam #parentalhack #kidsemotions,"#ترببة_الأبناء,#تربية_بحب,#اباء_وابناء,#أمهات_الأطفال,#نفسيةالطفل,#مدربة_تربية_ايجابية,#parentaltricks,#parenthoodstruggles,#parentingbymariam,#parentalhack,#kidsemotions",924,,2023-06-20T18:05:07.000Z,116w
https://www.instagram.com/p/C09y9fxMVf8/,parentalhack,https://www.instagram.com/mariam.m.magdi/,mariam.m.magdi,"من بداية سن ٩ سنين بيبان علي أولادنا تغيرات ملحوظة في شخصيتهم ممكن كتير مننا يفصرها إنه بقي مش مؤدب أو مفيش حاجة عاجباه أو أنا مش فاهمه هو عايز إيه.. 🤷‍♀️
بس الحقيقة أولادنا في المرحلة دي بيمروا بتغييرات كتير صعبة عليهم جدا و صعب يفهموها ، عشان كدة مهم إننا نستوعبهم و بنقي جنبهم لحد ميقدروا يفهموا نفسهم بس طبعا مش معنا كلامي إننا هنقبل بالتجاوزات أكيد في قواعد و في عواقب بس في كمان معاهم حب و دعم و إحتواء 👨‍👩‍👧

قولولي في الcomments و إنتوا في السن دة كنتم حابين أهلكم يكونوا عارفين الحاجات دي😊

#تربية_بذكاء #تربية_الأبناء #تربية_بحب❤️ #اباء_امهات #جيل_المستقبل #سن_المراهقة #تحديات_التربية #كوتش_تربوي_وأسري #أمهات_مصر #أمهات_الأطفال #كوتشينج_مصر #parentsofteensunderstand #parentingbymariam #parenthoodtip #parentalhack #teenschallenges #respectyourchild","#تربية_بذكاء,#تربية_الأبناء,#تربية_بحب❤️,#اباء_امهات,#جيل_المستقبل,#سن_المراهقة,#تحديات_التربية,#كوتش_تربوي_وأسري,#أمهات_مصر,#أمهات_الأطفال,#كوتشينج_مصر,#parentsofteensunderstand,#parentingbymariam,#parenthoodtip,#parentalhack,#teenschallenges,#respectyourchild",,,2023-12-17T19:16:57.000Z,91w
https://www.instagram.com/p/Cy1IlrWMIdt/,parentalhack,https://www.instagram.com/mariam.m.magdi/,mariam.m.magdi,#مدربة_تربية_ايجابية #مشاعر_الأطفال #تربيةالأبناء #اليوم_الدراسي #parenthoodjourney #parentalhack #parentingbymariam #schoolstruggles #kidsemotionsmatter,"#مدربة_تربية_ايجابية,#مشاعر_الأطفال,#تربيةالأبناء,#اليوم_الدراسي,#parenthoodjourney,#parentalhack,#parentingbymariam,#schoolstruggles,#kidsemotionsmatter",,,2023-10-25T17:29:59.000Z,98w
https://www.instagram.com/p/CHJnq4MBZm-/,parenthack,https://www.instagram.com/kidsaretheworst/,kidsaretheworst,"Parent hack: if you leave the wrappers in their bag, they’ll think it was them. Because parents put wrappers in the garbage. Ehhh?

#kidsaretheworst #momhack #parenthack","#kidsaretheworst,#momhack,#parenthack",,,2020-11-04T01:25:52.000Z,253w
https://www.instagram.com/p/DNQfq_XIBCa/,parenthack,https://www.instagram.com/myhomeneed/,myhomeneed,"Link in bio to shop 🛍️🛒👆
By @iamerineller 
⚠️A Please Contact Us Via DM For Credit or Removal.
#asmr #camping #campinghack #parenthack #cot#foldingbed #foldingchair #sportsmom
#homegadgets #outdoorgadgets #gadget","#asmr,#camping,#campinghack,#parenthack,#cot,#foldingbed,#foldingchair,#sportsmom,#homegadgets,#outdoorgadgets,#gadget",386,,2025-08-12T14:07:27.000Z,5w
https://www.instagram.com/p/DOnXvmPDQJp/,parenthack,https://www.instagram.com/fairy_feet_sa/,fairy_feet_sa,"🚨 GIVEAWAY TIME! 🚨

🌟 Ready to roll into your next family adventure in style?
We’re giving ONE lucky follower the chance to WIN a Jolly Trolley 4x4 Raptor – worth R2 899! 🙌

Perfect for:
✅ Beach days
✅ Camping trips
✅ Park picnics
✅ Sports days
✅ Or just hauling ALL the kids' stuff in one go!

🛞 Built for ALL terrains. Designed for MAX convenience.

🎉 How to enter:
🛞 Like this post ❤️
🛞 Follow @myjollytrolley & JOLLY Trolley 
🛞 Tag 2 friends who NEED this in their life 🌿
📢 Bonus entry: Share to your story and tag Fairy Feet & @fairy_feet_sa 

⏳ Entries close 22 Sept @ 08:00
📍Open to South Africa only

Let the good times (and trolleys) roll! 🎈
*T’s & C’s apply.

#JollyTrolley #FamilyAdventure #WinIt #Giveaway #4x4Raptor #OutdoorReady #ParentHack #HolidayMode","#JollyTrolley,#FamilyAdventure,#WinIt,#Giveaway,#4x4Raptor,#OutdoorReady,#ParentHack,#HolidayMode",584,,2025-09-15T07:52:06.000Z,1d
https://www.instagram.com/p/DLz5kt0uEIo/,parenthack,https://www.instagram.com/recommended.by.agnes/,recommended.by.agnes,"Comment ""PRIME"" for the links! 

Prime day starts tomorrow July 8-12th! ✨

Some of the sales have already started & others start tomorrow. Add to cart now before they sell out. ❤️

#primedaysale #toddlerparents #toddlermama #toddlermamas #toddlerparent #primeday2025 #parenthack","#primedaysale,#toddlerparents,#toddlermama,#toddlermamas,#toddlerparent,#primeday2025,#parenthack",165,,2025-07-07T15:04:24.000Z,10w
https://www.instagram.com/p/DOJAr1iDnNV/,parenthack,https://www.instagram.com/newbornprep101/,newbornprep101,"Your baby is on the move… now what? 🧸👣
Crawling, cruising, climbing—it all happens fast! 🏃‍♀️💨
Swipe through for a simple baby proofing guide to help make your home safer, room by room. 🏡🛡️

From anchoring furniture to hiding cords, these tips are designed to help you think like a baby (yes, really—get down on the floor and look around!) 🙃🔍

✨ Remember: baby proofing isn’t one-and-done. As your baby grows, your home safety plan should too!

📌 Save this post to come back to later—and share with a friend who’s in the thick of it too. 💛

•
•
•

#babyproof #babyproofing #babysafety #babyproofingtime #firsttimeparents #tipsforbabies #positiveparentingtips #parenthack #babymilestones #babymilestone 

—

Disclaimer: This post is for general educational purposes only and not a substitute for professional safety advice. Always consult your pediatrician or a certified childproofing expert for guidance specific to your home and child.","#babyproof,#babyproofing,#babysafety,#babyproofingtime,#firsttimeparents,#tipsforbabies,#positiveparentingtips,#parenthack,#babymilestones,#babymilestone",461,,2025-09-03T12:53:23.000Z,1w
https://www.instagram.com/p/DJXGTD2srRV/,parenthack,https://www.instagram.com/its.hollytweed/,its.hollytweed,"Parent Hack You’ll Love ❤️ 

Heading out on a day trip, long car journey or school run?

Pop a few ice lollies in a thermos with some ice – they’ll stay frozen for hours and save you from expensive snack stops! 🍦🧊

Budget friendly and guaranteed smiles from the kids. 

Tag a fellow parent who needs to try this!

#ParentHack #MumTips #FamilyTravelHacks #SchoolRunSnacks #MumLife #BudgetParenting #CarJourneyTips #DayTripEssentials #MumHack #LifeWithKids #CoolMumClub #ThermosTrick #MumOfMany #SnackHack #ParentingOnABudget","#ParentHack,#MumTips,#FamilyTravelHacks,#SchoolRunSnacks,#MumLife,#BudgetParenting,#CarJourneyTips,#DayTripEssentials,#MumHack,#LifeWithKids,#CoolMumClub,#ThermosTrick,#MumOfMany,#SnackHack,#ParentingOnABudget",13,,2025-05-07T17:34:49.000Z,18w
https://www.instagram.com/p/DNbeyOiSDsQ/,parenthack,https://www.instagram.com/thebrilliantdad/,thebrilliantdad,"THIS is your Parenting essentials kit for traveling with toddlers! Please enjoy each slide equally. I stand by all these! Each one can benefit you in a small or big way. 

And if you don’t have kids here’s my one tip for YOU. Noise canceling headphones. Your welcome

And let me know what I missed! On the way back I can make a part 2!!

#familytravels #momsofinstagram #relatable #travelingwithkids #parenthack #parenting #parentinghumor","#familytravels,#momsofinstagram,#relatable,#travelingwithkids,#parenthack,#parenting,#parentinghumor",298,,2025-08-16T20:31:20.000Z,4w
https://www.instagram.com/p/DMjfhRxvvBr/,parenthack,https://www.instagram.com/brookestribe/,brookestribe,"Say goodbye to car ride chaos! 🚗💚 The Spewy mat is your road trip bestie — perfect for little ones who get car sick. It catches the mess, so you can travel stress-free 🙌 

#SpewyOnTheGo #TravelWithKids #CarSickSolutions #ParentHack","#SpewyOnTheGo,#TravelWithKids,#CarSickSolutions,#ParentHack",2,,2025-07-26T03:00:10.000Z,7w
https://www.instagram.com/p/DOPQUFuEwtk/,parenthack,https://www.instagram.com/cosy.joey/,cosy.joey,"Got a toddler launching off the slide + a baby glued to your chest? 🫠 

Your hands are busy enough — let the Shady Baby Cover take care of sun safety. 
One less thing to juggle, so you can get back to snack negotiations + swing pushes. 🧡 

Launch is almost here 👀 
✨ Sign up to our email list via the link in bio to be first in line for access to an exclusive pre-launch drop ✨
#cosyjoey 
#shadybaby 
#handsfreeparenting 
#aussiemums 
#sunsafebubs 
#babywearing 
#parenthack","#cosyjoey,#shadybaby,#handsfreeparenting,#aussiemums,#sunsafebubs,#babywearing,#parenthack",16,,2025-09-05T23:05:24.000Z,1w
https://www.instagram.com/p/DOLqNshiKvQ/,parenthack,https://www.instagram.com/scrapples_snacks/,scrapples_snacks,"It's saved us a few times!

#parenthack #yourewelcome #scrapples","#parenthack,#yourewelcome,#scrapples",4,,2025-09-04T13:34:46.000Z,1w
https://www.instagram.com/p/DBmS_59RHXB/,parenthack,https://www.instagram.com/mambaby_nordic/,mambaby_nordic,"Parent hack 🙏 Our night pacifiers glows in the dark to help you (and your baby) to easy find the pacifier in the night. Just leave the pacifier in the light during the day and it will charge to glow! 💚

#lifehack #parenthack #pacifier","#lifehack,#parenthack,#pacifier",866,,2024-10-26T19:03:18.000Z,46w
https://www.instagram.com/p/DN7PrgHYqY8/,parenthack,https://www.instagram.com/tibatoes/,tibatoes,"Turn “are we there yet?” into calm and focus.

The Busy Board: your new travel essential. 💛

#BusyBoardOnTheGo #TravelWithToddlers #MontessoriAnywhere #ParentHack","#BusyBoardOnTheGo,#TravelWithToddlers,#MontessoriAnywhere,#ParentHack",,,2025-08-29T04:35:56.000Z,2w
https://www.instagram.com/p/DMXEl9nvujw/,parenthack,https://www.instagram.com/sheenslings/,sheenslings,"Accessory of the Week - Lenny Lamb Waist Bag

Suprisingly capacious, the Lenny Lamb Waistbag is an amazing accessory to level up your babywearing.  This beautiful soft bag clips at your waist (or can be worn across one shoulder) and will hold a tonne of stuff - easily a couple of nappies, a change of clothes, some wipes, plus your keys phone and a card.... possibly a change mat too if you've got a little fold down small one.  Basically everything thing you need to leave the house with baby.  Its genuninely a fab alternative to a big change bag for those who want to pack light and it works so well with all different types and styles of baby carriers, whether you are wearing little one on the front, hip or back

Find them in my webshop!
-Madeleine

#babywearing #babywearingaccessory #travelwithbaby #parenthack","#babywearing,#babywearingaccessory,#travelwithbaby,#parenthack",8,,2025-07-21T06:54:08.000Z,8w
https://www.instagram.com/p/CsWaqRVJ5Mw/,parenthack,https://www.instagram.com/bazzlebaby/,bazzlebaby,"Parent Hack🫶 for your baby that doesn’t take a paci, like JJ hehe!

Use a paci loop like this one from @bazzlebaby to make sure their fave toy stays close to them!!! 
Now I don’t have to worry about picking it up for him every 5 seconds 😂👏 

@bazzlebaby has cute color/design Paci Loop packs to choose from! The no-slip clip attaches to clothing, bibs, car seat and strollers!!! 

You have got to check out their website for baby-toddler goodies🫶 Link in Bio.

Did you learn something new today!?😄👏

#bazzlebaby #parenthacks #parenthack #paciclip #babymusthaves #babyboy #babytoys #babyessentials","#bazzlebaby,#parenthacks,#parenthack,#paciclip,#babymusthaves,#babyboy,#babytoys,#babyessentials",586,,2023-05-17T16:03:05.000Z,121w
https://www.instagram.com/p/DMDxW1fR-y5/,parenthack,https://www.instagram.com/theotbutterfly/,theotbutterfly,"This was my 8 year old daughter’s gymnastics summer camp morning routine. She had just learned how to pony tail her hair and how to hand wrap, but doing them both together on her own was new and took long. Setting out the items she needed in order made it so she was confident to try it by herself. 

Don’t be afraid to go back to basics- use visual tools to make multi-step tasks easier for your kids. Take baby steps to help them feel confident before expecting them to be independent. 

Some extra insights:
➡️ even if you think they “know” how to do a task, visual reminders can still go a long way in making the task more fluid
➡️ start small. You might try this for one part of your multi-step routine, eg in this example maybe just starting with the pony tail steps rather than merging 2 tasks together 
➡️ let them talk through their steps before they start the task- explaining their steps and thought process before can help boost their follow through 

Want more tips like this? Comment TEFOS for a free ticket to register for the top online executive functioning summit happening next month! 

#executivefunctioning #adhd #autism #independent #selfregulation #developmentalmilestones #pediatricOT #neurodiversity #neurodivergent #parenthack #dysregulation #motorplanning","#executivefunctioning,#adhd,#autism,#independent,#selfregulation,#developmentalmilestones,#pediatricOT,#neurodiversity,#neurodivergent,#parenthack,#dysregulation,#motorplanning",632,,2025-07-13T17:55:05.000Z,9w
https://www.instagram.com/p/DOLpUnhiD3W/,parenthack,https://www.instagram.com/wildkidsza/,wildkidsza,"Need an afternoon activity? Hand them the pieces and watch the magic happen. They’ll stay busy while you enjoy your tea while it’s still hot ✨

#wildkids #wildkidscapetown #creativeplay #openendedplay #modularsofa #playfurniture #kidswhoplay #afternoonactivity #endlessbuilds #parenthack","#wildkids,#wildkidscapetown,#creativeplay,#openendedplay,#modularsofa,#playfurniture,#kidswhoplay,#afternoonactivity,#endlessbuilds,#parenthack",22,,2025-09-04T13:26:58.000Z,1w
https://www.instagram.com/p/DOpo8PpD2NO/,parenthack,https://www.instagram.com/omielifeuk/,omielifeuk,"🍱 Meet the lunchbox kids (and parents) love – the OmieBox!

Keep hot food hot, cold food cold, and snacks perfectly packed all in one place. 🙌
With handy compartments and a built-in thermos, it makes healthy lunches easy and fun 🌟

Perfect for school, picnics, or days out — happy tummies guaranteed! 💛

Link n bio

#BebeLifestyle #OmieBox #LunchboxGoals #HealthyLunchMadeEasy #KidsLunchInspo #SchoolLunchSorted #BentoBoxStyle #ParentHack #SnackTimeReady #LunchboxLove","#BebeLifestyle,#OmieBox,#LunchboxGoals,#HealthyLunchMadeEasy,#KidsLunchInspo,#SchoolLunchSorted,#BentoBoxStyle,#ParentHack,#SnackTimeReady,#LunchboxLove",2,,2025-09-16T05:00:51.000Z,11h
https://www.instagram.com/p/DHzkjbGNAeW/,parenthack,https://www.instagram.com/lizzypalmatier/,lizzypalmatier,"Parent hack!

I put a few drops of baby shampoo in each of the paint colors. It didn’t change the texture of the paint during art time, but became super sudsy as soon as it came in contact with water. It made the color come off effortlessly. Babies loved it!

Happy art time! 

#parenthack #art #fingerpaints","#parenthack,#art,#fingerpaints",6,,2025-03-30T01:55:09.000Z,24w
https://www.instagram.com/p/DN8zxT2CKJl/,parenthack,https://www.instagram.com/yeahhhjoey/,yeahhhjoey,"Think we’ve nailed lack of babysitting, feed them at home/buy them juices and give them a tablet…equals two hours adult only time - follow us for more parent hacks 🤣✌🏼🫠 xxx",,18,,2025-08-29T19:09:39.000Z,2w
https://www.instagram.com/p/DOlaw0kDtcO/,parenthack,https://www.instagram.com/newbornprep101/,newbornprep101,"✨ The key to your baby’s sleep schedule? It’s all about knowing their cues! Understanding the difference between sleepy, tired, and overtired can make all the difference:

💤 Sleepy: Just the right time to settle down for a nap or bedtime. Look for subtle yawns, calm movements, or zoning out.

😴 Tired: They’re ready for sleep but may need some help winding down. You’ll see more rubbing of the eyes or fussiness.

😩 Overtired: They’ve passed their sweet spot. Cue meltdowns, difficulty falling asleep, and needing extra soothing.

Mastering these cues = smoother sleep transitions for both you and your baby! 🍼💤

•
•
•

#sleeptraining #babysleeping #babysleep #sleeptrainingsuccess #newbornlife #postpartumjourney #positiveparentingtips #parenthack #babyhack #babysleephacks #babysleeptips 

Post inspired by @kendamil.usa","#sleeptraining,#babysleeping,#babysleep,#sleeptrainingsuccess,#newbornlife,#postpartumjourney,#positiveparentingtips,#parenthack,#babyhack,#babysleephacks,#babysleeptips",200,,2025-09-14T13:39:59.000Z,2d
https://www.instagram.com/p/DNHkmlPIqp-/,parenthack,https://www.instagram.com/newbornmoms_/,newbornmoms_,"If only they were that grateful for every meal
🤣🤣🤣🤣⁠

🌺 Follow us @newbornmoms_ 
🌺 DOUBLE TAP ❤️ TAG YOUR FRIENDS!
⁠
📸: unknown⁠
⁠
#toddler #toddlertips #babytips #momsoftiktok#babytok #momof3 ⁠#babyhacks #newbornhack⁠ #parenthack #firsttimemom #newparents#momhack #momhacks #momtips #lifehack#babycrying #parenting #parent #parentingmemes#parentinglife #parentingreality #momsbeyond#momprobs","#toddler,#toddlertips,#babytips,#momsoftiktok,#babytok,#momof3,#babyhacks,#newbornhack,#parenthack,#firsttimemom,#newparents,#momhack,#momhacks,#momtips,#lifehack,#babycrying,#parenting,#parent,#parentingmemes,#parentinglife,#parentingreality,#momsbeyond,#momprobs",385,,2025-08-09T02:57:22.000Z,5w
https://www.instagram.com/p/DOi_JGgkbt2/,parenthack,https://www.instagram.com/busybabymat/,busybabymat,"Busy Baby is now at Walmart.com 🛒💙⁠
⁠
Shopping for mealtime game-changers just got easier.⁠
⁠
Find the Busy Baby Mat, Bib, Bungee & more — all trusted by parents and ⁠
perfect for gifts, travel, and toddler mealtime wins.⁠
https://www.walmart.com/brand/busybaby/10019355⁠
⁠
#BusyBabyGear #WalmartFinds #ParentHack #MealtimeMadeEasy #walmartpartner⁠
⁠","#BusyBabyGear,#WalmartFinds,#ParentHack,#MealtimeMadeEasy,#walmartpartner",2,,2025-09-13T15:00:31.000Z,3d
https://www.instagram.com/p/DOMABDPk6GU/,parenthack,https://www.instagram.com/crispygreensnacks/,crispygreensnacks,"Lunchbox MVPs right here! 

#CrispyFruit #Freezedriedfruit #cripsygreen #crispygreensnacks #lunchboxsnacks #allergenfree #healthoverhype #cleansnacks #lunchhack #parenthack","#CrispyFruit,#Freezedriedfruit,#cripsygreen,#crispygreensnacks,#lunchboxsnacks,#allergenfree,#healthoverhype,#cleansnacks,#lunchhack,#parenthack",15,,2025-09-04T16:45:23.000Z,1w
https://www.instagram.com/p/DOmje0wEsIv/,parenthack,https://www.instagram.com/schoolreadychild/,schoolreadychild,"Need an easy way to portion out snacks (and keep things fun)? Grab a muffin tray! Fill each cup with something different
grapes, crackers, cheese cubes, carrot sticks, pretzels, or even a dip.

Why it works:
- [ ] Keeps snacks balanced with variety.
- [ ] Makes healthy food more appealing and playful.
- [ ] Helps children learn about portion sizes without over-snacking.
- [ ] Perfect for siblings to share or for a little afternoon picnic at home.

Sometimes the simplest kitchen tools make the best parenting hacks. 

#ParentHack #SnackTimeWin #EasySnacksForKids #PlayfulEating #HealthyHabits #MomTips #DadHacks #ParentingMadeSimple #abudhabimums #dubaimums #uaekids #dubaikids #schoolreadychild","#ParentHack,#SnackTimeWin,#EasySnacksForKids,#PlayfulEating,#HealthyHabits,#MomTips,#DadHacks,#ParentingMadeSimple,#abudhabimums,#dubaimums,#uaekids,#dubaikids,#schoolreadychild",,,2025-09-15T01:15:06.000Z,1d
https://www.instagram.com/p/DOdMYnpDYn9/,parenthack,https://www.instagram.com/babyandchildstore/,babyandchildstore,"Who doesn't love a parent hack!? 👶

What is your favourite hack? Let us know in the comments ✨

#babyhack #parenthack #ukmums #ukdads","#babyhack,#parenthack,#ukmums,#ukdads",10,,2025-09-11T09:00:25.000Z,5d
https://www.instagram.com/p/DL-YF_dtp8d/,parenthack,https://www.instagram.com/hugelittleminds/,hugelittleminds,"Ever feel like you’re one whiny snack request away from losing it?
🎶 Try this instead: SING.
Yep, sing anything — your instructions, your irritation, even the chaos around you. Singing activates parts of your brain that help you shift from reactivity to regulation. It slows your breath, calms your nervous system, and interrupts the emotional spiral.
The wild part? It works on your kids too — they mirror your state.
Their self-regulation is still under construction. Yours isn’t.
Model calm. Lead the way.
✨ Tag a parent who needs this little brain hack today.
#Singinsteadofsnap #regulatebeforeyourelate #mindfulparenting #gentleparentingtools #parentingtips #parenthack #calmiscontagious #bigfeelings #emotionalkids #highlysensitivekids #meltdowns #calmparenting","#Singinsteadofsnap,#regulatebeforeyourelate,#mindfulparenting,#gentleparentingtools,#parentingtips,#parenthack,#calmiscontagious,#bigfeelings,#emotionalkids,#highlysensitivekids,#meltdowns,#calmparenting",16,,2025-07-11T16:43:30.000Z,9w
https://www.instagram.com/p/DKX5Uj8Js5u/,parenthack,https://www.instagram.com/realtimekids/,realtimekids,"👶🧠 Parent Hack: Narrate Everything!
Whether you’re a new parent or a seasoned pro, try this simple trick:

🗣️ Talk through everything you do with your baby.
Changing a diaper? “Now I’m taking off your diaper... let’s wipe clean!”
Bath time? “Here comes the warm water... splash splash!”

Why? It builds language skills, emotional security, and helps your baby anticipate routines — which makes transitions (like potty training, sleep, or feeding) much smoother.

🎯 Bonus: You’ll build a stronger connection, too.

It might feel silly at first, but your baby is soaking it all in. 🧽🧡

#ParentHack #GentleParenting #BabyDevelopment #EarlyLearning #ParentTips #TalkToYourBaby","#ParentHack,#GentleParenting,#BabyDevelopment,#EarlyLearning,#ParentTips,#TalkToYourBaby",,,2025-06-01T21:32:04.000Z,15w
https://www.instagram.com/p/DOjbG73isDj/,parenthack,https://www.instagram.com/pearandpanda_snacks/,pearandpanda_snacks,"🔞 Adult Only Content!! 🔞

(just kidding, ha!) So … while we set out for @pearandpanda_snacks to be for children from 12m+, there is in fact no upper age limit for who can enjoy them!

🍁 With the autumn weather kicking in lately, I don’t know about you, but I just want to get cosy on the sofa night with a warming drink and a comforting snack. 

🍁 I wanted to share my go-to hot choc recipe which I will be making later with a slice (or two!) of our Cocoa Oaty bar. The recipe is taken (and adapted slightly) from the ‘I quit Sugar’ recipe book by @_sarahwilson_ 

Swipe for the recipe & to check out the ingredients for our Cocoa Oaty, plus the other snack bars in our tasty ‘Week B’ selection.

🍐 The Cocoa Oaty snack bar is made with fresh pear and dried prunes which add sweetness and give natural energy. Rolled oats provide slow-release carbs to keep little ones full and energized. Cocoa powder and crunchy cacao nibs add a subtle chocolatey taste and satisfying texture — plus a boost of antioxidants - perfect for cough & cold season! 

#kidsnutrition #parenthack #lunchboxideasforkids #healthykids","#kidsnutrition,#parenthack,#lunchboxideasforkids,#healthykids",2,,2025-09-13T19:04:34.000Z,2d
https://www.instagram.com/p/DOigfLuDE-1/,parenthack,https://www.instagram.com/mums_unstuck/,mums_unstuck,"I’m going to continue to say this until people start listening….. 

Your anger is NOT a discipline tool!

When you yell in anger it is incredibly intimidating to your children…

 You think by shouting blue-murder it will show the kids how serious you are and how wrong their actions were….

The problem is children’s brains don’t absorb the  lesson you think you’re teaching ….

Instead it goes into survival mode. 

Their stress hormones spike, their heart races, and they focus on escaping the perceived threat: YOU. 

Instead of learning to listen, they learn to fear. Instead of feeling safe, they feel the need to escape and hide.

This isn’t the relationship you want.
And guess what… it isn’t what they want either 

So, what’s the alternative? 

➡️ Connection.

❌Connection doesn’t mean permissiveness. 

✅It means addressing behavior with firmness that is kind, rooted in respect and understanding. 

✅A connected child is more likely to listen, trust, and cooperate, not out of fear, but out of love.

👉Choose Connection Over Control every time!!!!!!

Instead of reacting with anger, stop yourself and CHOOSE to lean into connection. Ask yourself:

❓What is my child trying to communicate through their behavior?

❓What is driving their behaviour?

❓What do I need, to stay calm and in control of my own emotions so I can effectively parent right now?… because at the end of the day, where YOU lead is exactly where your children will follow.

Sharing is caring 🫶
Will you send this to a muma who’d benefit from this post? 🎁

#mumsunstuck #parenttruth #parenthack #connectionbeforecorrection #connectionovercontrol #muslimparenting #tarbiyyah #muslimhome #muslimahgrowth #muslimahgoals #muslimmothethood","#mumsunstuck,#parenttruth,#parenthack,#connectionbeforecorrection,#connectionovercontrol,#muslimparenting,#tarbiyyah,#muslimhome,#muslimahgrowth,#muslimahgoals,#muslimmothethood",430,,2025-09-13T10:32:17.000Z,3d
https://www.instagram.com/p/DOnfkkKEbQ8/,parenthack,https://www.instagram.com/brightpathkids/,brightpathkids,"🍼 Giveaway Alert 🍼⁠
⁠
September is Baby Safety Month, and we’re celebrating by giving YOU the chance to win some must-have safety essentials for your little one! 💖👶⁠
⁠
How to Enter:⁠
1️⃣ Follow @BrightPathKids on Instagram⁠
2️⃣ Tag a parent friend and share your favorite baby safety tip 🍼⁠
3️⃣ Bonus Entry: Share or Save this post ✅️⁠
⁠
That’s it! Enter as many times as you’d like, just tag a new friend in each comment. Only comments with a safety tip will count. 🛡️🌟⁠
⁠----‐--‐----------------------------------------------------------⁠
⁠
🌟THE PRIZE⁠⁠🌟⁠
⁠
🍼 Frida Baby Mobile Medicine Cabinet Travel Kit⁠
🍼 Safety 1st Child Proof Stove Knob Covers⁠
🍼 Safety 1st Electrical Outlet Baby Proof Covers⁠
🍼 Safety 1st Secure-to-Explore Adhesive Cabinet Locks⁠
🍼 Jool Baby Door Pinch Guards (6 Pack)⁠
🍼 Baby Locks (8-Pack) Child Safety Cabinet Proofing⁠
⁠
----‐--‐----------------------------------------------------------⁠
The contest ends at 11:59 p.m. on Thursday, September 25th, and the winner will be announced the following day! 📆⁠
⁠
⚠️ This giveaway is exclusive to Canada and the US and is not affiliated with Instagram. The contest winner will be messaged directly by @BrightPathKids. Please do not provide personal information to any account that is not @BrightPathKids.⁠ ⚠️⁠
⁠
#brightpath #brightpathkids #win #giveaway #contest #newparent #parenthack #babysafetymonth #babysafety #safeandsound #parentingtips #peaceofmind #giveawayalert #babygiveaway #parentinggiveaway #winforbaby #newparents #momlife #dadlife #parentingcommunity #parentingsupport #childcare #earlylearning","#brightpath,#brightpathkids,#win,#giveaway,#contest,#newparent,#parenthack,#babysafetymonth,#babysafety,#safeandsound,#parentingtips,#peaceofmind,#giveawayalert,#babygiveaway,#parentinggiveaway,#winforbaby,#newparents,#momlife,#dadlife,#parentingcommunity,#parentingsupport,#childcare,#earlylearning",109,,2025-09-15T09:00:33.000Z,1d
https://www.instagram.com/p/DOI6mKtE_AT/,parenthack,https://www.instagram.com/friosdallas/,friosdallas,Parent hack alert! Did you know Frios Pops are perfect for soothing teething tots? Share your own Frios hacks with us! #parenthack #friosjoy,"#parenthack,#friosjoy",,,2025-09-03T12:00:17.000Z,1w
https://www.instagram.com/p/DNkCQBEtNfe/,parenthack,https://www.instagram.com/sleeptightbabiesaustralia/,sleeptightbabiesaustralia,"Ready to be the ultimate baby gifting superhero? 🦸‍♂️ Our Deluxe Dingle Dangle Baby Gift Set is your secret weapon! With three amazing uses, this gift set will have parents and babies smiling. 🎁 Use code Dingle20 for 20% off your order today!

#dingledangle #babyshower #practicalgift #parenthack","#dingledangle,#babyshower,#practicalgift,#parenthack",8,,2025-08-20T04:15:12.000Z,3w
https://www.instagram.com/p/CHGPCyZBMM3/,parenthack,https://www.instagram.com/theotbutterfly/,theotbutterfly,"Parent hack!⁠⠀
⁠⠀
Screen use is at an all time high for every kid on the planet at this point. ⁠⠀
⁠⠀
Even I have whipped out the iPad for some academic ""play"" (aka some quiet mom time) a few times. ⁠⠀
⁠⠀
If you have a little one who's spending a lot of time on the ipad for games or even practicing writing, have them use a mini-stylus which mimics a broken crayon (aka encourages a mature grasp pattern) instead of using a pointer finger.⁠⠀
⁠⠀
I got this 20 (yes, they didn't come in any smaller!) pack from amazon (affiliate link in my bio).⁠⠀
⁠⠀
Tag a friend who needs this hack and maybe you can split the pack with!⁠⠀
⁠⠀
#pediot #finemotor #finemotorgrasp #tripodgrasp #pediatricot #spedtribe #sped #finemotordevelopment #earlychildhooddevelopment #milestones #specialeducation #occupationaltherapy #sped #spedtribe #parenthack #momhack #screentime #ipad #homeschool #homeschooling #distancelearning #virtuallearning #finemotorideas #finemotorskills⁠⠀","#pediot,#finemotor,#finemotorgrasp,#tripodgrasp,#pediatricot,#spedtribe,#sped,#finemotordevelopment,#earlychildhooddevelopment,#milestones,#specialeducation,#occupationaltherapy,#sped,#spedtribe,#parenthack,#momhack,#screentime,#ipad,#homeschool,#homeschooling,#distancelearning,#virtuallearning,#finemotorideas,#finemotorskills",289,,2020-11-02T17:52:08.000Z,254w
https://www.instagram.com/p/DOolc43iYu3/,parenthack,https://www.instagram.com/winzlekids/,winzlekids,"🎉 Something NEW is coming for creative kids everywhere… 👀

🚨 Get ready for a weekly contest where your child can SHOW OFF their creativity — and have a chance to WIN 💵 every single week!

🧩 Crafts, builds, challenges, and fun projects made by kids… Voted by YOU!

🔥 First contest drops soon — don’t miss it!
 👉 Follow @winzlekids to be the first to enter and win!

#WinzleKids #KidsContest #CreativeKids #KidsChallenge #STEMActivities #CraftyKids #FunForKids #ScreenFreeFun #ParentHack #WeekendWithKids #KidsCraftIdeas #KidsAtHome #ActivitiesForKids #IndependentPlay #KidsFun #ParentLife #Play #PlayAndLearn #Kids #STEM #STEAM #lego #kpop #CuriousKids #KidsCrafts #KidsActivities #win #WinMoney #Parenting #ParentingTips","#WinzleKids,#KidsContest,#CreativeKids,#KidsChallenge,#STEMActivities,#CraftyKids,#FunForKids,#ScreenFreeFun,#ParentHack,#WeekendWithKids,#KidsCraftIdeas,#KidsAtHome,#ActivitiesForKids,#IndependentPlay,#KidsFun,#ParentLife,#Play,#PlayAndLearn,#Kids,#STEM,#STEAM,#lego,#kpop,#CuriousKids,#KidsCrafts,#KidsActivities,#win,#WinMoney,#Parenting,#ParentingTips",3,,2025-09-15T19:11:07.000Z,21h
https://www.instagram.com/p/DM0KNPKsjru/,parenthack,https://www.instagram.com/core.cleaning/,core.cleaning,"No pool? 💦  No problem! 

Looking for fun ways to keep the kids cool this long weekend? 😎❄️

Check out these super fun ice activities from Happy Tot Shelf! Easy to create at home and guaranteed to keep the kiddos entertained for hours! 🧊

https://happytotshelf.com/cool-activities-with-ice/

#CoolKids #LongWeekendFun #SummerActivities #NoPoolNeeded #parenthack 
Happy Tot Shelf - Raising Happy Learners @happytotshelf","#CoolKids,#LongWeekendFun,#SummerActivities,#NoPoolNeeded,#parenthack",,,2025-08-01T14:01:08.000Z,6w
https://www.instagram.com/p/DOmBXReDzxV/,parenthack,https://www.instagram.com/little.k.co/,little.k.co,"This week I’ve been planning out little V’s meals, and I thought it would be fun to share his 18-month-old weekly menu 🍴✨ Along with the food, I’ve been loving this lunch box from @little.k.co —it makes packing and storing so much easier for me.
What I really appreciate:

🌱 Stainless steel design = non-toxic and safe
🫶 Easy to clean and no soaping smell
💧 Totally leak-proof (no mess in the bag!)
🧼 Dishwasher safe = easy clean up for busy moms
👦🏻 Ideally for kids 5+, but I still use it for V since the tighter suction helps keep everything super fresh
🍱 Multiple compartments so I can separate his meals without them touching

It’s been such a lifesaver for organizing meals while keeping food fresh and appetizing for my little one 💛 #kristalsiu #parenthack #toddlermeals #toddlermealideas #toddlermomlife #toddlerfoodideas #parentinghacks #momhack #momhacks #lunchboxforkids #lunchboxideas #lunchbox #canadianmom #supportcanadiansmallbusiness #torontomoms #torontomom","#kristalsiu,#parenthack,#toddlermeals,#toddlermealideas,#toddlermomlife,#toddlerfoodideas,#parentinghacks,#momhack,#momhacks,#lunchboxforkids,#lunchboxideas,#lunchbox,#canadianmom,#supportcanadiansmallbusiness,#torontomoms,#torontomom",4,,2025-09-14T19:17:18.000Z,1d
https://www.instagram.com/p/DNom63sysOE/,parenthack,https://www.instagram.com/niblii._/,niblii._,"Our colours, our vibes, our mantra: 
No nasties. No mess. No stress 🌈 

〰️

#SnackTimeSorted #ParentHack #MoodBoard  #ParentingMadeEasy #PlasticFree #LowToxLiving","#SnackTimeSorted,#ParentHack,#MoodBoard,#ParentingMadeEasy,#PlasticFree,#LowToxLiving",14,,2025-09-05T10:48:25.000Z,1w
https://www.instagram.com/p/DN64NV4FBdd/,parenthack,https://www.instagram.com/mblc.services/,mblc.services,"Parent Hack Thursday!
According to Maslow’s Hierarchy of Needs, children need to feel safe, calm, and connected before they can focus on academics. That’s where SEL and mindfulness come in.

Try reading an SEL story, such as Breathe Like a Bear, with your child. Afterward, guide them through a quick mindfulness practice, like taking three deep breaths together.

Why it works: Meeting social-emotional needs first strengthens a child’s sense of safety and belonging. In turn, this boosts focus, comprehension, and vocabulary growth when they read.

Meeting emotional needs first leads to stronger academic success.

#MamaBearsLearningCenter #ParentHack #SEL #Mindfulness #MaslowsHierarchy #ReadingComprehension #ParentTips #AcademicGrowth #teachingideas #sandiegomom #sandiegodad #teachingresources #teachingkids #reading #elementary #parentsupport #BackToSchool2025 #ʟᴇᴀʀɴɪɴɢᴛʜʀᴏᴜɢʜᴘʟᴀʏ #childdevelopment #ParentingHacks #sandiego #AcademicSupport #AcademicSuccess #BiteSizedLearning #HandsOnLearning #teacher #approved #teacherapproved","#MamaBearsLearningCenter,#ParentHack,#SEL,#Mindfulness,#MaslowsHierarchy,#ReadingComprehension,#ParentTips,#AcademicGrowth,#teachingideas,#sandiegomom,#sandiegodad,#teachingresources,#teachingkids,#reading,#elementary,#parentsupport,#BackToSchool2025,#ʟᴇᴀʀɴɪɴɢᴛʜʀᴏᴜɢʜᴘʟᴀʏ,#childdevelopment,#ParentingHacks,#sandiego,#AcademicSupport,#AcademicSuccess,#BiteSizedLearning,#HandsOnLearning,#teacher,#approved,#teacherapproved",4,,2025-08-29T08:23:48.000Z,2w
https://www.instagram.com/p/DLY8G5DPSrA/,parenthack,https://www.instagram.com/uviaquintero/,uviaquintero,"**Parent Hack of the Night** 💡💦
Spend \$15 on water guns 🔫 — best investment of the week! All 3 girls are deep into *water wars* and here's the real hack:
As they play, they mop the floors! 😆

That’s right — for 3 nights in a row, I’ve had sparkling clean floors *and* happy, bonding kids. Floors are squishy clean, girls are giggling, and I didn’t lift a mop. 🙌

You're welcome. 😎 #ParentHack #WaterGunWin #CleanHouseChaos","#ParentHack,#WaterGunWin,#CleanHouseChaos",2,,2025-06-27T03:47:03.000Z,11w
https://www.instagram.com/p/DHZS64NzEnI/,parenthack,https://www.instagram.com/sunshinehousecenters/,sunshinehousecenters,"Parent Hack! 🌸 Quick fixes for a smoother spring! 🌷 

You may notice your family's routine start to change as spring approaches, with daylight increasing and weather getting warmer. Here are some quick tips to help everyone adjust:

1. Wake-up time: If early sunrises are waking up your little ones, try blackout curtains for some extra sleep.

2. Meal time: After-school and outdoor activities increase with warmer weather, giving you less time in the kitchen. Prep ahead with your favorite crockpot recipes, ready to serve when you get home. Or fire up the grill so you can cook while spending time outside with your kids.

3. Rainy day fun: Keep indoor activities ready—think board games, baking, or a scavenger hunt to keep kids entertained when the weather’s unpredictable.

Tell us what works best for your family in the comments below! 

#parenthack #parenttips #spring #springparenthack #routinehack","#parenthack,#parenttips,#spring,#springparenthack,#routinehack",2,,2025-03-19T21:01:08.000Z,25w
https://www.instagram.com/p/DNVlPlQsVcf/,parenthack,https://www.instagram.com/nannyemmyblog/,nannyemmyblog,"👀Your Secret Weapon for a stress-free day out with the kids. Weddings ✅ Parties ✅ Theatre ✅ London adventures ✅
We keep the children happy so you can enjoy the moment.

 #ExtraPairOfHands #LondonWithKids #ParentHack #StressfreeParenting #WeddingWithKids #ToddlerLife #LondonEvents #FamilyDayOut #LondonFamilies","#ExtraPairOfHands,#LondonWithKids,#ParentHack,#StressfreeParenting,#WeddingWithKids,#ToddlerLife,#LondonEvents,#FamilyDayOut,#LondonFamilies",,,2025-08-14T13:32:19.000Z,4w
https://www.instagram.com/p/DN_nqxBEU6a/,parenthack,https://www.instagram.com/gab_bby2/,gab_bby2,When you don’t feel like driving OR wasting $$ on fast food… welcome to Mom’s Drive-Thru! 🍎🍟🎁 #HappyMealAtHome #ParentHack# #childhoodmemories# #FacebookPage# #happymeal# @mcdonalds,"#HappyMealAtHome,#ParentHack,#childhoodmemories,#FacebookPage,#happymeal",,,2025-08-30T21:21:37.000Z,2w
https://www.instagram.com/p/DCV7f8LvgVe/,parenthack,https://www.instagram.com/mlbccollection/,mlbccollection,"PARENT HACK ✨

Folding baby clothes with love and care, one tiny fold at a time 👶🏻🍼

#babyclothes #mlbccollection #mlbabyclothescollection #parenthack #foldingbabyclothes","#babyclothes,#mlbccollection,#mlbabyclothescollection,#parenthack,#foldingbabyclothes",,,2024-11-14T07:01:36.000Z,43w
https://www.instagram.com/p/DNJcJDTsLBs/,parenthack,https://www.instagram.com/toponlineorganization/,toponlineorganization,Link in bio to shop @toponlineorganization for more 👆🏻✨🛍️❤️🛒 ⚠️ Please Contact Us Via DM Removal. For Credit or All Rights and Crevits To The Respective Owner(s) #asmr #camping #campinghack #parenthack #cot #foldingbed #foldingchair #sportsmom #homegadgets #outdoorgadgets #gadget,"#asmr,#camping,#campinghack,#parenthack,#cot,#foldingbed,#foldingchair,#sportsmom,#homegadgets,#outdoorgadgets,#gadget",606,,2025-08-09T20:21:54.000Z,5w
https://www.instagram.com/p/DOVNI50jO99/,parenthack,https://www.instagram.com/calliegifts/,calliegifts,How absolutely beautiful is Blossoms new personalised backpack from @calliegifts Bunny & Blossom certainly approve. So practical to store her toys. The quality is amazing & I know it will last us for many years to come ✨ you can use code wish12po for 15% off 🫶🏽 AD | #mummydiaries #mumblog #mummybloggeruk #fyp #contentcreator #mummyblog #parenthack #personalised #ad,"#mummydiaries,#mumblog,#mummybloggeruk,#fyp,#contentcreator,#mummyblog,#parenthack,#personalised,#ad",563,,2025-09-09T07:40:25.000Z,1w
https://www.instagram.com/p/DObJ8pEjdMS/,parenthack,https://www.instagram.com/boct.official/,boct.official,"✨ BOCT GIVEAWAY ✨
Life gets busy — between work, family, and everything in between, it’s easy to lose track of time. 💭

That’s why we want to gift one lucky winner a BOCT Digital Calendar — your gentle reminder and daily companion to keep life a little more organized and a lot less stressful. 💖

Here's how to enter:
1️⃣ Like this post
2️⃣ Comment BOCT below
3️⃣ Follow @boct.official
⏰ Giveaway ends: September 25th.

📦 (Available for shipping in US. only)
🎁 Prize: BOCT Digital Calendar
📢 Winner will be announced on our page

A little gift to bring more warmth and ease into your everyday. 🌿✨

#giveaway #giveawaytime #giveaways #giveawayusa #giveawayalart #giveawayhunter #iggiveaway #BOCT #boctdigitalcalendar #digitalcalendar #digitalplanner #mom #momlife #savetime #familythings #parent #dad #dadlife #parenthack #backtoschool #parentinglife #familylife #parentingtips #momhack #ecalendar","#giveaway,#giveawaytime,#giveaways,#giveawayusa,#giveawayalart,#giveawayhunter,#iggiveaway,#BOCT,#boctdigitalcalendar,#digitalcalendar,#digitalplanner,#mom,#momlife,#savetime,#familythings,#parent,#dad,#dadlife,#parenthack,#backtoschool,#parentinglife,#familylife,#parentingtips,#momhack,#ecalendar",179,,2025-09-10T14:00:39.000Z,6d
https://www.instagram.com/p/DMI3Ag8i4jg/,parenthack,https://www.instagram.com/wonjo.kids/,wonjo.kids,"Worried about the summer slide? ☀️ Keep your kids learning and having fun all summer with these 5 simple tips!

Don’t miss the WonJo Kids app + FREE summer kit packed with offline activities.📲Download now link in bio!

#WonjoKids #SummerSidekick #FreePrintables #SummerWithKids #CreativePlay #ParentHack #SmartFun","#WonjoKids,#SummerSidekick,#FreePrintables,#SummerWithKids,#CreativePlay,#ParentHack,#SmartFun",35,,2025-07-15T18:26:04.000Z,8w
https://www.instagram.com/p/DOV5hVMjpiN/,parenthack,https://www.instagram.com/newbornprep101/,newbornprep101,"Motherhood is better together 💕☀️☕️ Whether it’s sharing laughs, stories, or tips (or even chatting about poop 😅), moms just get each other. Tag a mom friend you couldn’t do this journey without! 👯‍♀️✨ 

•
•
•

#momfriends #parentlife #momsquad #motherhoodunfiltered #momlife #bestieswithbabies #babylife #newbornlife #firsttimeparents #positiveparentingtips #parenthack #babyhack #uppereastsidemoms #momfriend #momfriendsarethebestfriends 

Post inspired by @yourbabyclubus","#momfriends,#parentlife,#momsquad,#motherhoodunfiltered,#momlife,#bestieswithbabies,#babylife,#newbornlife,#firsttimeparents,#positiveparentingtips,#parenthack,#babyhack,#uppereastsidemoms,#momfriend,#momfriendsarethebestfriends",3432,,2025-09-08T13:00:54.000Z,1w
https://www.instagram.com/p/DK8055Lp3l4/,parenthack,https://www.instagram.com/gatheressentialsph/,gatheressentialsph,"First foods feel less overwhelming when you have the right tools (and the right cuts!). 💛 Here’s a simple guide to support your baby’s first bites. You’ve got this — and NumNum is here every step of the way.

#numnumbaby #numnum #babyledweaningjourney #firstfoods #firstfoodsforbaby #parentlife #parentalk #parenttips #parenthack #parenthacks","#numnumbaby,#numnum,#babyledweaningjourney,#firstfoods,#firstfoodsforbaby,#parentlife,#parentalk,#parenttips,#parenthack,#parenthacks",13,,2025-06-16T05:45:22.000Z,13w
https://www.instagram.com/p/CBYvZvWFkyU/,parenthack,https://www.instagram.com/theparentpack/,theparentpack,"💡Parent Hack💡
I hate throwing away old crayons! Here’s a great idea to reuse! 🦕 
We have put a link in our bio to a similar mould on Amazon. 
This was shared by Nikki Lackey on a group in the US. 
Affiliate Link #dinosaur #reuse #recycle #crayons #parenthack","#dinosaur,#reuse,#recycle,#crayons,#parenthack",120,,2020-06-13T19:12:51.000Z,274w
https://www.instagram.com/p/DOqWD5Vj8n6/,parenthack,https://www.instagram.com/babybumshower/,babybumshower,"Less time, Less Effort.

When using the BBS device,  it lessens the time of cleaning and requires less effort plus helping to save the environment without using more chemicals.

#bbs #babybumshower #nappychangingmadeeasy #nappychanging #diaperchanging #portablebabybidet #babybidet #parenthack #parentingessentials #baby #babyshowergift","#bbs,#babybumshower,#nappychangingmadeeasy,#nappychanging,#diaperchanging,#portablebabybidet,#babybidet,#parenthack,#parentingessentials,#baby,#babyshowergift",,,2025-09-16T11:35:07.000Z,5h
https://www.instagram.com/p/DLACl0lootO/,parenthack,https://www.instagram.com/mums_unstuck/,mums_unstuck,"I think the internet when used wisely, is awesome and gives us many awesome opportunities that we didn’t have maybe 10, 20 years ago…

Although I look back at my own parenting journey as a mother and see so many things I wish I knew 20 years ago that would have been helpful, at the same time I look back and in a lot of ways I’m glad social media wasn’t a thing when I was a young mum…

I think today we have reached a point where we no longer trust our natural instincts as mothers, we think we need to buy something to help our children learn and grow and get ahead….

Ladies, let me tell you, the BEST things you can do for your young children are FREE 

You don’t need a fancy toy or gadget, you certainly don’t need an iPad!!! 

The best things you can do to nurture your children and give them a head start is to: 

Talk lots
Play lots
Read aloud lots 
Walk in nature lots
Visit the park lots
Invite curiosity
Teach good manners 

And, through all the above, teach them about Allah 

We are sadly, living in a time where teachers are complaining kids at age 4 and 5 are starting school unable to speak in full sentences, and when given a book try to swipe it!!!! 

Why do you think that is? 

Because as mumas, we’re not engaging with our young children…

We’re not talking to them anymore.

We’re taking them out for dinner at a restaurant and giving them a phone or tablet to watch videos instead of interacting with them at the table 

Honestly ladies, put tablets and phones away. And bring out the books. Bring out the wooden building blocks. Go out for walks together and pick wild flowers. Go for walks together and count the cars or name their colours. 

The best thing you can do to give your children the best head start, is to be with them, engage with them, talk to them, play with them. 

That’s how their vocabulary will grow. 
That’s how they will learn. 
That’s how you both will connect and build a bond. 

Simple things = the BIGGEST impact 🫶

#mumsunstuck #raisingtoddlers #raisingmuslims #raisingmuslimkids #tarbiyyah #muslimhomeschool #workingmuslimah #muslimparent #muslimparenting #muslimfamily #muslimhome #parenting101 #parenthack","#mumsunstuck,#raisingtoddlers,#raisingmuslims,#raisingmuslimkids,#tarbiyyah,#muslimhomeschool,#workingmuslimah,#muslimparent,#muslimparenting,#muslimfamily,#muslimhome,#parenting101,#parenthack",249,,2025-06-17T11:42:43.000Z,13w
https://www.instagram.com/p/DOF7rLzDPcF/,parenthack,https://www.instagram.com/officialfamilyvillage/,officialfamilyvillage,"Leuke nieuwe horecahotspot in het fantastische Darwinpark! Hier kun je als ouder nou echt even de boel de boel laten en genieten van een bakkie, want de kinderen kunnen los in de speeltuin. Klauteren, spetteren en graven; het kan allemaal. Lekker toch, dat hebben de kids (en wij ook) af en toe gewoon even nodig. De hapjes zijn trouwens ook erg lekker! Blij met deze nieuwe stek. 
#familyvillage #parenthack #horeca #darwinpark #genieten #spelen #samenkomen #koffie #thee #letgo","#familyvillage,#parenthack,#horeca,#darwinpark,#genieten,#spelen,#samenkomen,#koffie,#thee,#letgo",61,,2025-09-02T08:11:52.000Z,2w
https://www.instagram.com/p/DOLmVaZjeKX/,parenthack,https://www.instagram.com/thesarahshell/,thesarahshell,"‼️BIG NEWS: Baby Safety 101 was just released⤵️Get your free copy / Why you need it / Why I’m especially proud of this launch

The @babysafetyfoundation brought together respected pediatric and ER physicians and leading baby safety experts to gather the MOST ESSENTIAL BABY SAFETY TIPS and simplify them IN ONE PLACE. 

🧡It’s free
🧡It takes less than an hour to read the whole thing
🧡It could save your child’s life

⭐️If my child had a child, I’d absolutely make them read this. But for now, I’m doing my best to make you read it.

🤩There’s so much noise and misinformation out there. It’s overwhelming to know who to trust. This manual CUTS THROUGH THE CHAOS and CLUTTER. 

🌈On a personal note: As Vice-Chair of the Baby Safety Foundation (formerly JPMA Cares), this was a project especially dear to me. I have met many parents of child loss and one thing became very clear: it was the smallest bit of seemingly insignificant knowledge that could have saved their children, but that knowledge was usually mixed in with the noise. They were at the forefront of my mind in putting this clear and simple manual together. The beating heart that pushed this forward. The knowledge that SAFETY PREVAILS OVER LUCK, and perhaps this is a parent’s missing piece in that challenge. 

Go to http://babysafety101.org, scan the QR code, or go to our link in bio.

#babysafetymonth @babysafetyalliance #babysafety101 #babysafety #parenthack #bsm2025 #BABYSAFETYMONTH2025","#babysafetymonth,#babysafety101,#babysafety,#parenthack,#bsm2025,#BABYSAFETYMONTH2025",35,,2025-09-04T13:00:51.000Z,1w
https://www.instagram.com/p/DOcupc6CjOD/,parenthack,https://www.instagram.com/allthingschristmas/,allthingschristmas,"✨ Parent Hack of the Year ✨⁠
No more late-night panic about moving the elf 🙈⁠
Our Santa’s Little Spy Kit has everything you need – just open the box, set up the fun, and take all the credit 🎅😉⁠
⁠
🎁 Use code EARLY25 for £5 OFF your box today!⁠
⁠",,2,,2025-09-11T04:40:51.000Z,5d
https://www.instagram.com/p/CLhTZgPFtT6/,parenthack,https://www.instagram.com/thatparentpage/,thatparentpage,"Parent Hack 💥! If your teething toy has some hole where water can get in, then don't wash it. Instead wipe it with wipes dipped into sterilising liquid. This way you will prevent mould growing inside. 
By the way, how cute is this alternative @sophiethe_giraffe teething toy? Baby Dilara loves it :)

.
.
.
.
#Parenthood #parenting #parenthack  #pandemicpregnancy  #pregnantinapandemic  #parentsofinstagram #funnyparents #mumlife  #thatparentpage #abirthandbeyond  #37weekspregnant #38weekspregnant #39weekspregnant #40weekspregnant #41weekspregnant  #lockdownbaby #newmum #firsttimemum #borninlockdown #lockdownpregnancy #thirdtrimester  #disposablewipes #compostablewipes #environmentalwipes  #fourthtrimester @miltonbabyuk","#Parenthood,#parenting,#parenthack,#pandemicpregnancy,#pregnantinapandemic,#parentsofinstagram,#funnyparents,#mumlife,#thatparentpage,#abirthandbeyond,#37weekspregnant,#38weekspregnant,#39weekspregnant,#40weekspregnant,#41weekspregnant,#lockdownbaby,#newmum,#firsttimemum,#borninlockdown,#lockdownpregnancy,#thirdtrimester,#disposablewipes,#compostablewipes,#environmentalwipes,#fourthtrimester",52,,2021-02-21T10:17:48.000Z,238w
https://www.instagram.com/p/DKICmxqt6gn/,parenthack,https://www.instagram.com/toddlersensesutton/,toddlersensesutton,"👍 Parent hack 👍

I shared this previously but thought I’d re-share in case you missed it last time. 

Top tip - you lift up the flaps on the juice carton and then the child holds the flaps, rather than the carton.  This means they don’t squeeze the contents of the drink all over themselves 🎉

Did you know this already?  It’s been a game changer for us!

Tag a friend who you think would find this useful 👍

#toddlersensesutton #toddlerfun #toddlergram #summerfun #activekids #toddlerlife #familyfun #funinthesun #parenthack","#toddlersensesutton,#toddlerfun,#toddlergram,#summerfun,#activekids,#toddlerlife,#familyfun,#funinthesun,#parenthack",15,,2025-05-26T17:45:21.000Z,16w
https://www.instagram.com/p/DNhKiiJhza7/,parenthack,https://www.instagram.com/niblii._/,niblii._,"Big things… 👀

〰️

#Niblii #SnackTimeSorted #ParentHack #MumLife #DadLife #ParentingMadeEasy","#Niblii,#SnackTimeSorted,#ParentHack,#MumLife,#DadLife,#ParentingMadeEasy",13,,2025-09-09T00:29:42.000Z,1w
https://www.instagram.com/p/DMYbt9rIgiq/,parenthack,https://www.instagram.com/daisyfirstaidcornwall/,daisyfirstaidcornwall,"⚐ Send help! 😂

#mummeme #funnymummy #parenting #parenthack #dadlife #mumlife #toddlermum #toddlerdad","#mummeme,#funnymummy,#parenting,#parenthack,#dadlife,#mumlife,#toddlermum,#toddlerdad",6,,2025-07-21T19:35:26.000Z,8w
https://www.instagram.com/p/DM_lJkOuSew/,parenthack,https://www.instagram.com/prompt_mama/,prompt_mama,"Oh hey! First day of school is tomorrow and guess what? My husband’s sicker than a dog 🐶🤒 and I’m running the solo parent Olympics over here 🏃‍♀️💨

If you’re in the same boat one day — juggling drop-offs, daycare, work calls, dinner, and maybe checking in on the patient without catching the plague — this prompt will save your sanity.

📸 Take a screenshot or copy/paste it into your favorite AI platform (ChatGPT, Gemini, Claude, etc.) and let it help you do it all-ish 💁‍♀️✨

👇 Prompt to Copy 👇

💬 “I’m solo parenting right now because my partner is sick and needs rest. Please help me:
	1.	Create a flexible but realistic schedule for the kids (include school/daycare routines, quiet play, optional screen time, bath and bedtime)
	2.	Suggest comforting ways to check in on the sick person without getting sick myself
	3.	Give me 5 fast, healthy-ish meals or snacks with minimal cleanup
	4.	Offer tips to manage remote work (esp. a big call at 10am)
	5.	Bonus: Add a self-care reminder I can do in under 5 minutes”

👊 You got this, mama.

#PromptMama #MomLife #AIforParents #SoloParenting #SickSeasonStruggles #BackToSchoolChaos #ParentHack #MomHumor #RealLifeMagic #ChatGPTPrompt","#PromptMama,#MomLife,#AIforParents,#SoloParenting,#SickSeasonStruggles,#BackToSchoolChaos,#ParentHack,#MomHumor,#RealLifeMagic,#ChatGPTPrompt",5,,2025-08-06T00:28:13.000Z,5w
https://www.instagram.com/p/DNZmQFXOEJH/,parenthack,https://www.instagram.com/thesweetcarseat/,thesweetcarseat,"✨Introducing: The Sweet Car Seat!✨
From snack crumbs to sticky spills, we make messy seats sweet again 🍭🚗🧼
Follow along for upcoming booking dates, cleaning tips, and the sweetest transformations. #TheSweetCarSeat
•
•
•
#SweetCleanSeats #SupportLocal #SmallBusinessLove #MessyToSweet #CarSeatCleaning #SnackCrumbsEverywhere
#MessyToSweet #CleanCarGoals #SpotlessSeats #MomLifeUnfiltered #FamilyCarCare #StickyFingersClub
#SnackCrumbsEverywhere #ParentHack #MomLifeUnfiltered #SupportLocal #MadeInLexington #MomLifeMadeSweeter #lexingtonky #carseat #carseatdetailing #carseatdeepcleaning #cleanwithme #lexingtonkentucky","#TheSweetCarSeat,#SweetCleanSeats,#SupportLocal,#SmallBusinessLove,#MessyToSweet,#CarSeatCleaning,#SnackCrumbsEverywhere,#MessyToSweet,#CleanCarGoals,#SpotlessSeats,#MomLifeUnfiltered,#FamilyCarCare,#StickyFingersClub,#SnackCrumbsEverywhere,#ParentHack,#MomLifeUnfiltered,#SupportLocal,#MadeInLexington,#MomLifeMadeSweeter,#lexingtonky,#carseat,#carseatdetailing,#carseatdeepcleaning,#cleanwithme,#lexingtonkentucky",3,,2025-09-06T04:04:16.000Z,1w
https://www.instagram.com/p/DOoFLuwDPtQ/,parenthack,https://www.instagram.com/nexusstroller/,nexusstroller,"Ever tried folding a stroller one-handed while holding your baby, diaper bag, and keys?
We have. That’s why Nexus folds in one smooth motion because parenting is already a juggling act, and your stroller shouldn’t make it harder.

📊 Fun fact: 80% of UK parents say “easy fold” is their #1 stroller must-have. We designed Nexus to be exactly that simple, frustration-free, and built for real life.

👉 See how it works at www.nexusstroller.com

#ParentHack #NexusStroller #ModernParenting","#1,#ParentHack,#NexusStroller,#ModernParenting",,,2025-09-15T14:29:08.000Z,1d
https://www.instagram.com/p/DOqg2yuEfCZ/,parenthack,https://www.instagram.com/pausethemess/,pausethemess,"So fresh and so clean (we know… you just sang it in your head). Throwback to our Outkast glory days when life was messy in a different way.

Fast forward to parent life — now the mess looks like snack crumbs, sticky floors, and laundry piles. That’s where we come in.

Pause the mess. Keep the good times rolling. 💛",,3,,2025-09-16T13:09:26.000Z,3h
https://www.instagram.com/p/DOM4pmRlHOS/,parenthack,https://www.instagram.com/mblc.services/,mblc.services,"Parent Hack Thursday – Part Two!

Last week, we talked about how meeting children’s social-emotional needs (Maslow’s Hierarchy) helps them feel safe and ready to learn.

This week’s hack: Breathing Techniques.

Simple strategies like Finger Breathing, Hot Cocoa Cool Down, and Flower Breathing can help kids regulate their emotions in the moment.

Why it works: When children calm their bodies first, their brains are more open to focus, problem-solve, and build academic skills with confidence.

Meeting emotional needs = Stronger academic growth.

#MamaBearsLearningCenter #ParentHack #MindfulnessForKids #MaslowsHierarchy #SEL #ParentTips #AcademicGrowth #emotionalhealth #emotionalwellbeing #emotionalintelligence #teacherapproved #SanDiegoKids #teachingideas #middleschool #firstdayofschool #sandiegomom #teaching #sandiegodad #teachingresources #teachingkids #BackToSchool2025 #parentsupport #parentingtips #childdevelopment #ParentingSupport #ParentingHacks #sandiego_ca #sandiego #AcademicSupport","#MamaBearsLearningCenter,#ParentHack,#MindfulnessForKids,#MaslowsHierarchy,#SEL,#ParentTips,#AcademicGrowth,#emotionalhealth,#emotionalwellbeing,#emotionalintelligence,#teacherapproved,#SanDiegoKids,#teachingideas,#middleschool,#firstdayofschool,#sandiegomom,#teaching,#sandiegodad,#teachingresources,#teachingkids,#BackToSchool2025,#parentsupport,#parentingtips,#childdevelopment,#ParentingSupport,#ParentingHacks,#sandiego_ca,#sandiego,#AcademicSupport",3,,2025-09-05T03:19:02.000Z,1w
https://www.instagram.com/p/DM6S7-fykmz/,parenthack,https://www.instagram.com/_thecabro/,_thecabro,"If you’re a dual career family, how do you make it work? I’m often asked how I manage a full-time job, two young children, and a growing social media presence. What works for my family may not work for yours—and that’s okay. I recognize I have certain privileges, including financial resources, a supportive partner, and access to services not everyone has. Much of what I’ve learned comes from this community, and my hope is that we keep sharing what works for each of us. So, here’s how we make it work.

#fyp #workingmom #corporatemom #techmom #atlmom #sfmom #chimom #dcmom #nycmom #parenthack","#fyp,#workingmom,#corporatemom,#techmom,#atlmom,#sfmom,#chimom,#dcmom,#nycmom,#parenthack",876,,2025-08-03T23:12:54.000Z,6w
https://www.instagram.com/p/DOUj7s3iVZw/,parenthack,https://www.instagram.com/tidyseatslanc/,tidyseatslanc,"You scored big at WeeUsables, now let us handle the rest. 🌟

That amazing second-hand deal deserves a fresh start. Whether it’s a car seat or a stroller, I’ll deep clean and sanitize every nook and cranny so it’s safe, spotless, and ready for your little one. 🧽🫧

Because peace of mind is priceless. 💕

📲 Book your clean today and enjoy your new find worry-free!",,10,,2025-09-08T00:33:01.000Z,1w
https://www.instagram.com/p/DOVNVH7jEfo/,parenthack,https://www.instagram.com/littlebirdtoldmetoys/,littlebirdtoldmetoys,"✨GIVEAWAY TIME✨
We are extremely excited to be teaming up with the most wonderful toy company @littlebirdtoldmetoys 

As you can see Blossom absolutely adored Hubert. If your child loves sensory this is especially for you with so many sensory parts.

For your chance to win your very own Hubert the Rocking Highland Cow see details below🍀

All you have to do is 
- Like this post 
- FOLLOW @livinglifewithlucyx & @littlebirdtoldmetoys 
- Tag a friend (each tag is an entry) 
- Share to your stories for an extra entry 

The winner must be UK based.
Competition ends on the 21st September 9pm GMT. 
The winner will then be announced by myself on the 22nd September. 
“This giveaway is in no way sponsored, endorsed, or administered by, or associated with, Instagram.” 

GOOD LUCK💫",,,,2025-09-08T06:34:46.000Z,1w
https://www.instagram.com/p/DNKfPQsOTK7/,parenthack,https://www.instagram.com/mycarrypotty/,mycarrypotty,"Over the moon that @mollymae shared our potty on her story! 🦌✨

Seeing her talk about three days with no nappy and not a single accident while using one of our potties fills us with so much pride. This is exactly why we created our portable potty range, to give parents and little ones the confidence to go anywhere without the stress of accidents!

This custom Bambi design has been such a hit, and we’ve been absolutely overwhelmed with requests for personalised options. 

We’re so excited to announce that we’re working on launching a full customisation service in the near future! 👀✨ Imagine having your little one’s favourite character, their name, or a completely bespoke design on their very own portable potty.

Thank you Molly Mae for showing how practical parenting gear can be both functional AND beautiful. Your support means the world to our small business, and we love seeing how our potties are helping families like yours thrive during those crucial potty training days.

Keep your eyes peeled for our customisation launch - we can’t wait to help make every little one’s potty training journey as special and unique as they are! 💕

#mollymae #pottytraining #toddler #parenthack #kids #baby","#mollymae,#pottytraining,#toddler,#parenthack,#kids,#baby",658,,2025-08-10T06:08:12.000Z,5w
https://www.instagram.com/p/DLLCKh_tVIe/,parenthack,https://www.instagram.com/newbornmommylife/,newbornmommylife,"EVERY TIME!!!⁠

🌺 Follow us @newbornmommylife
🌺 DOUBLE TAP ❤️ TAG YOUR FRIENDS!
⁠
Credit 📷 unknown⁠
⁠
#momsoftiktok #babytok #momof3 ⁠#babyhacks#newbornhack⁠ #parenthack #firsttimemom#newparents⁠ #momhack #momhacks #momtips#lifehack #babycrying #parenting #parent#parentingmemes #parentinglife #parentingreality#momsbeyond #momprobs #momsbelike#momsofinstagram #parentsofinstagram#Parentingtips #dadlife #mommytobe #momgoals#momlife #babysitters #breastfeedingmom","#momsoftiktok,#babytok,#momof3,#babyhacks,#newbornhack,#parenthack,#firsttimemom,#newparents,#momhack,#momhacks,#momtips,#lifehack,#babycrying,#parenting,#parent,#parentingmemes,#parentinglife,#parentingreality,#momsbeyond,#momprobs,#momsbelike,#momsofinstagram,#parentsofinstagram,#Parentingtips,#dadlife,#mommytobe,#momgoals,#momlife,#babysitters,#breastfeedingmom",116,,2025-06-21T18:10:36.000Z,12w
https://www.instagram.com/p/DLNDP7quIVb/,parenthack,https://www.instagram.com/newbornprep101/,newbornprep101,"☀️Summer with a newborn? We’ve got you covered!👶🏻💛

Keep your little one safe and comfy this summer with these 10 essential tips:
✨ Dress baby in lightweight, breathable cotton🌬️
✨ Breastfeed or bottle-feed more often to keep them hydrated🍼
✨ Avoid direct sunlight—shade is your best friend🌴
✨ Use baby-safe sunscreen (6+ months)☀️
✨ Provide shade with canopies or stroller covers⛱️
✨ Watch for signs of overheating🥵
✨ Cool them off with a lukewarm bath or damp cloth🚿
✨ Use insect protection like mosquito nets🦟
✨ Check surfaces for heat before placing baby on them🚗
✨ Keep indoor spaces cool with fans or AC❄️

🌈 Enjoy the sunshine safety! Share these tips with a friend!🌼

—

Always consult your pediatrician for personalized advice and before introducing sunscreen or insect repellent to your baby. 

•
•
•

#summerbaby #babytips #positiveparentingtips #parenthack #newbornhack #newbornlife #beachbaby #babyskincare","#summerbaby,#babytips,#positiveparentingtips,#parenthack,#newbornhack,#newbornlife,#beachbaby,#babyskincare",447,,2025-06-22T12:58:34.000Z,12w
https://www.instagram.com/p/DOaiZqOk23c/,parenthack,https://www.instagram.com/growbright/,growbright,"One of my favourite things about our airnest mattress? It’s so light I can easily lift it - which makes changing the sheets a breeze 🙌 ⁠
It’s a small detail, but one that makes a big difference. ⁠
⁠
Link in bio to check out the airnest cot mattress 💛⁠
⁠
#Growbright #airnest #ParentHack #LightAsAir”","#Growbright,#airnest,#ParentHack,#LightAsAir",4,,2025-09-10T08:15:16.000Z,6d
https://www.instagram.com/p/BRo3xrqlKr5/,parenthack,https://www.instagram.com/doctor.aprilm/,doctor.aprilm,Parent hack...the fold up cart (not the 2 year old pulling it ;)). I can't believe it took me 5 years to get one. Best purchase ever!!!! We love it for going skiing but I can already tell I'll be taking it to the beach every day this summer. You guys have any other parent hacks I need to know about? #parenthack #foldup,"#parenthack,#foldup",68,,2017-03-15T00:26:57.000Z,443w
https://www.instagram.com/p/CHrmroagMmV/,parenthack,https://www.instagram.com/topendsunsets/,topendsunsets,"Parent Hack!!!👌
read below 😜
.

Because we’ve been travelling around Australia for the last couple of years. instead of a birthday party for the kids with limited friends because of travel.  we’ve opted for a weekend at a hotel instead, totally winning for both the parents and kids #yrwelcome 👌😜
.
.
Thank you @novotel_darwin_cbd for making it a truly memorable few days for Gracies birthday 🎁🎈❤️
.
.
.

.
#hotelstays #travellingaustralia #travellingfamily #novoteldarwin #travelwithkids #holidayswithkids #holidayherethisyear #darwinnt #darwinlife #topendnt #topendtourism #supportinglocalbusiness #travelgram #parenthack #parenthacks #nomadicfamily #kidstravellingaustralia 
#vanlifeadventure #kidstraveloz #welltravelled","#yrwelcome,#hotelstays,#travellingaustralia,#travellingfamily,#novoteldarwin,#travelwithkids,#holidayswithkids,#holidayherethisyear,#darwinnt,#darwinlife,#topendnt,#topendtourism,#supportinglocalbusiness,#travelgram,#parenthack,#parenthacks,#nomadicfamily,#kidstravellingaustralia,#vanlifeadventure,#kidstraveloz,#welltravelled",102,,2020-11-17T11:20:03.000Z,252w
https://www.instagram.com/p/DN3i1Ly5nib/,parenthack,https://www.instagram.com/splashaboutofficial/,splashaboutofficial,"On in a click, off in a second. No fuss, no tangles — just goggles made easy 😎✅

Masked Goggles back in stock ✨
👓 Wide mask-style shape for 180° vision
💦 Soft silicone eye sockets for a gentle, leak-free seal
🌊 Anti-fog lenses for clear underwater views
💙 Smooth, adjustable straps that grow with your child
✅ One-click closure for easy on-and-off

2nd & 4th Image @the_devon_mum 

#goggles #summer #parenthack","#goggles,#summer,#parenthack",15,,2025-08-28T15:48:26.000Z,2w
https://www.instagram.com/p/DOQpBsQjJck/,parenthack,https://www.instagram.com/activeparentsca/,activeparentsca,"Looking for indoor play for kids with BIG imaginations? Playtown Niagara is an imagine-play heaven in St. Catharines. 

▪️Several themed playhouses: auto shop, diner, grocery store, theatre, salon, animal hospital, raceway, and a home
▪️Central interactive features: space shuttle, fire truck, ice cream truck—encouraging imaginative play 
▪️Toddler-specific zone equipped with padded floors and age-appropriate toys for the one-year-old

🍪 Bring your own snacks

🅿️ Great parking, stroller-friendly
🖥 Flexible booking (drop-in & private)
🎥 Panoramic monitors keep you eyes-on-kids while you relax

Hours vary—check website or Facebook when you plan your visit. 

@playtown_niagara 

#NiagaraKids #IndoorPlay #PlaytownNiagara #ParentHack","#NiagaraKids,#IndoorPlay,#PlaytownNiagara,#ParentHack",42,,2025-09-06T12:00:34.000Z,1w
https://www.instagram.com/p/DHvRF4qTI-h/,parenthack,https://www.instagram.com/playpouch_kids/,playpouch_kids,"Want a parent hack for travel with kids? 

You can fit more than enough @learnandgrow_toys magnetic tiles in a Mini Pouch to build this amazing coin drop to entertain kids when stuck in small holiday accommodation!

#playpouch #parenthack #mumhack #playpouchaustralia #storagehack #toybag #weloveplaypouch #playroominspiration #toystorage #playroomsolution #storagesolution #playpouchusa #toyhack #momhack #toystoragesolution #toypouch #toysack #playpouchaus #motherhoodunplugged #originalplaypouch","#playpouch,#parenthack,#mumhack,#playpouchaustralia,#storagehack,#toybag,#weloveplaypouch,#playroominspiration,#toystorage,#playroomsolution,#storagesolution,#playpouchusa,#toyhack,#momhack,#toystoragesolution,#toypouch,#toysack,#playpouchaus,#motherhoodunplugged,#originalplaypouch",10,,2025-03-28T09:48:09.000Z,24w
https://www.instagram.com/p/DOJxxB3Cc5T/,parenthack,https://www.instagram.com/my_bee_bear/,my_bee_bear,"Day 5 of sharing potty training advice! 

This time I got some nice ones on a forum where parents were exchanging their unhinged (but working!) potty training hacks. 

I hope they will be helpful for your little one as well 😉 

#parenthack #momhack #sharinghacks #momssupportingmoms #toddlerproducts #day6","#parenthack,#momhack,#sharinghacks,#momssupportingmoms,#toddlerproducts,#day6",8,,2025-09-03T20:02:16.000Z,1w
https://www.instagram.com/p/CJQ6bytgkzK/,parenthack,https://www.instagram.com/mrs_shep_unplugged/,mrs_shep_unplugged,"Parent hack with @mrs_shep_unplugged🙌🏽! 

Here we have the gorgeous little Alfie completing an activity pack that mum kept for a time she knew she would need it most😅! I think that’s such a clever parent hack! Emma stocks up on little craft boxes/activity packs that will keep her little one occupied while she gets through some tasks of her own. This is so clever because I know myself how difficult it is to get things done around the house with bored and restless children at your feet. Thanks for sharing this with us🤍!

#parenthack #parenting101 #parentinghack #hacksforlife #lifehack #parentstogether #mumssupportingmums #mumswhoshinebright #parentproblems #parentinglifehack #houseworkhacks #mumlifeuk #mumhack #activityforkids #keepthemquiet #keepthembusy #mumlifehack","#parenthack,#parenting101,#parentinghack,#hacksforlife,#lifehack,#parentstogether,#mumssupportingmums,#mumswhoshinebright,#parentproblems,#parentinglifehack,#houseworkhacks,#mumlifeuk,#mumhack,#activityforkids,#keepthemquiet,#keepthembusy,#mumlifehack",82,,2021-01-03T11:46:47.000Z,245w
https://www.instagram.com/p/CqF1qfPu-8h/,parenthack,https://www.instagram.com/busylittlehousewife/,busylittlehousewife,"Parent Hack 🍉🥑🍌🥦🥕
Ways to help your children eat fruits and vegetables. 

Hey friends, I have a quick post for you all today. I don’t know if your household has struggled to get in enough fruit or veggies but ours has. 

Here are my favorite tips. 
1) Cut your fruit or vegetables in a new fun shape. We have been enjoying our “carrot chips” lately.
2) Make a smoothie packed with fruits and veggies.
3) Have sauces to dip your fruits or veggies in such as ranch, yogurt, cool whip, etc. 
4) Find ways to sneak you fruit or vegetable in your meal. For example we had mac and cheese recently and I had added bits of carrot into it. 

Hope these tips help! If you have and if your own plead share below.👇🏼

#kidsveggies #veggies #toddlersnack #kidssnack #parenthack #homemaking #homemaker #sahm #stayathomemom #wearehomemakers #fruitsandveggies #","#kidsveggies,#veggies,#toddlersnack,#kidssnack,#parenthack,#homemaking,#homemaker,#sahm,#stayathomemom,#wearehomemakers,#fruitsandveggies",,,2023-03-22T12:29:10.000Z,129w
https://www.instagram.com/p/DNYh6WD1hEN/,parenthack,https://www.instagram.com/daisyfirstaid/,daisyfirstaid,"🤨 The beautiful paradox that is parenting! 😂

#parenting #parentinghack #parenthack #parentparadox #parentlife #mumlife #dadlife","#parenting,#parentinghack,#parenthack,#parentparadox,#parentlife,#mumlife,#dadlife",144,,2025-08-15T17:01:00.000Z,4w
https://www.instagram.com/p/DOT96MhjGDu/,parenthack,https://www.instagram.com/literacylifeline/,literacylifeline,"Contrary to popular belief, healthy eating doesn’t have to look like this! 😂

Send us a message or leave a comment down below and we’ll happily help you improve your healthy shopping and eating habits! 

#ParentHack #ReadingRescueBoostcamp #BrainBoost","#ParentHack,#ReadingRescueBoostcamp,#BrainBoost",,,2025-09-07T19:00:59.000Z,1w
https://www.instagram.com/p/DGYUhe6pE9T/,parenthack,https://www.instagram.com/truckintyger/,truckintyger,"PARENT HACK🚨Have a kid who refuses to wear OR keep their hat on?!…Let them design their own🤘🏼

My little designed her Birthday Trucker Crown 👑 last year & still rocks it. Tag 🏷️ and share with a fellow parent who wants to protect their little ones from the sun 😎🙏

#truckerhatlife #truckerhat #truckerhatstyle #customtruckerhat #customhats #trendy #diytruckerhat #truckerhatbar #patches #hatbar #patches #momboss #trendinfashion #smallbusiness #holidays #customgift #lovetoread #shopsmall #womenownedsmallbusiness #hatbarparty #standoutstyling #unique #hustle #kidfashion #parenthack","#truckerhatlife,#truckerhat,#truckerhatstyle,#customtruckerhat,#customhats,#trendy,#diytruckerhat,#truckerhatbar,#patches,#hatbar,#patches,#momboss,#trendinfashion,#smallbusiness,#holidays,#customgift,#lovetoread,#shopsmall,#womenownedsmallbusiness,#hatbarparty,#standoutstyling,#unique,#hustle,#kidfashion,#parenthack",17,,2025-02-22T15:24:11.000Z,29w
https://www.instagram.com/p/DMtnVJPyTaP/,parenthack,https://www.instagram.com/catiescornercartoon/,catiescornercartoon,"👂 “Mom, I’m bored!” You’ve heard it a thousand times—so meet your new secret weapon: the “I’m Bored!” Jar 🫙

Stuffed with 50 screen-free, sanity-saving activities, it’s your go-to for rainy days, slow afternoons, or when you just need 5 minutes of peace.

DIY it or grab our ready-to-print list—either way, the boredom battle is won. 💪

#ImBoredJar #ParentHack #ScreenFreeKids #MomTools #CreativeKids #ParentWin #FunWithoutScreens","#ImBoredJar,#ParentHack,#ScreenFreeKids,#MomTools,#CreativeKids,#ParentWin,#FunWithoutScreens",,,2025-07-30T01:00:57.000Z,6w
https://www.instagram.com/p/DHLBExFBVLK/,parenthack,https://www.instagram.com/austrazone_pioneer/,austrazone_pioneer,#parenting #parentingtips #parentingsupport #parentingishard #parenthack #parent #parentcoach #parentalk #austrazone_parenting,"#parenting,#parentingtips,#parentingsupport,#parentingishard,#parenthack,#parent,#parentcoach,#parentalk,#austrazone_parenting",1,,2025-03-14T07:55:31.000Z,26w
https://www.instagram.com/p/DKAoQivtofn/,parenthack,https://www.instagram.com/writing.our.world/,writing.our.world,"📌 Parent Hack: How To Trick Your Kid Into Writing In Four Easy Steps

Hey, I’m Kait—mom of three, former classroom teacher, and current dyslexia specialist.
Let me tell you, getting kids to want to write can feel like trying to fold a fitted sheet with one hand. 😵‍💫

I’ve got a sneaky little trick that works every time, especially when your kids think they’re just getting ready for a shopping trip. 

Tag a mama who needs this writing trick in her back pocket! 👇
#LiteracyAtHome #DyslexiaSpecialist #ParentingHack #WritingMadeEasy #parenthack #momlife","#LiteracyAtHome,#DyslexiaSpecialist,#ParentingHack,#WritingMadeEasy,#parenthack,#momlife",5,,2025-05-23T20:40:04.000Z,16w
https://www.instagram.com/p/DOW3QJuim5q/,parenthack,https://www.instagram.com/sositterofficial/,sositterofficial,"Finding the right sitter isn’t luck, it’s a checklist. Join our waitlist today and be first to know!

👉 www.sositter.com

#TrustedCare #ParentTips #SmartParenting #PeaceOfMind #FamilyFirst #SafeSitters #ModernParenting #ChecklistDone #ParentHack #SOSitter","#TrustedCare,#ParentTips,#SmartParenting,#PeaceOfMind,#FamilyFirst,#SafeSitters,#ModernParenting,#ChecklistDone,#ParentHack,#SOSitter",4,,2025-09-08T22:00:22.000Z,1w
https://www.instagram.com/p/DMqbp_ZTAh7/,parenthack,https://www.instagram.com/adaptedmindlearning/,adaptedmindlearning,"Looking for a math app that actually works?
Here’s how to get started with AdaptedMind, the adaptive learning platform trusted by parents! 

✅ Download the app
✅ Sign up with your email
✅ Help your child create their learning monster
✅ Take a short pretest to assess skill level
✅ Unlock fun, game-style math practice with real results

First 30 days free.
Start your child’s learning journey today! Link in bio.

#MathAppForKids #AdaptedMind #AdaptiveLearning #EducationalApps #MathHelp #BackToSchoolPrep #ParentHack #LearningApps #EdTech","#MathAppForKids,#AdaptedMind,#AdaptiveLearning,#EducationalApps,#MathHelp,#BackToSchoolPrep,#ParentHack,#LearningApps,#EdTech",4,,2025-07-28T19:21:13.000Z,7w
https://www.instagram.com/p/DNigbsROsDY/,parenthack,https://www.instagram.com/doctorarams/,doctorarams,"Not anti-screens. Just pro-intentional use.📱
Here’s how we do it at my house. 🏡💡👆#ScreenTime #Parenting #ParentHack #FTM #SAHM","#ScreenTime,#Parenting,#ParentHack,#FTM,#SAHM",,,2025-08-19T14:00:25.000Z,4w
https://www.instagram.com/p/DOqlw6FjaG6/,parenthack,https://www.instagram.com/carseatcleancobhm/,carseatcleancobhm,"You’ve been meaning to schedule your car seat cleaning, now here’s your reminder! ✅✨ (Check my story for a fun contest!)

#CarSeatCleaning #CarSeatCleanCo #MomLife #ParentHack #CleanCarSeats #BusyMomLife #KidMess #CarSeatCare #FamilyLife #MomTips #MessFree #ParentingWin","#CarSeatCleaning,#CarSeatCleanCo,#MomLife,#ParentHack,#CleanCarSeats,#BusyMomLife,#KidMess,#CarSeatCare,#FamilyLife,#MomTips,#MessFree,#ParentingWin",2,,2025-09-16T14:07:45.000Z,2h
https://www.instagram.com/p/DM158bkSyZu/,parenthack,https://www.instagram.com/mitten.kids/,mitten.kids,"🌈 Moma Cabinet — ผู้ช่วยจัดเก็บของเล่นสุดน่ารักสำหรับบ้านที่มีเด็ก!

เปลี่ยนมุมรกให้เป็นพื้นที่น่าเล่น ✨
ลิ้นชักหลากช่องแยกเก็บง่าย สีสันสดใส ดึงดูดใจเจ้าตัวเล็ก
เก็บของก็กลายเป็นกิจกรรมสนุกได้ทุกวัน 🧸📚🎨

❣️ ลิ้นชักแยกช่องให้อย่างเป็นระเบียบ มีช่องใส่ชื่อ
❣️ เก็บมุมโค้งมน 
❣️ ติดMagnet เพิ่มความสนุก

#MomaCabinet #KidsStorage #บ้านที่มีเด็ก #ของเล่นเป็นระเบียบ #ParentHack #เก็บของสนุก 

👨‍👩‍👧‍👦เรามาร่วมสร้างพื้นที่ที่ปลอดภัยและส่งเสริมจินตนาการให้เด็กๆกันเถอะ

สอบถามข้อมูลเพิ่มเติม
Line: @mittenstudio
FB inbox : Mitten Kids
IG:mitten.kids
Tel : 097-138-6388
#เฟอร์นิเจอร์เด็ก #แม่และเด็ก #โต๊ะเด็ก #เก้าอี้เด็ก","#MomaCabinet,#KidsStorage,#บ้านที่มีเด็ก,#ของเล่นเป็นระเบียบ,#ParentHack,#เก็บของสนุก,#เฟอร์นิเจอร์เด็ก,#แม่และเด็ก,#โต๊ะเด็ก,#เก้าอี้เด็ก",11,,2025-08-02T06:17:31.000Z,6w
https://www.instagram.com/p/DN-h4scjSjy/,parenthack,https://www.instagram.com/themomenceclub/,themomenceclub,"Traveling with kids doesn’t have to be stressful. With the right hacks, you can keep little ones happy (and yourself sane!) along the way. Here are five tried-and-true tips every parent should know ✌🏼🤍 #themomenceclub #travelwithkids #vacationmode #parenthack #flyingwithkids","#themomenceclub,#travelwithkids,#vacationmode,#parenthack,#flyingwithkids",15,,2025-08-30T11:11:51.000Z,2w
https://www.instagram.com/p/DNOcxGuSFh6/,parenthack,https://www.instagram.com/theotbutterfly/,theotbutterfly,"Vacation is just parenting in a different zipcode, with less sleep and more spending. 

The endless snacks, bedtime battles and difficulties with transition may not only follow you on vacation, but become magnified because their nervous system perceives the new environment as a threat. 

Remember, EVEN when it’s a fun vacation with tons of activities and their favorite cousins around, it can still be extremely dysregulating for their nervous system. 

Just knowing that and accepting that from the beginning can make a difference. 

Whether we’re taking a staycation for 2 nights or going on a week long trip out of state- I am always going to be the parent who goes out of their way to bring safe food, and create a schedule that works best for my child- even if it means showing up late or leaving early. 

What are some non-negotiables you build into every trip to make sure your neurodivergent child is comfortable? 

#vacationtips #parentingtips #parenttips #parenthack #instaparents #traveltipsforkids #sensoryoverload #spd #sensoryneeds #neurodivergent #neurodiverse #neurodiversity","#vacationtips,#parentingtips,#parenttips,#parenthack,#instaparents,#traveltipsforkids,#sensoryoverload,#spd,#sensoryneeds,#neurodivergent,#neurodiverse,#neurodiversity",450,,2025-08-11T19:03:35.000Z,5w
https://www.instagram.com/p/DLKk9sUu-F7/,parenthack,https://www.instagram.com/newbornprep101/,newbornprep101,"Help your baby grow strong AND prevent flat spots on their little head by alternating their sleep direction each night:
⬅️ Odd days: point their head to the left
➡️ Even days: point their head to the right

✨ This simple routine:
✔️ Prevents flat spots by switching gaze direction
✔️ Builds neck strength on both sides

‼️ REMEMBER: Baby should always sleep on their back for safe sleep 🛏️

•
•
•

#babytips #positiveparentingtips #babyhack #parenthack #safesleep #backtosleep #babyhelmet #positiveparenting #parentlife 

—

Always follow the American Academy of Pediatrics (AAP) safe sleep guidelines. Babies should be placed on their backs for every sleep, on a firm, flat sleep surface with no loose bedding, toys, or bumpers. Consult your pediatrician with any concerns about your baby’s sleep or head shape. 

Post inspired by @pathwaysorg","#babytips,#positiveparentingtips,#babyhack,#parenthack,#safesleep,#backtosleep,#babyhelmet,#positiveparenting,#parentlife",579,,2025-06-21T13:55:27.000Z,12w
https://www.instagram.com/p/DK-E-U1MzZP/,parenthack,https://www.instagram.com/snoozeshade/,snoozeshade,"𝒮𝓃𝑜𝑜𝓏𝒾𝓃𝑔 😴

Made easy with @snoozeshade 

It’s such an essential new baby item. 

Especially with the glorious weather we’re having at the min ☀️

Whether out for a walk, running errands, or traveling, this genius cover helps your baby nap peacefully anywhere by blocking out light, UV rays, and distractions.

This one is for the carrycot 0-6 months 
They also sell 6m+ one 
Travel cot and car seat too!
Not forgetting double prams- there’s something for everyone’s needs. 

AD|Gifted

#napgamestrong 💪 #snoozeshade #mumlife #onthegoparenting #pramnaps #babyessentials #parenthack","#napgamestrong,#snoozeshade,#mumlife,#onthegoparenting,#pramnaps,#babyessentials,#parenthack",219,,2025-06-16T17:25:02.000Z,13w
https://www.instagram.com/p/DOI6tafgENl/,parenthack,https://www.instagram.com/friosallenplano/,friosallenplano,Parent hack alert! Did you know Frios Pops are perfect for soothing teething tots? Share your own Frios hacks with us! #parenthack #friosjoy,"#parenthack,#friosjoy",,,2025-09-03T12:01:14.000Z,1w
https://www.instagram.com/p/DOqdauuiYpc/,parenthack,https://www.instagram.com/playpouch_kids/,playpouch_kids,"For those times when you want to take your play on the go!

Play Pouch Mini is always there to help! From carrying toys, to containing the mess and even being an on the go play space, mini on size huge on potential! 

#playpouchmini #travelwithkids #portableplaysolutions #playpouch #parenthack #mumhack #playpouchaustralia #storagehack #toybag #weloveplaypouch #playroominspiration #toystorage #playroomsolution #storagesolution #playpouchusa #toyhack #momhack #toystoragesolution #toypouch #toysack #playpouchaus #motherhoodunplugged #originalplaypouch","#playpouchmini,#travelwithkids,#portableplaysolutions,#playpouch,#parenthack,#mumhack,#playpouchaustralia,#storagehack,#toybag,#weloveplaypouch,#playroominspiration,#toystorage,#playroomsolution,#storagesolution,#playpouchusa,#toyhack,#momhack,#toystoragesolution,#toypouch,#toysack,#playpouchaus,#motherhoodunplugged,#originalplaypouch",1,,2025-09-16T12:39:24.000Z,4h
https://www.instagram.com/p/B2NwuutgpiX/,parenthack,https://www.instagram.com/parentlivingplus/,parentlivingplus,"Parent Hack-Give them a pack of post-it notes, and they are busy for hours. Combine the two, and you have a life saver!  And they couldn’t be easier to make! ⁣
⁣
All you need is: first aid kits in in the dollar toiletry section at our Target, Post it Notes and Crayons.⁣
https://www.familyfreshmeals.com/2013/07/diy-travel-coloring-cases.html⁣
.⁣
.⁣
.⁣
.⁣
.⁣
⁣
#postitnotes #postitnotes #postitnoteart #crayons #crayola #firstaidkit #diy #diyideas #hacks #parenthacks #parenthack #bored #kids #children #color #toddlers #drawingaday #parentsbelike #parentlife #moms #dads #momsofinstagram #dadsofinstagram #travelblog #travelwithkids #lifesaver #coloring","#postitnotes,#postitnotes,#postitnoteart,#crayons,#crayola,#firstaidkit,#diy,#diyideas,#hacks,#parenthacks,#parenthack,#bored,#kids,#children,#color,#toddlers,#drawingaday,#parentsbelike,#parentlife,#moms,#dads,#momsofinstagram,#dadsofinstagram,#travelblog,#travelwithkids,#lifesaver,#coloring",12,,2019-09-10T03:07:36.000Z,314w
https://www.instagram.com/p/DMvVHyziM0A/,parenthack,https://www.instagram.com/dogoodoxfordcounty/,dogoodoxfordcounty,"BREAKING: Your kids have said ""I'm bored"" approx 7, 345, 609 times. And we have another month to go...

✨Good news though!!! ✨ A few spots have opened up due to schedule changes (because apparently people do go on vacation without us, rude). So if you missed the first round, consider this your second chance from the craft gods. 

🎨 2-Day Camps: $85
🎨 3-Day Camps: $125
⏰ 9:00 AM – 4:00 PM

✨AND ✨ We've added a Home Alone Mini Course August 20th! This day will be a gentle intro to safety for kids starting to stretch their wings, ask questions, or who are about to take on a bit more independence moving into the new school year. 

Spots are very limited, so snag one before someone else’s chaos gets organized first:
👉 https://www.dogoodoxford.ca/padays-camps

#DoGoodOxford #SummerCampSave #LastCallForGlitter #MakersGonnaMake #CraftyKids #ParentHack","#DoGoodOxford,#SummerCampSave,#LastCallForGlitter,#MakersGonnaMake,#CraftyKids,#ParentHack",9,,2025-07-30T17:00:20.000Z,6w
https://www.instagram.com/p/DORwMcNkhtj/,parenthack,https://www.instagram.com/learning.with.lunette/,learning.with.lunette,"Kids are constantly being told ""no, no, no"". Give them a chance to learn what they CAN do. 

#parentinglife #parentingtips #parenthack","#parentinglife,#parentingtips,#parenthack",1,,2025-09-06T22:22:27.000Z,1w
https://www.instagram.com/p/DOfaFM-CKpH/,parenthack,https://www.instagram.com/diapia_pakistan/,diapia_pakistan,"Parent hack alert! 🚨 Never get caught without a fresh diaper. Always keep at least TWO packs handy – one at home and one in the diaper bag. Trust us, your future self (and your little one!) will thank you.

#ParentHack #DiaperDuty #MomLife #DadLife #BabyEssentials #PreparedParents #NeverRunOut #ParentingTips #NewParents #Diapia","#ParentHack,#DiaperDuty,#MomLife,#DadLife,#BabyEssentials,#PreparedParents,#NeverRunOut,#ParentingTips,#NewParents,#Diapia",1,,2025-09-12T05:38:36.000Z,4d
https://www.instagram.com/p/DMt9kmmvZAJ/,parenthack,https://www.instagram.com/orangefennec_official/,orangefennec_official,"✨ Parenting doesn’t come with a manual...
But now, it comes with a co-pilot.

Meet Orange Fennec — your AI-powered parenting assistant.
From sleep routines to snack hacks, we help make parenting smoother, smarter, and a little more fun 🧡

📲 Swipe through to see how we support you, one moment at a time.
🎯 Join our waitlist today! 
https://www.orangefennec.ai

#OrangeFennec #ParentingMadeSmarter #ParentHack #ModernParenting #AIForParents #GentleParenting #MumLife #DadLife #SmartParenting","#OrangeFennec,#ParentingMadeSmarter,#ParentHack,#ModernParenting,#AIForParents,#GentleParenting,#MumLife,#DadLife,#SmartParenting",15,,2025-08-08T06:32:15.000Z,5w
https://www.instagram.com/p/CLeXv8iFjRz/,parenthack,https://www.instagram.com/thatparentpage/,thatparentpage,"Parent Hack! 💥 Most newborns hate being changed. We found that in the first few weeks our newborn was fussing a lot when we were wiping her. Especially at nights. We figured that even adults wouldn't like cold freezing wipes to touch their warm bum. So we started dipping the wipes into warm water before wiping. Worked wonders. After 4weeks or so she didn't mind being wiped with cold wipes any more. Keep your newborns warm and snug and they will love it :) 

PS: need to give the credit for this idea to the dad! Sometimes they are useful 😆
.
.
.
#Parenthood #parenting #parenthack  #pandemicpregnancy  #pregnantinapandemic  #parentsofinstagram #funnyparents #mumlife  #thatparentpage #abirthandbeyond  #37weekspregnant #38weekspregnant #39weekspregnant #40weekspregnant #41weekspregnant  #lockdownbaby #newmum #firsttimemum #borninlockdown #lockdownpregnancy #thirdtrimester  #disposablewipes #compostablewipes #environmentalwipes  #fourthtrimester","#Parenthood,#parenting,#parenthack,#pandemicpregnancy,#pregnantinapandemic,#parentsofinstagram,#funnyparents,#mumlife,#thatparentpage,#abirthandbeyond,#37weekspregnant,#38weekspregnant,#39weekspregnant,#40weekspregnant,#41weekspregnant,#lockdownbaby,#newmum,#firsttimemum,#borninlockdown,#lockdownpregnancy,#thirdtrimester,#disposablewipes,#compostablewipes,#environmentalwipes,#fourthtrimester",40,,2021-02-19T18:43:17.000Z,238w
https://www.instagram.com/p/C6YeP4bg8Qo/,parenthack,https://www.instagram.com/empediatricphysio/,empediatricphysio,"✨Parent Hack ✨

Is your little one still army crawling?

Try changing the surface! Grass or tile (or carpet if you only have tile/wood floors) may prompt your little to come up onto their hands and knees. Stripping them down to their diaper may also do the trick. 

While there is no set amount of time a child should move on from army crawling, you should see continued progress in terms of use of arms and legs, reciprocal movement, speed etc. If your little is stuck army crawling and isn’t progressing forward try these tricks. Still struggling? Reach out! 

#ParentHack #ArmyCrawler #ChangeTheSurface #PediatricPhysio #PediatricPT #PaedsPT #KidsPhysio #Physiotherapy #KWMoms #KWAwesome #EmpoweringFamilies #EMPP","#ParentHack,#ArmyCrawler,#ChangeTheSurface,#PediatricPhysio,#PediatricPT,#PaedsPT,#KidsPhysio,#Physiotherapy,#KWMoms,#KWAwesome,#EmpoweringFamilies,#EMPP",5,,2024-04-30T10:32:26.000Z,72w
https://www.instagram.com/p/DN1ELY_UhfL/,parenthack,https://www.instagram.com/roshambobaby/,roshambobaby,"Making prescription glasses easy—for real 💡

We know the process can feel overwhelming, so we made it simple:

✔️ Pick a frame
 ✔️ Upload your prescription
 ✔️ We handle the rest

No confusing steps, no stress—just durable, kid-friendly glasses that look amazing and actually stay on 😎

Bonus: our damage replacement guarantee has your back 💪

Start the school year in style and use code Back2School for 15% off sitewide, and FIRSTDAY20 for 20% off $200+🎉🕶️

#RoshamboRx #ParentHack #StressFreeStyle #KidProofCool #EasyRx","#RoshamboRx,#ParentHack,#StressFreeStyle,#KidProofCool,#EasyRx",6,,2025-08-26T18:59:09.000Z,2w
https://www.instagram.com/p/DOWN-7SEdtA/,parenthack,https://www.instagram.com/littlelearnersclub2025/,littlelearnersclub2025,"💡 Parent Hack: Make Cleanup FUN! 🎉

Struggling to get kids to tidy up? Try this:
⏱️ Set a 5-minute timer
🧸 Challenge them to put away toys before the buzzer
🎶 Add music for extra fun!

It turns chores into a game AND gets the job done ✨

💬 Would your kids love this trick? Drop a 👍 if you’ll try it tonight!

#LittleLearnersClub #ParentingTips #MomLife #LearningThroughPlay #KidsActivities #ParentHack","#LittleLearnersClub,#ParentingTips,#MomLife,#LearningThroughPlay,#KidsActivities,#ParentHack",,,2025-09-08T15:59:43.000Z,1w
https://www.instagram.com/p/DNo1sYUh4nu/,parenthack,https://www.instagram.com/mblc.services/,mblc.services,"Parent Hack Thursday!
Want to boost both reading skills and emotional growth at home? This week’s hack brings together literacy and mindfulness.

Read an SEL picture book (stories about kindness, empathy, or handling feelings).
Talk about the characters’ choices to build comprehension and vocabulary.
Try a quick mindfulness practice (deep breaths, gratitude, or counting backwards) to support focus and self-regulation.

Small moments like this can build big reading confidence while nurturing your child’s social-emotional skills.

Swipe through for ideas and tips.
Follow us for more parent hacks!

#MamaBearsLearningCenter #ParentHack #ReadingComprehension #SEL #Mindfulness #ParentTips #LiteracyAtHome #AcademicGrowth #afterschool #teachingresources #sandiegodad #sandiegomom #firsttimemom #ParentHack #BackToSchool2025 #BiteSizedLearning #KidsWhoRead #ReadingConfidence #ReadingForFun #OnlineTutoring #CustomizedLearning #TutoringThatWorks #TutoringWithHeart #HappyLearners #EmpowerYoungMinds #SEL #social #emo #socialemotionallearning #socialemotionalskills #socialemotionalwellness #emotionalwellness","#MamaBearsLearningCenter,#ParentHack,#ReadingComprehension,#SEL,#Mindfulness,#ParentTips,#LiteracyAtHome,#AcademicGrowth,#afterschool,#teachingresources,#sandiegodad,#sandiegomom,#firsttimemom,#ParentHack,#BackToSchool2025,#BiteSizedLearning,#KidsWhoRead,#ReadingConfidence,#ReadingForFun,#OnlineTutoring,#CustomizedLearning,#TutoringThatWorks,#TutoringWithHeart,#HappyLearners,#EmpowerYoungMinds,#SEL,#social,#emo,#socialemotionallearning,#socialemotionalskills,#socialemotionalwellness,#emotionalwellness",6,,2025-08-22T02:21:13.000Z,3w
https://www.instagram.com/p/DG1B_4jojz5/,parenthack,https://www.instagram.com/total_tutoring_uk/,total_tutoring_uk,"🎭✨ Quick & Easy World Book Day Costumes! ✨📚
No time? Forgot? No problem! Here are original, last-minute costume ideas using things you already have!

👕 Walking Storybook (or dictionary) – Wear a plain T-shirt and let your child draw their favourite book cover on it with washable markers! 📖✍️

🧣 George from The Smartest Giant in Town – Find George’s smart new clothes, his white shirt, striped tie, shiny shoes, or belted trousers OR flip it and create his original look of gown, sandals and make a gold crown from paper! 🎩👞✨

🌟 The Invisible Character – All black outfit + cut-out speech bubble saying, ""You can’t see me, I’m the narrator!"" 🕵️‍♂️

🎭 Speech Bubble Star – White T-shirt + write a famous book quote on it = instant literary genius! ✨

🛏️ The Kid Who Overslept – PJs + a book + messy hair = bedtime story hero! 😴📚

🎩 The Living Bookmark – Wear brown/beige + stick a ribbon on your head like a bookmark tassel! 📑

🛒 The Shopping List from ‘Funnybones’ – Write ""1 x big skeleton, 1 x little skeleton, 1 x dog skeleton"" on a T-shirt! 🦴😂

✨ Parent hack: Turn a patterned T-shirt inside out to make a blank canvas & use washable markers!

Tag us in your DIY bookish masterpieces! 📸👇
#WorldBookDay #EasyCostumes #DIYCostume #ParentHack #LastMinuteMagic","#WorldBookDay,#EasyCostumes,#DIYCostume,#ParentHack,#LastMinuteMagic",3,,2025-03-05T19:00:18.000Z,27w
https://www.instagram.com/p/DOoo_9xkiLy/,parenthack,https://www.instagram.com/requenosconstruction/,requenosconstruction,"Parent Hack of the Week 🌿✨

Struggling with outfit battles every morning? Try giving your child just two outfit choices. This simple trick encourages independence, saves time, and makes mornings smoother for everyone. 💚

At The Little Tree Family Childcare, we believe small daily habits build confidence and harmony at home. 🌞

👉 Would you try this hack? Comment “yes” if this would save your mornings!

#ParentHack #ParentingTips #ChildcareDavao #TheLittleTree #ParentingMadeSimple #EarlyLearning","#ParentHack,#ParentingTips,#ChildcareDavao,#TheLittleTree,#ParentingMadeSimple,#EarlyLearning",1,,2025-09-15T19:42:07.000Z,21h
https://www.instagram.com/p/DM5RwVostnm/,parenthack,https://www.instagram.com/experience_away/,experience_away,"𝟓 𝐏𝐫𝐨𝐯𝐞𝐧 𝐇𝐚𝐜𝐤𝐬 𝐟𝐨𝐫 “𝐌𝐞 𝐓𝐢𝐦𝐞” 𝐨𝐧 𝐚 𝐅𝐚𝐦𝐢𝐥𝐲 𝐓𝐫𝐢𝐩 ✨
Looking for ways to truly recharge while traveling with your crew? Here’s how you can sneak in moments for yourself—even when you’re juggling a packed family itinerary!

⏰Embrace Early Mornings or Late Nights 
Slip out for a solo sunrise stroll, savour an undisturbed coffee, or unwind alone with a book after everyone’s asleep.

👥Tag-Team With Your Partner or Co-Parent 
Swap kid duties so each adult gets their own break—it could be as simple as a half-hour alone by the pool or a solo errand in town.

🏓Tap Into Kid Clubs, Nannies, or Babysitting Services 
If you are lucky and have a child who enjoys kids clubs, then choose a resort that offers a great variety of activities that are right for the age and personality of your children. Some hotels have spas that offer mini treatments just for kids—everyone gets pampered at the same time! For younger children, look out for hotels with vetted nanny or babysitter services. 

🍦Choose Family-Friendly Dining Spots 
Pick restaurants set on the beach or next to playgrounds. While the kids play within sight, you get a few moments to enjoy your meal and the scenery.

💤Set a “Quiet Hour” for All 
Make it a routine: After lunch, everyone rests, naps, or has solo wind-down time. Devices or audiobooks can keep little ones engaged while you sneak in your own break.

You deserve relaxation too—these small rituals help you return from family adventures feeling refreshed, recharged, and ready for more. 

#familytravel #parenthack #familyholiday","#familytravel,#parenthack,#familyholiday",,,2025-08-03T13:43:18.000Z,6w
https://www.instagram.com/p/DNqQiHqt5As/,parenthack,https://www.instagram.com/hairby_ashs/,hairby_ashs,"✨ Pro Tip for Parents! ✨ Struggling to get your pre-teen to wash their hair properly? Try a scalp scrubber with a gentle, purifying shampoo like this!  Label them 1 & 2 and suddenly you’re a genius parent. 🤣🤣 Bonus: It feels like a mini head massage! 💆‍♀️ #HealthyScalp #HairCareTips #ParentHack","#HealthyScalp,#HairCareTips,#ParentHack",1,,2025-08-22T14:15:10.000Z,3w
https://www.instagram.com/p/DM8fEbPzvso/,parenthack,https://www.instagram.com/tucsonlittles/,tucsonlittles,"🚗💦 Parent Hack 💦🚗
Desert heat got you sweating? 🥵
Keep a mini spray bottle in your car or diaper bag for instant cooldowns ➡️ car seats, baby, YOU, whatever needs it.

📌 Save this post, tag your sweaty mom-friend, and follow @TucsonLittles for more hacks for parens! 

#TucsonLittles #ParentHack #DesertBabies #TucsonWithKids #MomHack #DiaperBagEssentials #ParentingInArizona #HotCarHack #ParentTips","#TucsonLittles,#ParentHack,#DesertBabies,#TucsonWithKids,#MomHack,#DiaperBagEssentials,#ParentingInArizona,#HotCarHack,#ParentTips",20,,2025-08-04T19:37:22.000Z,6w
https://www.instagram.com/p/DNY5V5cva_4/,parenthack,https://www.instagram.com/tubdfndr/,tubdfndr,"🛁 Tub time trivia!
Parents rely on it nightly. Kids only notice when it disappears.
Can you guess what it is? 👀

💡 Hint: It’s soft, safe, and keeps slippery surprises at bay.

Drop your guess below ⬇️
Swipe to reveal the answer—and why it matters.

#TubDfndr #BathtimeSafety #ParentHack #RiddleMeThis #BathTimeEssentials","#TubDfndr,#BathtimeSafety,#ParentHack,#RiddleMeThis,#BathTimeEssentials",1,,2025-08-15T20:25:41.000Z,4w
https://www.instagram.com/p/DOjHXhGDCH7/,parenthack,https://www.instagram.com/lovekidsofficial/,lovekidsofficial,"Parent Hack Alert‼️:
Prep outfits on Sunday, roll them up (with socks + underwear inside), and let your child grab-and-go each morning.
No stress. No fuss. Just smiles.

If you find this helpful, comment your favorite emoji😊❤️

#parenthack #lovekidstips #parentingmadeeasy #mumlife #dadlife #parentinghacks #busymum #busydad #schoolmorning #kidsfashion #parentingwithlove #morningsimplified #organisationhack #familylife #parentingtips","#parenthack,#lovekidstips,#parentingmadeeasy,#mumlife,#dadlife,#parentinghacks,#busymum,#busydad,#schoolmorning,#kidsfashion,#parentingwithlove,#morningsimplified,#organisationhack,#familylife,#parentingtips",9,,2025-09-13T16:12:02.000Z,3d
https://www.instagram.com/p/DObLtfWiY3l/,parenthack,https://www.instagram.com/elfinaroundkits/,elfinaroundkits,"✨ Stress-Free Elf Magic ✨

Say goodbye to midnight scrambles and hello to 28 nights of ready-to-go fun! 🎄

With the Elfin Around Activity Kit, you’ll have everything you need to create magical elf moments in just 1–2 minutes a night. 🧼🛁 From silly cleaning scenes to festive surprises, we make December easier (and way more magical).

💚 28 Done-for-You Scenes
💚 Quick & Easy Setup
💚 No Last-Minute Panic

👉 Tap the link in our bio to order your kit now and make this holiday season stress-free and full of magic! 🎅✨

#ElfKit #ChristmasTradition #StressFreeMagic #ParentHack #ElfinAround","#ElfKit,#ChristmasTradition,#StressFreeMagic,#ParentHack,#ElfinAround",3,,2025-09-10T14:16:19.000Z,6d
https://www.instagram.com/p/CIvrvKGgB9w/,parenthack,https://www.instagram.com/noleocare/,noleocare,"🚨 Parent Hack! Sometimes, when feeding or changing a diaper is not enough, we just need some magic and Harry.
.
Nope, not Harry Potter, rather Harry Styles!
.
#funnybabyvideo #justforfun #watermelonsugar #parenthack #parentshack #parenthood #babycare #babytantrum #harrystyles","#funnybabyvideo,#justforfun,#watermelonsugar,#parenthack,#parentshack,#parenthood,#babycare,#babytantrum,#harrystyles",,,2020-12-13T16:43:16.000Z,248w
https://www.instagram.com/p/DNJjqgjskUP/,parenthack,https://www.instagram.com/__home.need__/,__home.need__,"Looking for a teething solution that's also nutritious? The Baby Fruit Feeder Pacifier
  by @babyvk.shop
#Baby #MustHaves #BabyVK #CuteBaby #BabyCare#TeethingRelief #FruitFeeder #MomLife #NewMom#Feeding Time #BabyEssentials #HealthyBaby
#ParentTips #Weaning Journey #SmartFeeding#BabyFoodIdeas #SafeFeeding #ParentHack","#Baby,#MustHaves,#BabyVK,#CuteBaby,#BabyCare,#TeethingRelief,#FruitFeeder,#MomLife,#NewMom,#Feeding,#BabyEssentials,#HealthyBaby,#ParentTips,#Weaning,#SmartFeeding,#BabyFoodIdeas,#SafeFeeding,#ParentHack",56,,2025-08-09T21:28:20.000Z,5w
https://www.instagram.com/p/DNN01BVNkTX/,parenthack,https://www.instagram.com/toddlersensesutton/,toddlersensesutton,"👍 Top tip 👍

When we’re going for a day out, I always take a picture of the boys and save it to my homescreen.

So if anything happens and they get lost - I could easily show people what they look like to find them more quickly!

And I also try and put them in really distinctive T-shirts so they are easy to spot ✅

Do you do this? 

Tag a friend who you think would find this useful 👍

#toddlersensesutton #toddlerfun #toddlergram #summerfun #activekids #toddlerlife #familyfun #funinthesun #parenthack","#toddlersensesutton,#toddlerfun,#toddlergram,#summerfun,#activekids,#toddlerlife,#familyfun,#funinthesun,#parenthack",19,,2025-08-11T15:22:35.000Z,5w
https://www.instagram.com/p/DOftQNKDU7Y/,parenthack,https://www.instagram.com/joie/,joie,"Came home loaded with groceries again 🛒😂 Good thing we have our @joiebaby_uk @joiebabyswitzerland Buggy! 🙌✨ Such a huge help for us parents—its super spacious, heavy-duty storage at the back fits everything (yes, even the “just in case” stuff 🤭). Makes carrying it all sooo much easier. Truly built for real-life convenience. Parent win! 💛 #ParentHack #joiebaby","#ParentHack,#joiebaby",,,2025-09-12T08:26:07.000Z,4d
https://www.instagram.com/p/DN-zE9PjXlj/,parenthack,https://www.instagram.com/tatracottagedesigns/,tatracottagedesigns,"A recent metre challenge ❄️

Usually, I recommend up to 3-4y, although I managed to get all of this in 4-5y 🙌

Our metre challenges cost £75, and this one was worth £139.50 (an extra £64.50 - nearly double!)🤯

➡️Swipe to see the metre challenge price breakdown 

📷 Challenge includes:
Peplum Top
Pinafore
Pocket Skirt
Hoody
Plus, a scrubbie (no rrp value as this is to ensure no waste)

No wipes or hair accessories, there wasn't enough. I love working out the challenges and ensuring I get as much clothing as possible (my inner nerd 🤪)

We make every challenge bespoke alongside providing the best value for money we can ❤️

Denim Snowflakes- Hand painted seamless pattern from @tatracottagedesigns 

#onemetrechallenge #metrechallenge #moneysaving #parenthack #organicchildrensclothes #handmadechildrensclothing #handmadeorganicclothing","#onemetrechallenge,#metrechallenge,#moneysaving,#parenthack,#organicchildrensclothes,#handmadechildrensclothing,#handmadeorganicclothing",20,,2025-08-30T13:42:04.000Z,2w
https://www.instagram.com/p/DMx7qPezfKo/,parenthack,https://www.instagram.com/technokids_global/,technokids_global,"✨ #ParentHack for busy mornings: The TechnoKids 20-Minute Challenge
⚡ Quick lessons. Fun activities. Real results.
🍽️ Learning done before lunchtime = win!
Tag a parent who needs this!

https://technokids.com/",#ParentHack,1,,2025-07-31T17:15:33.000Z,6w
https://www.instagram.com/p/DMvAH2IRx83/,parenthack,https://www.instagram.com/_thecabro/,_thecabro,"What’s one thing you let go of so you could focus on/lean into other priorities?

The Cabro recently asked its community to share one thing they let go of in order to focus more fully on the priorities that matter most.. Here are their suggestions. Take what works for you and know that what might not work for you may be just the thing someone else needs to hear. Share any tips you have in the comments. We’d love to hear more!",,310,,2025-07-30T13:56:50.000Z,6w
https://www.instagram.com/p/DOn7HyREYvq/,parenthack,https://www.instagram.com/nomoresquirmybaby/,nomoresquirmybaby,"Say goodbye to diaper change battles with the No More Squirmy Baby. The double-patented diaper changing pad designed to keep your baby safely and comfortably in place during changes. 🍼💡

No more rolling, twisting, or escape attempts! This innovative design gently secures your little one so you can change diapers faster, cleaner, and with way less stress. 

It’s not just a changing pad. It’s a total game changer for parents everywhere.

Shop the limited collection with the link in bio.

#newparent #babyregistery #diaperchangingpad #parenthack #newparents #newbornessentials","#newparent,#babyregistery,#diaperchangingpad,#parenthack,#newparents,#newbornessentials",2,,2025-09-15T13:01:17.000Z,1d
https://www.instagram.com/p/DGYK_gSzP00/,parenthack,https://www.instagram.com/foundationselc/,foundationselc,"Parent Hack! ⚠

Spring is right around the corner - which means allergies are too! Here are some ways to help protect your children from pesty pollen. 🌻🌷🌼

👕👖👓 Clothing: light long sleeves, hats, and sunglasses can keep pollen from contacting their skin and keep it out of their eyes and hair.

🤸🏼‍♀️🏃🏼‍♀️🚴🏼‍♀️ Post-outdoor hygiene: changing clothes, washing hands, or a quick shower if time allows, will help remove outdoor allergens from skin and hair. 

🍒🥦🥑 Immune-boosting foods: fruits, vegetables, and omega-3 fatty acids can help boost immune systems and reduce allergic reactions. 

If you have other allergy-reducing tips, post them in the comments!

#parenttip #parenthack #allergyhack #springhack #welcomespring","#parenttip,#parenthack,#allergyhack,#springhack,#welcomespring",1,,2025-02-22T14:01:00.000Z,29w
https://www.instagram.com/p/DKBAjNiMQ-S/,parenthack,https://www.instagram.com/minido_aus/,minido_aus,"Ever spent more time searching for kids' activities than your kid spends doing them? 
Same. So we built miniDO.

🎈 One place to find kids’ activities, party venues, and school holiday programs
⚡ Sorted by suburb
📍 All in your local area
💻No chaos.

We're here to make your life easier
#miniDO #ParentHack","#miniDO,#ParentHack",12,,2025-05-24T00:12:48.000Z,16w
https://www.instagram.com/p/DObEcvfDkvZ/,parenthack,https://www.instagram.com/newbornprep101/,newbornprep101,"⏱️ Time is everything in an emergency. The average emergency response time is 7–12 minutes—but brain damage can start within just a few minutes without oxygen.

👉🏻 That’s why knowing CPR and choking response can truly save a life. You may be the first and only responder until help arrives.

💡 Learn the skills. Build the confidence. Be prepared.

📍Book an in-person, hands-on infant & child CPR/choking response class at www.newbornprep101.com

•
•
•

#babysafety #positiveparenting #parenthack #babylife #postpartumanxiety #infantcpr #cprsaveslives 

—

This post is for educational purposes only and is not a substitute for professional medical advice, diagnosis, or treatment. Always call 911 in an emergency.","#babysafety,#positiveparenting,#parenthack,#babylife,#postpartumanxiety,#infantcpr,#cprsaveslives",,,2025-09-10T13:12:36.000Z,6d
https://www.instagram.com/p/DMn3UVdzE3a/,parenthack,https://www.instagram.com/momocuddles.bn/,momocuddles.bn,"[PRE ORDER ONLY]

Say hello to stress-free feeding time! 🍼💨

Our Mimo 6-in-1 Bottle Warmer & Sterilizer is the multitasking hero every parent dreams of. From midnight milk to yogurt mornings, it’s got you covered.

💡 6 Functions in 1 compact cutie:

Milk Warming

Baby Food Heating

Bottle Sterilizing

Defrosting

Egg Boiling

Yogurt Making (yes, really!)

✨ Sleek LED digital display
✨ Fits 2 bottles at once
✨ Easy to use, easy to clean

All this for just $40 each — because why juggle 6 gadgets when one does it all? 😌

#Momocuddles #BruneiBabyShop #ParentHack #BottleWarmerMagic #BruneiMoms #BabyMustHaves #BruneiOnlineStore","#Momocuddles,#BruneiBabyShop,#ParentHack,#BottleWarmerMagic,#BruneiMoms,#BabyMustHaves,#BruneiOnlineStore",1,,2025-07-27T19:25:12.000Z,7w
https://www.instagram.com/p/DOoI05EjIql/,parenthack,https://www.instagram.com/kyo_dophilus/,kyo_dophilus,"Probiotics that taste great and support gut and immunity? That’s Kyo-Dophilus Kids Probiotic!

#KidsWellness #GIHealth #ProbioticKids #BackToSchool #ParentHack #KidGutHealth #TastyHealth #GutSupport #KidsNutrition #KyoDophilus","#KidsWellness,#GIHealth,#ProbioticKids,#BackToSchool,#ParentHack,#KidGutHealth,#TastyHealth,#GutSupport,#KidsNutrition,#KyoDophilus",5,,2025-09-15T15:00:58.000Z,1d
https://www.instagram.com/p/DM5VV7WJvO3/,parenthack,https://www.instagram.com/playpouch_kids/,playpouch_kids,"Do you have an LOL Doll fan in your house?

If so you need to check out our NEW LOL Surprise Play Pouch! This is the party on the inside pouch with all the fun for the kids while the outside is an aesthetically pleasing patchwork for the parents!

What is more it is currently on sale for only $59! Head to our website and check it out now!

#playpouch #parenthack #mumhack #playpouchaustralia #storagehack #toybag #weloveplaypouch #playroominspiration #toystorage #playroomsolution #storagesolution #playpouchusa #toyhack #momhack #toystoragesolution #toypouch #toysack #playpouchaus #motherhoodunplugged #originalplaypouch #loldoll #loldolls #lolsurprise #loltoys","#playpouch,#parenthack,#mumhack,#playpouchaustralia,#storagehack,#toybag,#weloveplaypouch,#playroominspiration,#toystorage,#playroomsolution,#storagesolution,#playpouchusa,#toyhack,#momhack,#toystoragesolution,#toypouch,#toysack,#playpouchaus,#motherhoodunplugged,#originalplaypouch,#loldoll,#loldolls,#lolsurprise,#loltoys",3,,2025-08-03T14:14:39.000Z,6w
https://www.instagram.com/p/CeBlo8PMVpN/,parenthack,https://www.instagram.com/kirstyy_s/,kirstyy_s,"PARENT • HACK 

I've had so many lovely comments after talking about this on my insta stories and Facebook live yesterday that I wanted to share it with those who didn't watch 🤪

The cost of living has increased and budgeting can be hard, so can the mum guilt of not being able to afford fun days out or going on holiday together soooo I've started ""Fun Money envelopes"". These will be saved for half terms! I've googled admission prices, estimated how much fuel money il need, parking costs, travel expenses and food allowance..every time I have spare change at the end of the day I pop it in one of these envelopes and when I have the amount on the front, the envelope gets sealed! No matter, how much money is in my account or how much petrol I have in my car, we can grab an envelope and go out for the day without worrying!! 

Don't stress yourself out! Pop it what you can afford and when, some weeks I don't have any spare money! I've done a mix of activities that will last til winter too!! I hope this helps other parents!! Let me know if you do this and what your activities are so we can share ideas!!
.
.
.
.
#parenthack #mumhack #athomewithkirsty #mumoftwo #funmoney #savemoney #budgeting #budgetingtips #activities #daysoutwithkids #daysout #makingmemories #mumlife #over30club #l4l #inspiration #moneysavingtips #fun #familytime #mumlifeuk #toptips #halftermactivities","#parenthack,#mumhack,#athomewithkirsty,#mumoftwo,#funmoney,#savemoney,#budgeting,#budgetingtips,#activities,#daysoutwithkids,#daysout,#makingmemories,#mumlife,#over30club,#l4l,#inspiration,#moneysavingtips,#fun,#familytime,#mumlifeuk,#toptips,#halftermactivities",18,,2022-05-26T14:35:27.000Z,172w
https://www.instagram.com/p/DLIyA_FhMWN/,parenthack,https://www.instagram.com/nature_clean/,nature_clean,"Parent Hack! 🧸✨

Toss plastic toys into a mesh laundry bag and run them through the dishwasher — no more sticky messes, just fresh, clean playtime. 💦♻️

#NatureClean #CleanWithoutCompromise #ParentHack #ToyCleaningTip #EcoParent #MomLife #SustainableLiving #NatureClean","#NatureClean,#CleanWithoutCompromise,#ParentHack,#ToyCleaningTip,#EcoParent,#MomLife,#SustainableLiving,#NatureClean",3,,2025-06-20T21:11:01.000Z,12w
https://www.instagram.com/p/DOpu1qYD6Aa/,parenthack,https://www.instagram.com/emmeryco/,emmeryco,"Every little moment with your baby deserves the right companion 🌿

A swaddle that can be used as a blanket, a romper that keeps playtime breezy, and a Zippy Go that helps mum stay ready anywhere, anytime.

✨ Made with love, designed for ease. Because caring for your little one should feel natural, not complicated. Discover the full range of Emmeryco essentials now at emmeryco.com

#BabyJoy #MadeWithLove #LittleTalesByEmmeryCo #WhimsyAndWonder #KidswearWithAStory #LimitedEditionMagic #ThemeCollection #LittleEmme #NewArrival #EverydayRomper #BabyStyle #LittleExplorer #ParentHack #ZipAndGo #EasyOutfits","#BabyJoy,#MadeWithLove,#LittleTalesByEmmeryCo,#WhimsyAndWonder,#KidswearWithAStory,#LimitedEditionMagic,#ThemeCollection,#LittleEmme,#NewArrival,#EverydayRomper,#BabyStyle,#LittleExplorer,#ParentHack,#ZipAndGo,#EasyOutfits",,,2025-09-16T05:52:23.000Z,11h
https://www.instagram.com/p/DOoPXjREwi_/,parenthack,https://www.instagram.com/the.speakr/,the.speakr,"Tired after a long day? 😴
Upload a bedtime story to The Speakr and let a calm voice read it out loud while you cuddle with your kids 💞

✨ Magical, soothing, and hands-free.

💬 Which bedtime story was YOUR favorite as a child?

#ParentHack #TheSpeakr #BedtimeStories #AudioForKids #FamilyTools #StoryTime #SmartParenting","#ParentHack,#TheSpeakr,#BedtimeStories,#AudioForKids,#FamilyTools,#StoryTime,#SmartParenting",3,,2025-09-15T15:58:09.000Z,1d
https://www.instagram.com/p/DN4lehvE7n6/,parenthack,https://www.instagram.com/theresa_r_ortiz/,theresa_r_ortiz,"🌵🌅 Alright FB BESTIES, LETS DO THIS 🌅🌵 

I’m just shy $800 from earning level 2 to the
 𝓚𝓵𝓮𝓸 𝓖𝓮𝓽𝓪𝔀𝓪𝔂 𝓽𝓸 𝐀𝐑𝐈𝐙𝐎𝐍𝐀!! Earning at this level, Kleo Kolor will gift me Airfare moolah! 

If you’ve been watching me and wondering if these DIY GELS would work for you, they are easy to do & will save you tons of money 💰 💰!!

#parenthack  teenage girls flock to the press ons! They totally drool over ALMOND & COFFIN SHAPES! JS😉

🌵 if you LOVE seeing women crush goals and you want to be apart of my success, comment CACTUS or message 💋",#parenthack,,,2025-08-28T03:47:47.000Z,2w
https://www.instagram.com/p/DObsWk2it2S/,parenthack,https://www.instagram.com/busybrainsactivitypacks/,busybrainsactivitypacks,"School lunches… yet another job to add to the never-ending list, right? 🥪

When my children switched from school dinners to packed lunches, I quickly realised it wasn’t the making of them that felt hard. It was the constant thinking. What to put in, remembering to buy it, making sure it was balanced… all the little things that add up and weigh heavy on your mental load.

So in true me style, I came up with a solution: a Packed Lunch Planner that takes away the decision fatigue, gives children responsibility, and makes the whole process easier for everyone.

✨ And the best bit? It’s completely free.
When you sign up to my email list you’ll not only get this planner, but also access to my whole members-only area which is full of activity ideas, printables and resources I’ve created to make family life a little simpler.

That is what I do at Busy Brains Activity Packs. I spot the problems that make parenting feel harder and I create practical tools to help. Whether it is play, learning or everyday family routines, I have something to support you.

Comment LUNCH below and I’ll send you the link to grab your free copy.

#busymumlife #schoollunchideas #packedlunchbox #parentingtips #simpleparenting #schoolmumlife #primaryschoollife #mumlifeuk #parenthack #parentingmadeeasy #kidslunchboxideas #backtoschooluk #parentsofinstagram #toddlerandkidsfood #busymumsclub #parentingcommunity","#busymumlife,#schoollunchideas,#packedlunchbox,#parentingtips,#simpleparenting,#schoolmumlife,#primaryschoollife,#mumlifeuk,#parenthack,#parentingmadeeasy,#kidslunchboxideas,#backtoschooluk,#parentsofinstagram,#toddlerandkidsfood,#busymumsclub,#parentingcommunity",7,,2025-09-10T19:01:19.000Z,5d
https://www.instagram.com/p/B635BSqACNz/,parenthack,https://www.instagram.com/socialcircleonline/,socialcircleonline,"PARENT HACK: Little kid in grown up situations...
Think religious holidays, weddings, dinner out at a fancy restaurant, a 95th birthday celebration. 
It seems like once our little ones surpass the age of 3 (when society says tantrums are no longer acceptable), they are ‘expected’ to be tiny little adults when out in public. And we as parents (me included) feel the pressure for our kids to perform! To say Hello politely, to smile, make conversation, sit nicely at the table, eat with their mouths closed, have calm bodies and keep their indoor voices on! 
Ack!!! It’s too much!

Today this little peanut was thrown into this exact position... and I was kind of nervous walking in, but she nailed it! Ok, ok she may have asked me over 22 times when the cake was coming out, and I may have wanted to pull my hair out because of it but overall, she played the role of ‘mini adult’ like a pro. *** ‘Played the role?’ Yep! Here’s how it worked: leading up to this event we role played what it would be like at an adult party, in a fun and engaging session of imaginary play. It was then that together we discussed appropriate vs. inappropriate behaviours when at a dinner. She LOVED this time with me. We set the table, got dressed up and had some yummy snacks, pretending to be adults! Then today, on our way to our adult party, we reminisced about our recent imaginary party and decided we would ‘do it, just like we did at home!’ Why am I telling you this? In hopes that it helps you!! When children understand what they are walking into and what is expected of them they have an easier time meeting our expectations. 
Tip: Make a secret signal together, a tap on the nose or a secret word like UNICORNS for your child to use when they feel like they just can’t sit still for one more minute. When they use the signal, excuse yourselves from the table and take a quick walk to the bathroom to have a moment of silly together before returning back. It’s ok to take breaks! 
#parenting #behaviour #momlife #parenthood #reallife #socialskills #todaysparent #parenthack","#parenting,#behaviour,#momlife,#parenthood,#reallife,#socialskills,#todaysparent,#parenthack",37,,2020-01-03T21:53:36.000Z,297w
https://www.instagram.com/p/DLXWjCUORok/,parenthack,https://www.instagram.com/newbornprep101/,newbornprep101,"Tracking wet diapers is a simple way to ensure your baby is staying hydrated and getting enough to eat! Frequent wet diapers are a great sign that your baby is well-hydrated and healthy. 👶🏻👍🏻

Here’s what to expect:

🍼 Newborns:
• Day 1: At least 1 wet diaper
• Day 2: At least 2 wet diapers
• Day 3: At least 3 wet diapers
• Day 4+: Most newborns will have 6+ wet diapers daily as milk/formula intake increases.

🍼 Infants (1+ week old):
• Expect 6-8 wet diapers daily—a sign of good hydration!

🍼 Older Babies (starting solids):
• Wet diapers may decrease slightly but should still be at least 4-6 per day.

💡 How do you know it’s “wet” enough?
• A wet diaper should feel heavier or contain about 2-4 tablespoons of urine. Many diapers have a wetness indicator strip to help you out!

🚨 When to Be Concerned:
• Fewer than 4 wet diapers per day (after the first week of life)
• Dark or strong-smelling urine
• Baby seems lethargic, has a dry mouth, or cries without tears

If you notice any of these signs, reach out to your pediatrician for guidance! 💕

—

This post is for informational purposes only and is not a substitute for medical advice. Always consult your pediatrician with specific concerns about your baby’s health. 

•
•
•

#babylife #firsttimeparents #postpartumjourney #postpartumtips #positiveparentingtips #parenthack #parentlife #positivepatenting #babylife","#babylife,#firsttimeparents,#postpartumjourney,#postpartumtips,#positiveparentingtips,#parenthack,#parentlife,#positivepatenting,#babylife",233,,2025-06-26T13:02:55.000Z,11w
https://www.instagram.com/p/CPGJRw5DUEw/,parenthack,https://www.instagram.com/rogue.family.adventures/,rogue.family.adventures,"👉🏻Parent hack👈🏻 This is probably one of my favorite parent hacks to share with new parents. Double wrap your kiddos mattress in case of middle of the night incidents. (One waterproof mattress protector, then a sheet, then another waterproof mattress protector on top of the first sheet and finish with one more sheet on top) I have done this since my boys were newborns and it has paid off soooo many times. Whether it’s puke or an accident while potty training, I can remove one sheet and one waterproof mattress protector, immediately put my kiddo back to bed and quickly start the washing machine then go back to bed myself 👏🏻 Do any other parents already do this?! #roguefamilyadventures #parenthack #lifewithkiddos #southernoregon #roguevalleyoregon #medfordoregon","#roguefamilyadventures,#parenthack,#lifewithkiddos,#southernoregon,#roguevalleyoregon,#medfordoregon",,,2021-05-20T13:13:28.000Z,225w
https://www.instagram.com/p/DM-BNEFSxAX/,parenthack,https://www.instagram.com/taloomi_/,taloomi_,"Tired of sleepless nights? 😩💤

Meet Taloomi — the plush toy that gently pats your baby to sleep, so you don’t have to. With 3 soothing speeds, remote control, and a breathable, baby-safe design, it’s the helping hand every tired parent needs. 🧸💗

✨ Rechargeable
✨ Machine washable
✨ Designed for comfort + safety

No more midnight rocking. No more endless patting. Just better sleep — for both of you. 🌙

👶 Tap to shop or tag a parent who needs this!
#Taloomi #BabySleepSolution #ParentHack #SleepBetter #MomLife #NewParentEssentials #SoothingToy #NoMoreSleeplessNights","#Taloomi,#BabySleepSolution,#ParentHack,#SleepBetter,#MomLife,#NewParentEssentials,#SoothingToy,#NoMoreSleeplessNights",,,2025-08-05T09:54:53.000Z,6w
https://www.instagram.com/p/DMEM2OfTLKb/,parenthack,https://www.instagram.com/splashlearn/,splashlearn,"Skip the power struggles and try this instead.👇

Help your child reset with SplashLearn’s play-based learning, where calm and focus are part of the journey. (Link in bio)

Save this for later!

#SplashLearn  #kidslearning #learingthroughplay #tanturms #parentingtips #parenthack","#SplashLearn,#kidslearning,#learingthroughplay,#tanturms,#parentingtips,#parenthack",,,2025-07-13T23:00:25.000Z,9w
https://www.instagram.com/p/DOlNL6vkuR0/,parenthack,https://www.instagram.com/gigggyllkids/,gigggyllkids,"Home visits made easy! Kids stay entertained colouring on @gigggyllkids mats, while the grown-ups get quality catch-up time ☕️😉✨

Thank you for sharing these lovely moments of Layla and Amelia with us 😊🧡

~~~~~~~~~~~~~~~~~~~~~~~~

เพื่อนรักมาเยี่ยมบ้านทีไร บรรยากาศก็อบอุ่นเสมอ 🥰 เด็ก ๆ สนุกกันกับการระบายสีบน @gigggyllkids mats 🎨 ส่วนผู้ใหญ่ก็นั่งคุยกันชิล ๆ 🍵🫶🏻🍵

ขอบคุณคุณแม่ของน้องเลย์ลาและน้องอมีเลียที่แวะมาแชร์โมเมนต์น่ารัก ๆ กับเรานะค้า 😊🧡

พิกัดสินค้า 🛒 
🔸Shopee http://shopee.co.th/gigggyllkids
🔹Lazada https://s.lazada.co.th/s.FfrVe
▪️Tiktok https://vt.tiktok.com/ZSro3bMVo

Creating Brighter Minds 💫
เสริมสร้างจินตนาการไร้ขีดจำกัด ได้ทุกที่ทุกเวลา✈️

.
.

#GiggGyllkids #ReusableColouringMat #ParentHack 
#ของเล่นเสริมพัฒนาการ #แก้ปัญหาติดจอ #เลี้ยงลูกเชิงบวก 
#OnTheGo #MessFreeFun #ซิลิโคนแมทระบายสีลบใช้ซ้ำได้","#GiggGyllkids,#ReusableColouringMat,#ParentHack,#ของเล่นเสริมพัฒนาการ,#แก้ปัญหาติดจอ,#เลี้ยงลูกเชิงบวก,#OnTheGo,#MessFreeFun,#ซิลิโคนแมทระบายสีลบใช้ซ้ำได้",1,,2025-09-14T11:41:21.000Z,2d
https://www.instagram.com/p/DOVQ32HDTtj/,parenthack,https://www.instagram.com/curiositycornersensorydough/,curiositycornersensorydough,"Have you seen the oak stamps from @curiositycornersensorydough ? They're great for expanding play and learning about nature. Perfect if your little one loves nature, and a fantastic learning tool if you home school. 

Sized at 2 inches each, they're the perfect size for little ones to independently use. 

UKCA Tested and handmade in the UK 

We have 7 stamp packs to choose from, available for the next working day dispatch.

Link in bio to shop now ❤️

#sensorydough #sensoryplay #handmadeintheuk #homeschooling #homeschool #parenthack #supportsmallbusiness","#sensorydough,#sensoryplay,#handmadeintheuk,#homeschooling,#homeschool,#parenthack,#supportsmallbusiness",8,,2025-09-08T07:05:43.000Z,1w
https://www.instagram.com/p/DOV5k7zD-WJ/,parenthack,https://www.instagram.com/omielifeuk/,omielifeuk,"✨ Dip, dunk & enjoy – meet the OmieDip Pots! 🥕🍯

Perfectly designed to fit inside the OmieBox UP, these little leak-proof pots are just right for dressings, dips, sauces, or tiny treats 🙌

No mess, no spills – just happy snacking on the go 💛

Because sometimes the little extras make the biggest difference 💫 

Link in bio

#BebeLifestyle #OmieBoxUP #OmieDipPots #SnackTimeSorted #LunchboxGoals #HealthyLunchInspo #DipsAndDunks #SmartLunchbox #ParentHack #BentoBoxLove","#BebeLifestyle,#OmieBoxUP,#OmieDipPots,#SnackTimeSorted,#LunchboxGoals,#HealthyLunchInspo,#DipsAndDunks,#SmartLunchbox,#ParentHack,#BentoBoxLove",1,,2025-09-08T13:01:24.000Z,1w
https://www.instagram.com/p/DIStxktsBhn/,parenthack,https://www.instagram.com/titokebs/,titokebs,Parent hack. Take your kids to target to play with the toys and tell them the dog is there to guard the toys till they get back. #parenthack #outsmartyourself,"#parenthack,#outsmartyourself",7,,2025-04-11T04:12:11.000Z,22w
https://www.instagram.com/p/DNBrQU9TJTJ/,parenthack,https://www.instagram.com/art_with_georgie/,art_with_georgie,"Stuck indoors this winter? ❄️ Here’s how art can save the day 🎨

We all know that happy kids = happy Mumma! So swipe through for 10 ways creativity helps calm the chaos, boost focus, and keeps the whole house happy! 🫶

If you had a 🙋‍♀️🙋‍♀️🙋‍♀️ for any of these, then pop on over and join my Kids Art Club for fun, mess-free projects anytime 💛

#KidsArtClub #CreativeKids #IndoorActivities #WinterWithKids #DrawingChallenge #ParentHack","#KidsArtClub,#CreativeKids,#IndoorActivities,#WinterWithKids,#DrawingChallenge,#ParentHack",5,,2025-08-06T20:00:47.000Z,5w
https://www.instagram.com/p/DNaTJ0ZhQwD/,parenthack,https://www.instagram.com/playpouch_kids/,playpouch_kids,"Now is the time!!!!

If you have had your eye on a Play Pouch now is the time to add it to your cart and check out……before 11:59pm Monday when our After Pay Day sale ends!

Get in quick before you miss out!

#playpouch #parenthack #mumhack #playpouchaustralia #storagehack #toybag #weloveplaypouch #playroominspiration #toystorage #playroomsolution #storagesolution #playpouchusa #toyhack #momhack #toystoragesolution #toypouch #toysack #playpouchaus #motherhoodunplugged #originalplaypouch #afterpayday","#playpouch,#parenthack,#mumhack,#playpouchaustralia,#storagehack,#toybag,#weloveplaypouch,#playroominspiration,#toystorage,#playroomsolution,#storagesolution,#playpouchusa,#toyhack,#momhack,#toystoragesolution,#toypouch,#toysack,#playpouchaus,#motherhoodunplugged,#originalplaypouch,#afterpayday",1,,2025-08-16T09:30:27.000Z,4w
https://www.instagram.com/p/B8KelPKpS81/,parenthack,https://www.instagram.com/dittybirdbooks/,dittybirdbooks,Parent Hack 🙇🏻‍♀️ Keep a basket of no-mess toys in the bathroom to entertain the kiddos while you get ready! Skip the screens and try this fun arrangement from McManemin Companies’ vendors. 💡{Extra Tip} Change toys out monthly to keep them interested and entertained. 😄 #mcmco #thisisfun #momscanshowerinpeaceagain #noscreens #parenthack #momlife #dadlife  @toysmithtoys @dittybirdbooks @lalaboom.toys @juratoys ——-> More on #lalaboomtoys coming soon!,"#mcmco,#thisisfun,#momscanshowerinpeaceagain,#noscreens,#parenthack,#momlife,#dadlife,#lalaboomtoys",12,,2020-02-04T23:39:33.000Z,292w
https://www.instagram.com/p/DNEwClwIa8B/,parenthack,https://www.instagram.com/cart.crush.lb/,cart.crush.lb,"📚 BACK TO SCHOOL SURVIVAL MODE: ON
Cool supplies = Happy kids = Chill parents 😎

🛍️ Just send us the Shein link —
You pay only for the item, we handle the rest.
🚚 FREE shipping, always.
💬 DM @CartCrush now.

If you're reading this, you still have time... barely. ⏳

#CartCrush #BackToSchool2025 #ParentHack #SheinFinds #FreeShipping #SchoolPrep #MomLife #TeenStyle #LastMinuteShopping","#CartCrush,#BackToSchool2025,#ParentHack,#SheinFinds,#FreeShipping,#SchoolPrep,#MomLife,#TeenStyle,#LastMinuteShopping",6,,2025-08-08T00:39:36.000Z,5w
https://www.instagram.com/p/DLYUam7N4F1/,parenthack,https://www.instagram.com/kidtokidgreenvillesc/,kidtokidgreenvillesc,"Your kid’s old clothes won’t pay tariff fees—but they will pay you. Bring them in for cash or store credit and score their summer wardrobe without the sticker shock. 
.
.
.
#ParentHack #CashForKidsStuff #KidToKid","#ParentHack,#CashForKidsStuff,#KidToKid",1,,2025-06-26T22:00:17.000Z,11w
https://www.instagram.com/p/CwldYsENQHW/,parenthack,https://www.instagram.com/mindbodybumpandbaby/,mindbodybumpandbaby,"Parent Hack
Teenagers: Help them to feel strong, confident and independant. Ask them to do this to help or protect you. Ask them to check the house is locked up at night, lift the heavy things for you or with you, give them projects that need responsibility. This gives them the opportunity to step up and feel confident, responsible and they'll probably start doing other things that they think of for themselves 💜

 #parenthack #hack #mumsmatter","#parenthack,#hack,#mumsmatter",2,,2023-08-30T22:21:05.000Z,106w
https://www.instagram.com/p/DOjvS-EAJe5/,parenthack,https://www.instagram.com/bostonpizza_westgate/,bostonpizza_westgate,"Parents, don’t sleep on this deal! 😴❌🍕
Our $5 Kids Card gives you 5 FREE meals for your little one—and a bonus 6th when you register online.
It’s basically magic (but tastier). ✨
Perfect for after-school bites or weekend family outings!

#ParentHack #BostonPizza #KidsMealDeal","#ParentHack,#BostonPizza,#KidsMealDeal",2,,2025-09-13T22:00:56.000Z,2d
https://www.instagram.com/p/DHzgsWlJS4S/,parenthack,https://www.instagram.com/thedanayers/,thedanayers,Parent Hack… #parenthack #iykyk #babybottle #wine,"#parenthack,#iykyk,#babybottle,#wine",,,2025-03-30T01:21:25.000Z,24w
https://www.instagram.com/p/CoFQOg9r9jX/,parenthack,https://www.instagram.com/littlebeansplaycafe.ca/,littlebeansplaycafe.ca,"We've got a parent hack for busy weekends at Little Beans 👉  now you can:

- check online to see if there is a current waiting list to play at the cafe (if the waitlist says closed we do not have a waitlist at that time) 
- add yourself to the waiting list from home.
- wait for our text message as soon as we have space for you!

We know the struggle of packing kids up and having them be excited to play - only to find out that your destination is at capacity. This way you can check ahead and avoid possible disappointment. 

#wevegotyou #waitlist #parenthack #littlebeansplaycafe #portmoody","#wevegotyou,#waitlist,#parenthack,#littlebeansplaycafe,#portmoody",34,,2023-02-05T00:41:26.000Z,136w
https://www.instagram.com/p/DN3fiJi0qTQ/,parenthack,https://www.instagram.com/wittywicks/,wittywicks,"Pickup-line peace ➡️ Dorm-room fresh. 🚗💜🧺
Our Car Diffusers are back-to-school MVPs:
• Lavender + Bergamot = calm for the carpool crawl
• Laundry Day = “smells like home” for the dorm

Available In-store & online—link in bio!

Don’t forget…
Back-to-School Appreciation: 10% off storewide for students, teachers & school employees with school ID — now through Sun, Aug 31. In-store only. (Excludes Nola Watkins & Nora Fleming.)

#BackToSchool #ParentHack #DormEssentials #WittyWicks #ShopCuse #CNY #315 #Syracuse","#BackToSchool,#ParentHack,#DormEssentials,#WittyWicks,#ShopCuse,#CNY,#315,#Syracuse",7,,2025-08-27T17:37:50.000Z,2w
https://www.instagram.com/p/DNX_eCOMC4q/,parenthack,https://www.instagram.com/2maidsatlanta/,2maidsatlanta,Early alarms. Carpool chaos. Crushed Goldfish in the carpet. 🫠Skip the stress—let us handle the mess. 🧼💪✨ Book your clean today & breathe easier tomorrow. #BackToClean #ParentHack,"#BackToClean,#ParentHack",1,,2025-08-15T12:00:00.000Z,4w
https://www.instagram.com/p/DOkeKOMEUt4/,parenthack,https://www.instagram.com/fit.ish.mixing.mum/,fit.ish.mixing.mum,"🥞💪 Easy Protein Waffles = Parent Hack Level 100 💪🥞

This batch was made by my 6 year old ☀️

✅ Freezer friendly
✅ Straight into the toaster
✅ Breakfast served in 2 minutes flat

Kids think I’m spoiling them with waffles… meanwhile I’m just sneaking protein into their morning like a waffle-ninja 🥷✨

#WaffleGoals #ParentHack #ProteinPower #BreakfastWin","#WaffleGoals,#ParentHack,#ProteinPower,#BreakfastWin",,,2025-09-14T04:50:25.000Z,2d
https://www.instagram.com/p/B7UwXIDnNHS/,parenthack,https://www.instagram.com/towardswastefree/,towardswastefree,"Parent hack for reducing waste from wet wipes and net reduction of plastic packaging. We can’t claim original credit for this great way of reducing plastics involved in baby wipes but it’s a great #parenthack . You’ll need a roll of paper towel (makes two batches), a plastic container big enough to fit 1/2 roll of paper towel, jab saw, olive oil, organic baby wash, tablespoon measure, kettle to boil water and measuring cup. We normally use #whogivesacrap paper towel but they won’t deliver to our new country house so we’ve been buying the largest number of paper towels in one package from supermarket until we find a workaround. 
1. Cut paper towel in half with jab saw on chopping board.

2. Boil water in kettle.

3. Add 1 tablespoon of olive oil and 1 tablespoon of organic baby wash to measuring jug.

4. Top up to 250ml with boiling water (1 cup for those of you in the United States) and pour over paper towel in your plastic container. Let soak through for 10 minutes and remove cardboard roll. Voila! Cheap eco (low plastic) baby wipes! 
Also better for your kids skin as you’re not using the alcohol in baby wipes on their skin. 
P.S. These baby wipes (just like store bought baby wipes) *can’t be flushed down the toilet* but because they are made completely from paper you could potentially compost them if you have a composting and worm farm setup, hence reducing landfill further. 
#towardswastefree #reducingplasticwaste #parentlyfe #parenthood #parenthacks #reduceplasticwaste #reducewaste","#parenthack,#whogivesacrap,#towardswastefree,#reducingplasticwaste,#parentlyfe,#parenthood,#parenthacks,#reduceplasticwaste,#reducewaste",4,,2020-01-15T02:55:56.000Z,295w
https://www.instagram.com/p/DOgNQuKEddv/,parenthack,https://www.instagram.com/dadandburied/,dadandburied,#parenthack,#parenthack,1086,,2025-09-12T13:05:48.000Z,4d
https://www.instagram.com/p/DOoYmttie11/,parenthack,https://www.instagram.com/paperloomofficial/,paperloomofficial,"This little dino is SO excited to join your classroom, lunchbox, or water bottle!
Teachers & parents — brighten someone’s day ❤️

Comment with your favorite dino emoji if you know a kid who would LOVE this! And if you want to see more dinos, follow along to see what’s next🛸✨

#DinoSticker #TeacherLife #ParentHack #ClassroomInspo #StickerSwap 
#KidsCrafts #FunLearning #BackToSchoolVibes #WholesomeContent 
#MontessoriAtHome #CuteStickers #StickerAddict #ClassroomDecor 
#HomeschoolLife #PositiveVibesOnly","#DinoSticker,#TeacherLife,#ParentHack,#ClassroomInspo,#StickerSwap,#KidsCrafts,#FunLearning,#BackToSchoolVibes,#WholesomeContent,#MontessoriAtHome,#CuteStickers,#StickerAddict,#ClassroomDecor,#HomeschoolLife,#PositiveVibesOnly",,,2025-09-15T17:18:51.000Z,23h
https://www.instagram.com/p/DBwDjNuN8ib/,parenthack,https://www.instagram.com/kidsgardencolumbia/,kidsgardencolumbia,"Parent Hack: Enjoy a candy-free Halloween! 🎃 🍂
Instead of overloading the little one with tons of candy, try these fun alternatives to keep the Halloween spirit alive without the sugar rush.

👻 Halloween-Themed Goodie Bags: Fill bags with non-candy treats like stickers, glow sticks, temporary tattoos, or fun pencils. Kids love collecting these goodies just as much as candy!

🎃 DIY Pumpkin Decorating Kits: Instead of sweets, give out small pumpkins with art supplies (markers, stickers, and paint) for kids to decorate at home. It’s a creative way to celebrate!

🎨 Fall Crafts and Activities: Hand out mini craft kits or activity sheets with Halloween-themed crafts. This keeps kids entertained and encourages creativity.

🍎 Healthy Treats: Consider giving out fun fruit snacks, popcorn balls, or homemade trail mix. You can even make it festive by using Halloween-themed packaging!

🔍 Spooky Scavenger Hunt: Organize a neighborhood scavenger hunt with Halloween-themed items to find instead of candy. Kids will have a blast hunting for treats!
By getting creative with your Halloween treats, you can make the holiday just as special without the candy overload! 🙌

#creativehalloweentreats #candyfreehalloween #parenthack","#creativehalloweentreats,#candyfreehalloween,#parenthack",12,,2024-10-30T14:00:44.000Z,45w
https://www.instagram.com/p/CJ3mvKjj2vg/,parenthack,https://www.instagram.com/theparentpack/,theparentpack,"💡 Parent Hack 💡 

If you have an iPad or iPhone you also have your very own scanner! How useful is this for homeschooling... you just need to open the ‘Notes’ app. The open a new note and go to the camera button. The option to scan will then pop up! A scanned document will email better than a photo and you can add your own notes and comments to it! 
Things like this just make life so much easier!
#parenthack #homeschooling","#parenthack,#homeschooling",56,,2021-01-10T15:04:45.000Z,244w
https://www.instagram.com/p/B4Qa2P4hwZp/,parenthack,https://www.instagram.com/mikeydenton/,mikeydenton,"Parent hack! When your toddler wants to practice cracking eggs 🥚 just put a mesh strainer over a bowl to catch the shell pieces. It worked amazingly well! Also, he decided to put rosemary, sea salt and onion powder in the 🍳 scrambled eggs 🤤 Ummm SO GOOD! Florin has great kitchen intuition. 🤗 #momlife #cooking #kidscookrealfood #parenthacks #parenthack #momhacks #momhack #lifehacks","#momlife,#cooking,#kidscookrealfood,#parenthacks,#parenthack,#momhacks,#momhack,#lifehacks",39,,2019-10-30T20:56:48.000Z,306w
https://www.instagram.com/p/DN3BA0M5Lk4/,parenthack,https://www.instagram.com/gigggyllkids/,gigggyllkids,"After school wind-down 🖍️✨ Colouring on @gigggyllkids silicone mat — easy to wipe, fun and oh-so-enjoyable!🌟

Colour ✍🏻 Wipe 🧻 Repeat ♻️ 

หลังเลิกเรียน… เวลาผ่อนคลายของเด็ก ๆ 🍃 ระบายสีไป ลบไป เล่นเพลินๆ ระหว่างรอคุณพ่อคุณแม่ทำอาหารเย็น 🍲✨

Creating Brighter Minds 💫
เสริมสร้างจินตนาการไร้ขีดจำกัด ได้ทุกที่ทุกเวลา✈️
.
.
#GiggGyllkids #ReusableColouringMat #ParentHack 
#ของเล่นเสริมพัฒนาการ #แก้ปัญหาติดจอ #เลี้ยงลูกเชิงบวก 
#OnTheGo #MessFreeFun #ซิลิโคนแมทระบายสีลบใช้ซ้ำได้","#GiggGyllkids,#ReusableColouringMat,#ParentHack,#ของเล่นเสริมพัฒนาการ,#แก้ปัญหาติดจอ,#เลี้ยงลูกเชิงบวก,#OnTheGo,#MessFreeFun,#ซิลิโคนแมทระบายสีลบใช้ซ้ำได้",,,2025-08-27T13:11:49.000Z,2w
https://www.instagram.com/p/Cp3n6fZPSyp/,parenthack,https://www.instagram.com/wanglerslive/,wanglerslive,"Parent hack: Teach your kids how to bait at a young age so they can do it for you!!! 🪱 🤢 🎣 
.
.
.
#parenthack #parentingtips #parentwin #fisherman #oldhickory #heaven #babylove","#parenthack,#parentingtips,#parentwin,#fisherman,#oldhickory,#heaven,#babylove",67,,2023-03-16T23:59:39.000Z,130w
https://www.instagram.com/p/DNQYFDAo5DQ/,parenthack,https://www.instagram.com/playparkmtx/,playparkmtx,"🎉 Parents — we made it through summer!
The snack piles, the screen time battles, the endless “I’m bored”s… you survived, and your kids made core memories along the way. 🛝💛

Now that school’s almost back, we want to know:
👉 What was your kids' favorite memory from this summer?
Or be honest... what are YOU most excited about now that school’s starting? 😅

Drop it in the comments — let’s celebrate the wins (and the survival)!

#PlayParkMTX #WeSurvivedSummer #ParentHack #CoreMemories #BackToSchoolReady #PlayWithoutLimits","#PlayParkMTX,#WeSurvivedSummer,#ParentHack,#CoreMemories,#BackToSchoolReady,#PlayWithoutLimits",7,,2025-08-12T13:01:07.000Z,5w
https://www.instagram.com/p/DNKzhF1tllE/,parenthack,https://www.instagram.com/scrapples_snacks/,scrapples_snacks,"It'll brush right off, promise. One less thing for you to worry about on your family beach trips ⛱️
#summertime #parenthack #dontforgettopackthescrapples","#summertime,#parenthack,#dontforgettopackthescrapples",4,,2025-08-06T09:05:58.000Z,5w
https://www.instagram.com/p/B3-CsukpvEQ/,parenthack,https://www.instagram.com/floshea_harrigan/,floshea_harrigan,"t h e little guy at the table that's blocking me with his hand had spinach (from his uneaten dinner) for breakfast this morning 😌 // ::PARENT HACK:: whatever is protested for dinner for illogical reasons is to be eaten in the morning for breakfast 😂 • he still protested this morning but so did I 🤨 • eventually little buddy got hungry enough to eat what was offered • this parent hack usually works for us (if we stick to it) or I'll do the ole take turns strategy (one bite of something they want and one bite of the 'protested' food until it's all eaten) .
BUT then there are the days you choose to lose the battle and give them the cookies instead of the spinach because they'll still live and you'll have your peace 🙌🏽😅
.
Y'all ever tried this trick??
.
.
#momof4 #momlife #toddlerlife #themtoddlerstho #eatyourfoodlittleguy #eatyourveggies #parenthack #fulltimervfamily #homeonwheels #tinyliving","#momof4,#momlife,#toddlerlife,#themtoddlerstho,#eatyourfoodlittleguy,#eatyourveggies,#parenthack,#fulltimervfamily,#homeonwheels,#tinyliving",136,,2019-10-23T17:39:26.000Z,307w
https://www.instagram.com/p/DOKJDIggRkM/,parenthack,https://www.instagram.com/bflf_usa/,bflf_usa,"I feel like Superman would make a great baby sitter! Anyone that lets me take a nap is MY hero! 🦸‍♂️🤣

But, you don’t need a babysitter for our events. You MUST bring the kid or else we won’t let you in! 🤩

The OG family rave: 2-4 hour party people 😉

Upcoming SoCal Events

September 28 - Los Angeles
October 26 - Long Beach 
November 9 - Pomona
November 16 - Hollywood 

🎟️ Ticket link in bio @bflf_usa

💚💚💚💚💚

#bflfevents #parentinghumor #parentalk #parenthack #parentingmemes","#bflfevents,#parentinghumor,#parentalk,#parenthack,#parentingmemes",,,2025-09-03T23:25:43.000Z,1w
https://www.instagram.com/p/DOgrhn4jgJh/,parenthack,https://www.instagram.com/noveleducationgroup/,noveleducationgroup,"Because sometimes the best teachers live online (and don’t assign homework). 💻📚 Tap through for our favorite free learning sites every parent should know.

#HomeschoolTools #LearningMadeFun #SmartLearning #HomeschoolResources #FreeLearning #ParentHack #HomeschoolCommunity #OnlineLearningForKids #LearningAtHome #HomeschoolLife #noveleducationgroup","#HomeschoolTools,#LearningMadeFun,#SmartLearning,#HomeschoolResources,#FreeLearning,#ParentHack,#HomeschoolCommunity,#OnlineLearningForKids,#LearningAtHome,#HomeschoolLife,#noveleducationgroup",4,,2025-09-12T17:30:14.000Z,3d
https://www.instagram.com/p/DAUAKKmt6uG/,parenthack,https://www.instagram.com/foundationselc/,foundationselc,"Parent Hack✨

When your infant needs to be soothed but walking around isn't working, try an exercise ball. This provides the bouncing motion your baby is seeking, and gives you the opportunity to sit and take a break!

#parents #parenthack #parentsofinfants #infantcare #newborns #babybouncing #soothingbabies","#parents,#parenthack,#parentsofinfants,#infantcare,#newborns,#babybouncing,#soothingbabies",,,2024-09-24T20:00:57.000Z,50w
https://www.instagram.com/p/DOdaRgxDIkp/,parenthack,https://www.instagram.com/berrybandskids/,berrybandskids,"Hint: They're made for messy little snackers! 🍑👶

...
#BerryBands #MadeForParents #ParentHack #SomethingJuicy #SnackHack #CatchTheDrips","#BerryBands,#MadeForParents,#ParentHack,#SomethingJuicy,#SnackHack,#CatchTheDrips",3,,2025-09-11T11:01:47.000Z,5d
https://www.instagram.com/p/DOZGS7WjiX6/,parenthack,https://www.instagram.com/venuswilliams/,venuswilliams,"PACKED with superfoods 🥬✈️ When Venus was diagnosed with an autoimmune disorder, she started packing her blender in her carry on to maintain her strict diet for her return to tennis. Her solution? Creating Happy Viking for superfoods & space! Bye bye blender! 👋",,19,,2025-09-09T18:50:16.000Z,6d
https://www.instagram.com/p/DNiUCXKMJ66/,parenthack,https://www.instagram.com/kidstoysng/,kidstoysng,"“Your toddler’s new obsession just dropped.
No batteries, no noise—just pure brain-building magic 🧠✨
₦14,500 and worth every giggle.”

#SmartKidsClub #PuzzlePlaytime #ToddlersOfInstagram #ParentHack #AffordableJoy #LearningMadeFun #NigerianMoms #PlaySmart #GearUp #ShopSmallNG","#SmartKidsClub,#PuzzlePlaytime,#ToddlersOfInstagram,#ParentHack,#AffordableJoy,#LearningMadeFun,#NigerianMoms,#PlaySmart,#GearUp,#ShopSmallNG",3,,2025-08-19T12:12:06.000Z,4w
https://www.instagram.com/p/CwvwdKQN5Vx/,parenthack,https://www.instagram.com/mindbodybumpandbaby/,mindbodybumpandbaby,"Parent Hack
Amazon Prime Parents with a Baby Registry can get 15% discount on up to £2,000 worth of items. 

#hack #hacks #parenthack #parenthacks","#hack,#hacks,#parenthack,#parenthacks",2,,2023-09-03T22:20:08.000Z,106w
https://www.instagram.com/p/CVa5bSyMdKH/,parenthack,https://www.instagram.com/missdivorceeandherfamily/,missdivorceeandherfamily,"Parent Hack 

This time of year is when we all start racking up Christmas lists and hold off buying things before the big day. But if your children are anything like mine that sometimes ends in drama when you say no! 

So tell them to hold what they want and take a photo for their Christmas lists. That way you remember what it is and where it’s from and they walk away happy!",,335,,2021-10-24T17:46:49.000Z,203w
https://www.instagram.com/p/DM6k_GEztJH/,parenthack,https://www.instagram.com/nataliemichelleastrology/,nataliemichelleastrology,"The moon will be in Sagittarius until Wednesday 1:04am AWST.
So for the next two days we have both our luminaries, the sun (in Leo) and the moon (in Sag) in FIRE 🔥signs! So, now you know the collective mood for the next couple of days you can flow with these energies. Get outside, do something new, have fun, explore, let your kids exaggerate stories and be loud. It’s the mood for it. Just be mindful not to overdo things or inflate your ego- as that can happen with these two signs. 

Enjoy this Yang energy !! 

#astrology #moon #leoseason #sagittariusmoon #parenthack #vibeoftheday","#astrology,#moon,#leoseason,#sagittariusmoon,#parenthack,#vibeoftheday",6,,2025-08-04T01:50:35.000Z,6w
https://www.instagram.com/p/DOmA00MjPR2/,parenthack,https://www.instagram.com/aw_arena_/,aw_arena_,"😀Afterschool Meal & Play every week day 🎉

⏰ 3.30pm - 7pm

ONLY £7

‼️No need to book, can just turn up & pay on the door 

📍 AW Arena – Ellesmere Port
(Just 2 minutes from Cheshire Oaks, CH2 4SA)

⸻

⭐ Facilities at AW Arena
 • 🧸 Soft Play: A safe and fun space for children to explore
 • 🎯 Darts: Great entertainment for adults
 • 🎱 Pool: Challenge your friends and unwind
 • ☕ Café: Freshly prepared food, snacks & drinks served daily

📞 01244 267975 | 📧 enquiries@awarena.co.uk

⚽ #AWArena #LiveSport #Foodie #EllesmerePort #ParentHack #softplay #darts","#AWArena,#LiveSport,#Foodie,#EllesmerePort,#ParentHack,#softplay,#darts",5,,2025-09-14T19:12:34.000Z,1d
https://www.instagram.com/p/DNBSFTGt5Hh/,parenthack,https://www.instagram.com/gowheeapp/,gowheeapp,"That’s hours wasted jumping between Google Maps, Yelp, blogs, Instagram posts… all hoping to find the real family-friendly spots.

GoWhee puts what parents actually need — age-appropriate places, bathrooms, stroller access, fenced areas — all in ONE app.

Less searching. More exploring. More time for the fun stuff. 🙌

#GoWheeApp #ParentPoweredTravel #FamilyTravelSimplified #SkipTheGuesswork #TravelWithKids #ParentHack""","#GoWheeApp,#ParentPoweredTravel,#FamilyTravelSimplified,#SkipTheGuesswork,#TravelWithKids,#ParentHack",1,,2025-08-06T16:20:09.000Z,5w
https://www.instagram.com/p/CojTMOPtCvt/,parenthack,https://www.instagram.com/boymomconfessions/,boymomconfessions,"Parent hack: don't buy more than 5 tupperwares unless you want to wash 500 every day

#boymomconfessions #raisingboys #tupperware #real #realmom #parenthack #boymom #momhood #toddler #momofboys","#boymomconfessions,#raisingboys,#tupperware,#real,#realmom,#parenthack,#boymom,#momhood,#toddler,#momofboys",2,,2023-02-12T06:02:22.000Z,135w
https://www.instagram.com/p/DGRTh_NRPoi/,parenthack,https://www.instagram.com/sunshinehousecenters/,sunshinehousecenters,"Parent Hack! ✨ Trying to find ways to keep your kids active during the colder months? Host impromptu dance parties to get everyone movin' and groovin'. 🕺🏼

Put together a playlist of household favorite tunes and bust a move! 💃🏼🎶 If your kids have extra energy to shake off before bed, find a place in the house with low lighting and use glow sticks for additional fun.

#movingandgrooving #dancepartiesforkids #danceitout #earlylearning #earlychildhood #grossmotorskills #earlychildhooddevelopment #parenthack #protip #protipsforparents #parentprotip","#movingandgrooving,#dancepartiesforkids,#danceitout,#earlylearning,#earlychildhood,#grossmotorskills,#earlychildhooddevelopment,#parenthack,#protip,#protipsforparents,#parentprotip",1,,2025-02-19T22:00:55.000Z,29w
https://www.instagram.com/p/DMABHwONp9c/,parenthack,https://www.instagram.com/myschoolconnect/,myschoolconnect,"Kicking back for the school holidays? You’ve earned it!

When the time comes to start thinking about Term 3 (we know... not just yet!), My School Connect makes it easy to get organised — uniforms, books, lunch orders and more, all sorted in a few taps.

So for now, relax — we’ll be here when you're ready. 

#MySchoolConnect #SchoolHolidays #Term3Prep #BackToSchoolMadeEasy #ParentHack","#MySchoolConnect,#SchoolHolidays,#Term3Prep,#BackToSchoolMadeEasy,#ParentHack",1,,2025-07-12T08:01:15.000Z,9w
https://www.instagram.com/p/DN-1Gr-jvNH/,parenthack,https://www.instagram.com/lily_and_sol/,lily_and_sol,"✨ LABOR DAY FLASH SALE STARTS NOW! ✨

Enjoy 15% sitewide all weekend long, no code needed. Treat yourself to the ultimate family bag, you deserve it! 🩵

Perfect for:

- everyday diaper bag
- parents of multiples 
- family travel 
- full day outings
- pumping mamas
- infant daycare bag
- outdoor adventures 
- theme park trips 
- hospital bag for new parents 
- overnights with grandparents
. . . AND MORE!

Sale ends 11:59pm EST on 9/2/25.

www.lilyandsol.com

—————————————

#labordaysale #labordayweekend #diaperbackpack #familytravel #babystuff #toddler #baby #parenting #parenthack #momhacks #newmom #newdad #familyadventures #flashsale #babyshower #babyregistry #babygift","#labordaysale,#labordayweekend,#diaperbackpack,#familytravel,#babystuff,#toddler,#baby,#parenting,#parenthack,#momhacks,#newmom,#newdad,#familyadventures,#flashsale,#babyshower,#babyregistry,#babygift",7,,2025-08-30T13:59:47.000Z,2w
https://www.instagram.com/p/DOY8GvlCZxK/,parenthack,https://www.instagram.com/littlelearnersclub2025/,littlelearnersclub2025,"💡 Parent Hack: Bedtime Routine Chart 🌙✨

Bedtime doesn’t have to be a battle! Try using a simple routine chart with steps like:
🛁 Bath
👕 Pajamas
📚 Storytime
😴 Sleep

Kids LOVE checking off each step ✅ — it makes bedtime smoother, calmer, and even fun 💕

👉 Would you like me to share a free printable bedtime chart you can use at home? Comment ⭐ if yes!

#LittleLearnersClub #ParentingTips #MomLife #BedtimeRoutine #ParentHack #LearningThroughPlay","#LittleLearnersClub,#ParentingTips,#MomLife,#BedtimeRoutine,#ParentHack,#LearningThroughPlay",,,2025-09-09T17:21:13.000Z,6d
https://www.instagram.com/p/DNGLL1Mtzs1/,parenthack,https://www.instagram.com/myonlinefindss/,myonlinefindss,"Link in bio ✨🛒👆
By @iamerineller 
⚠️A Please Contact Us Via DM For Credit or Removal.
#asmr #camping #campinghack #parenthack #cot#foldingbed #foldingchair #sportsmom#homegadgets #outdoorgadgets #gadget","#asmr,#camping,#campinghack,#parenthack,#cot,#foldingbed,#foldingchair,#sportsmom,#homegadgets,#outdoorgadgets,#gadget",149,,2025-08-08T13:56:01.000Z,5w
https://www.instagram.com/p/CL43NTOH7wK/,parenthack,https://www.instagram.com/sissys_get_shrinking/,sissys_get_shrinking,"Parent Hack : Lockdown Edition | Part 2 😂
Pop down to your local park/feild and BEAT the kids at sprints 😂. It will keep them HUMBLE and occupied for a solid 30secs🙃😅🥴. 

*this was filmed yesterday 😂

#lockdown #parenthack #dancecomp #justdance #dancecompetiton #kanikani #funmums #covid #stayathomemum #coolmum","#lockdown,#parenthack,#dancecomp,#justdance,#dancecompetiton,#kanikani,#funmums,#covid,#stayathomemum,#coolmum",,,2021-03-01T20:09:52.000Z,237w
https://www.instagram.com/p/DNyIeBZUGJs/,parenthack,https://www.instagram.com/under_fourteen_only/,under_fourteen_only,"Because parenting doesn’t come with a manual… but hey, hacks like these make it a little easier 😉✨ 
.
.
.
.
#UnderFourteenOnly #ComingSoon #StayTuned #ExcitingThingsToCome #CannotWait #BehindTheScenes #Kiddults #KidsWearIndia #PackagingDesign #PackagedWithLove #Love #SendingOut #OrdersToBeDispatched #GoingOutToday
#MondayMood #BlueVibes #OutfitOfTheDay #Featured #FeaturingYou #ghibiliart❤️ #fyp #viralvídeos #ghibilistudio #fypage #ActionFigureTrend #actionfigurecollection #trendsoninstagram #ParentHack #U14Kidswear","#UnderFourteenOnly,#ComingSoon,#StayTuned,#ExcitingThingsToCome,#CannotWait,#BehindTheScenes,#Kiddults,#KidsWearIndia,#PackagingDesign,#PackagedWithLove,#Love,#SendingOut,#OrdersToBeDispatched,#GoingOutToday,#MondayMood,#BlueVibes,#OutfitOfTheDay,#Featured,#FeaturingYou,#ghibiliart❤️,#fyp,#viralvídeos,#ghibilistudio,#fypage,#ActionFigureTrend,#actionfigurecollection,#trendsoninstagram,#ParentHack,#U14Kidswear",7,,2025-08-25T15:39:47.000Z,3w
https://www.instagram.com/p/DMrdC9AhTN8/,parenthack,https://www.instagram.com/toyrush.co/,toyrush.co,"“Because yelling across the house is so last season.” 😅📻
Let your kids chat in style—with a walkie talkie in their hand and a mission in mind! 

With up to 1000ft range, clear voice, and one-touch call… it’s time to roar and explore! 🌲🎙️
Perfect for indoor missions or backyard quests!

#ParentHack #WalkieSquad #ToyRush #Walkietalkietoy #dinowalkietalkie #walkietalkie #kidstoys #kidsreturngift #kidsgifting","#ParentHack,#WalkieSquad,#ToyRush,#Walkietalkietoy,#dinowalkietalkie,#walkietalkie,#kidstoys,#kidsreturngift,#kidsgifting",,,2025-07-29T04:52:36.000Z,7w
https://www.instagram.com/p/DNkr99BKfGq/,parenthack,https://www.instagram.com/minhjemmeundervisning/,minhjemmeundervisning,"De voksne maler på huset🎨, de små maler plattingen 💧

#kreativebarn #lifehack #parenthack #foreldreogbarn #foreldretips","#kreativebarn,#lifehack,#parenthack,#foreldreogbarn,#foreldretips",7,,2025-08-20T10:19:44.000Z,3w
https://www.instagram.com/p/DMiM-7FtuSq/,parenthack,https://www.instagram.com/icleverkids/,icleverkids,"[𝐂𝐋𝐎𝐒𝐄𝐃]

🎒BACK TO SCHOOL GIVEAWAY 🎧📚
We always ask: Are the kids ready for back to school?
But let’s be honest… are WE ready? 😅

Whether you're a parent or teacher, the back-to-school rush is real. That’s why we’re giving away iClever Wired Kids Headphones, school essentials that help make things easier. 🎧

✨ How to enter:
1️⃣ 𝐅𝐨𝐥𝐥𝐨𝐰 @icleverkids
2️⃣ 𝐋𝐢𝐤𝐞 this post
3️⃣ 𝐂𝐨𝐦𝐦𝐞𝐧𝐭 how you feel about back to school (excited? nervous? or any other)

📆 Giveaway will ends 𝟑𝐫𝐝 𝐀𝐮𝐠𝐮𝐬𝐭, 𝟐𝟎𝟐𝟓.

—
The 𝟓 winners will be randomly selected and announced via story on 𝟒𝐭𝐡 𝐀𝐮𝐠𝐮𝐬𝐭, 𝟐𝟎𝟐𝟓. iClever reserve the right to final interpretation.

#Giveaways #iClever #iCleverkidsheadphones #Kidsheadphones #Headphones #Wired #Durable #Kidsproof #Parenting #ParentHack #Backtoschool #Backtoschoolhual","#Giveaways,#iClever,#iCleverkidsheadphones,#Kidsheadphones,#Headphones,#Wired,#Durable,#Kidsproof,#Parenting,#ParentHack,#Backtoschool,#Backtoschoolhual",528,,2025-08-04T11:00:34.000Z,6w
https://www.instagram.com/p/DOHFSZNie85/,parenthack,https://www.instagram.com/yoquierobrands/,yoquierobrands,"The best snacks in life...are the ones you keep all to yourself.

Drop a 🥑 if you have a secret snack stash. 

#momhack #parenthack #parenthumor #snackstash","#momhack,#parenthack,#parenthumor,#snackstash",18,,2025-09-02T18:55:10.000Z,1w
https://www.instagram.com/p/DM6fWgIJYlp/,parenthack,https://www.instagram.com/shopdiaperbuddy/,shopdiaperbuddy,"🎯 Pop it open like a pro.
One smooth click and your essentials are right where you need them. DiaperBuddy is designed for single-hand, mid-tantrum, mid-wiggle access.
#PopIt #ParentHack #diaperbuddy","#PopIt,#ParentHack,#diaperbuddy",16,,2025-08-04T01:01:21.000Z,6w
https://www.instagram.com/p/B37CfOOhXd1/,parenthack,https://www.instagram.com/jackie_hind/,jackie_hind,"🤣 parent hack right there 🤣
.
.
.
.
.
.
.
.
#workfromhome funny #lol #lifehack #parenthack #itworks  #hilarious #laugh #laughing #fun #friends #photooftheday #friend #wacky #crazy #silly #witty #instahappy #joke #jokes #joking #epic #instagood #instafun #funnypictures #haha #justalaugh #couldwork #thiscouldwork","#workfromhome,#lol,#lifehack,#parenthack,#itworks,#hilarious,#laugh,#laughing,#fun,#friends,#photooftheday,#friend,#wacky,#crazy,#silly,#witty,#instahappy,#joke,#jokes,#joking,#epic,#instagood,#instafun,#funnypictures,#haha,#justalaugh,#couldwork,#thiscouldwork",34,,2019-10-22T13:39:52.000Z,308w
https://www.instagram.com/p/CsqsPUDAs3x/,parenthack,https://www.instagram.com/rentjoylet/,rentjoylet,"🚨SAVE this Parent Hack 🚨 

These days baby gear is infused with technology and features to calm and soothe babies. Not to mention, new fabrics and styles. 

What was top-of-the-line for baby #1 may not be when baby #2 joins the family. 

When you rent baby gear you always get access to the latest and greatest. Plus you won't need to worry about finding the space to store bulky gear in your home. 

At JoyLet we only stock premium brands in our curated selection. Get access by renting on demand, becoming a member, or building a bundle today.","#1,#2",11,,2023-05-25T13:01:32.000Z,120w
https://www.instagram.com/p/DMtODRqRMu9/,parenthack,https://www.instagram.com/thecarseat.mom/,thecarseat.mom,"⚠️Snack Warning!

Juice box spills and forgotten fruit snacks might seem harmless… but they can lead to hidden mold, smells, and even bacteria growth inside your little one’s seat. 🤢

Pro Tip from The Car Seat Mom:
✅ Wipe up spills right away
✅ Unbuckle and air out the seat 
✅Book your cleaning or DM us for a priority appointment today!

Let’s get that seat safe, fresh, and crumb-free 🚗💨

#TheCarSeatMom #CarSeatCleaning #ParentHack #MomLife #CleanCarSeats #SnackSafe","#TheCarSeatMom,#CarSeatCleaning,#ParentHack,#MomLife,#CleanCarSeats,#SnackSafe",7,,2025-07-29T21:20:03.000Z,6w
https://www.instagram.com/p/C851BbBOdRo/,parenthack,https://www.instagram.com/cassie.colley/,cassie.colley,"Parent Hack: Get you some washable face markers, some stencils and let your kid go crazy! Over an hour of entertainment for them and you get to be covered in their art. 🎨
✨My personal favorite is the human with my knee as the belly 😆 #walkingart #bodypaintsticks #parenthack #kneehuman #creativity","#walkingart,#bodypaintsticks,#parenthack,#kneehuman,#creativity",15,,2024-07-02T02:29:10.000Z,63w
https://www.instagram.com/p/COJguSEBzat/,parenthack,https://www.instagram.com/thriftymommaresale/,thriftymommaresale,"Parent hack: Announce that dinner is a snack plate and it will be demolished! 

What is it about serving food on a tray that makes eating exciting!? Sharing doesn’t always go over well but this works like magic. Try it! 
•
•
•
•
•
#thriftymommaresale #dinner #dinnerisserved #dinnertime #easydinner #happykids #parenthood #parentingtips #parenthack #makedinnereasy #pickyourbattles #kids #charcuterieboard #kidscharcuterie","#thriftymommaresale,#dinner,#dinnerisserved,#dinnertime,#easydinner,#happykids,#parenthood,#parentingtips,#parenthack,#makedinnereasy,#pickyourbattles,#kids,#charcuterieboard,#kidscharcuterie",15,,2021-04-27T00:08:07.000Z,229w
https://www.instagram.com/p/DMcICmkMN-i/,parenthack,https://www.instagram.com/lynsey_travel_counsellor/,lynsey_travel_counsellor,"✈️✈️ What’s in my kids’ flight bags? ✈️✈️

We’re off to Florida next week (SO excited!) and I’ve been busy getting the children’s aeroplane bags ready — it’s something I do every year, and they’re not allowed to open them until we’ve taken off 🎁💺

Here’s what I’ve packed this time:
🎨 Colouring + activity books
📚 A few of their fave reads (my daughter’s obsessed with Dog Man)
🧲 Small toys – magnetic tiles are a game-changer
🍬 Snacks and a couple of treats
📝 Writing pads for doodling
📱 iPads + headphones (because no one else needs to hear Ben & Holly on loop 🤦🏻‍♀️)
💤 Inflatable neck pillows

Fingers crossed this keeps them happy for the long flight – and gives us a bit of peace too!

What are your go-to flight bag essentials for kids? Let me know 👇

#FamilyTravel #FlyingWithKids #TravelTips #FloridaBound #DisneyPrep #LongHaulWithKids #ParentHack #OrlandoHoliday #HolidayPrep @aerlingus","#FamilyTravel,#FlyingWithKids,#TravelTips,#FloridaBound,#DisneyPrep,#LongHaulWithKids,#ParentHack,#OrlandoHoliday,#HolidayPrep",14,,2025-07-30T15:55:10.000Z,6w
https://www.instagram.com/p/DORwF0fE9gQ/,parenthack,https://www.instagram.com/littlecolourco.au/,littlecolourco.au,"Tired of the “I’m boooored” soundtrack on repeat? Hand them a unicorn instead! 

Our Unicorn Color Book is like giving kids a creativity snack pack: coloring, tracing, games, AND zero glitter explosions on your couch (you’re welcome 🤭).

Bonus: It’s compact-aka the ultimate dinner-out survival tool. Pop it in your bag, whip it out at the table, and boom -instant entertainment. (No iPad negotiations required ).

Perfect for car rides, rainy days, and any moment you need five minutes of actual peace. 

Grab it now on Amazon! (link in bio)
And yes, we fully expect unicorn masterpieces tagged with #LittleColourCo.au 

#UnicornColoringBook #KidsColoringFun #LittleColourCo #UnicornMagic #ScreenFreeFun #CreativeKids #ColorAndPlay #ImaginativeLearning #TravelFriendlyKids #CompactAndCute #FamilyTimeIdeas #UnicornAdventures #ParentHack #BusyBagIdeas #ColorWithMe

📚 Available now on Amazon! (link in bio)
👉 Tag us with your masterpiece using #LittleColourCo","#LittleColourCo,#UnicornColoringBook,#KidsColoringFun,#LittleColourCo,#UnicornMagic,#ScreenFreeFun,#CreativeKids,#ColorAndPlay,#ImaginativeLearning,#TravelFriendlyKids,#CompactAndCute,#FamilyTimeIdeas,#UnicornAdventures,#ParentHack,#BusyBagIdeas,#ColorWithMe,#LittleColourCo",11,,2025-09-10T08:26:50.000Z,6d
https://www.instagram.com/p/DNygEe9Xrrr/,parenthack,https://www.instagram.com/drop2shop.ie/,drop2shop.ie,"☕📚 Schools are back. Time? What time? 📚☕
Between school runs, lost lunchboxes, and mystery stains on uniforms…
There are not enough hours in the day. 😩
But here’s a little win:
Do your returns while grabbing your morning coffee at your local SPAR.
No queues, no stress — just drop2shop and we’ll handle the rest. 💁‍♀️📦
#Drop2Shop #BackToSchoolMadness #ParentHack #IrishReturns #SPARMoments #CoffeeAndReturns #TooBusyToQueue","#Drop2Shop,#BackToSchoolMadness,#ParentHack,#IrishReturns,#SPARMoments,#CoffeeAndReturns,#TooBusyToQueue",5,,2025-08-25T19:05:06.000Z,3w
https://www.instagram.com/p/CSpCkMtrj6J/,parenthack,https://www.instagram.com/lunchbreak4kids/,lunchbreak4kids,"When a parent hack goes sideways.

“Honey, get 10 items from your room that we can give away before back to school shopping.” …Hey, at least she counted the pair of shoes as 1 item. #LunchBreak4Kids #ParentHack","#LunchBreak4Kids,#ParentHack",8,,2021-08-16T16:01:54.000Z,213w
https://www.instagram.com/p/DOqLyZgklep/,parenthack,https://www.instagram.com/gigggyllkids/,gigggyllkids,"Shoutout to K. Navanit for this amazing review, it truly lit up our day 🫶🏻😊✨

Every bit of feedback you share helps us grow and spread even more creative fun to families everywhere! Thanks for being part of the adventure!⛵️🚂

~~~~~~~~~~~~~~~~~~~~~~~~~~~~~~~~~~~~~

GiggGyll kids ขอขอบคุณ คุณแม่แนนสำหรับรีวิวสุดแสนน่ารักของเด็กๆด้วยนะคะ ทุกรีวิวจากคุณพ่อคุณแม่และน้องๆ ที่ใช้สินค้าจริง คือกำลังใจสำคัญที่ช่วยให้เราส่งต่อความสนุกและความสร้างสรรค์ไปถึงครอบครัวอีกมากมาย 🏡✨ เราตั้งใจที่จะพัฒนาต่อไป เพื่อมอบสิ่งดีๆ ให้กับเด็กๆ ทุกคน ขอบคุณจากใจค่ะ 🧡

Creating Brighter Minds 💫
เสริมสร้างจินตนาการไร้ขีดจำกัด ได้ทุกที่ทุกเวลา✈️

.
.

#GiggGyllkids #ReusableColouringMat #ParentHack 
#ของเล่นเสริมพัฒนาการ #แก้ปัญหาติดจอ #เลี้ยงลูกเชิงบวก 
#OnTheGo #MessFreeFun #ซิลิโคนแมทระบายสีลบใช้ซ้ำได้","#GiggGyllkids,#ReusableColouringMat,#ParentHack,#ของเล่นเสริมพัฒนาการ,#แก้ปัญหาติดจอ,#เลี้ยงลูกเชิงบวก,#OnTheGo,#MessFreeFun,#ซิลิโคนแมทระบายสีลบใช้ซ้ำได้",,,2025-09-16T10:05:20.000Z,7h
https://www.instagram.com/p/CtO2SoUtv1T/,parenthack,https://www.instagram.com/cbckidsventura/,cbckidsventura,"Parent Hacks! We've all got 'em, so let's share 'em! Swipe to read Shannon's Parent Hack. Can you relate? Do you have a tip or trick that you love? Comment or DM us, we want to hear! If we pick your parent hack to share you'll be *famous* and get a little surprise from us to boot! Woohoo!​​​​​​​​​
#parenthack #cbcventura #cbckidsventura #kidsmin #parenting","#parenthack,#cbcventura,#cbckidsventura,#kidsmin,#parenting",5,,2023-06-08T14:02:05.000Z,118w
https://www.instagram.com/p/DBv8ruvxknr/,parenthack,https://www.instagram.com/kidsgardenhouston/,kidsgardenhouston,"Parent Hack: Enjoy a candy-free Halloween! 🎃 🍂
Instead of overloading the little one with tons of candy, try these fun alternatives to keep the Halloween spirit alive without the sugar rush.

👻 Halloween-Themed Goodie Bags: Fill bags with non-candy treats like stickers, glow sticks, temporary tattoos, or fun pencils. Kids love collecting these goodies just as much as candy!

🎃 DIY Pumpkin Decorating Kits: Instead of sweets, give out small pumpkins with art supplies (markers, stickers, and paint) for kids to decorate at home. It’s a creative way to celebrate!
🎨 Fall Crafts and Activities: Hand out mini craft kits or activity sheets with Halloween-themed crafts. This keeps kids entertained and encourages creativity.

🍎 Healthy Treats: Consider giving out fun fruit snacks, popcorn balls, or homemade trail mix. You can even make it festive by using Halloween-themed packaging!

🔍 Spooky Scavenger Hunt: Organize a neighborhood scavenger hunt with Halloween-themed items to find instead of candy. Kids will have a blast hunting for treats!
By getting creative with your Halloween treats, you can make the holiday just as special without the candy overload! 🙌

#creativehalloweentreats #candyfreehalloween #parenthack","#creativehalloweentreats,#candyfreehalloween,#parenthack",9,,2024-10-30T13:00:44.000Z,45w
https://www.instagram.com/p/C-2cyUpNJf9/,parenthack,https://www.instagram.com/foundationselc/,foundationselc,"Parent Hack!✨

Have a picky eater in the family? You can hide almost anything in a smoothie! Add fruits and even greens to get your child to eat the nutrition they need. 🥤🍌🥑🍓

Check out an easy on-the-go smoothie hack from The Whatever Mom at our link in bio! ✨

#parenthack #foodhack #smoothies","#parenthack,#foodhack,#smoothies",2,,2024-08-19T12:02:29.000Z,56w
https://www.instagram.com/p/DOqtDb_jMs-/,parenthack,https://www.instagram.com/zuuza_tvori/,zuuza_tvori,"Triko, které ti dá... 10 minut klidu.
Možná i víc.

Představ si to: lehneš si, dítě vezme autíčka nebo figurky a najednou se z tvých zad stane zábavné město.
A ty? Zavřeš oči a relaxuješ. Bez výčitek. 💆‍♀️

👕 Představuji vám malý náhled na mou novou vychytávku pro unavené mámy.
Tohle není obyčejné triko. Tohle je lifesaver. ✨️

Brzy odhalím víc.
Tak mě sleduj, ať ti nic neunikne. 👀

#unavenyrodic #unavenamama #hrackynazadech #hracitriko #mamazivot #parenthack #mamawellness","#unavenyrodic,#unavenamama,#hrackynazadech,#hracitriko,#mamazivot,#parenthack,#mamawellness",,,2025-09-16T14:56:00.000Z,2h
https://www.instagram.com/p/Bz22q0oj4CK/,parenthack,https://www.instagram.com/teachertimetogo/,teachertimetogo,"Parent hack: this is genius 🙌🏻 your kids sleepover parties just got THAT much easier, and cooler 😎
#teachertimetogo #traveltoyoututoring #lowermerion #mainline #gladwyne #teachersofinstagram #tutorsofinstagram #summerschool #summerchecklist #parenthack","#teachertimetogo,#traveltoyoututoring,#lowermerion,#mainline,#gladwyne,#teachersofinstagram,#tutorsofinstagram,#summerschool,#summerchecklist,#parenthack",19,,2019-07-13T12:34:03.000Z,322w
https://www.instagram.com/p/DOeU_EXkp7J/,parenthack,https://www.instagram.com/rowlettdanceacademy/,rowlettdanceacademy,"PNO is back 🙌 

This is the ultimate parent hack. Drop your kiddo(s) at the studio for some fun, crafts, and dancing...while you get a little piece of your sanity back. It's a WIN WIN 🥳

Beginning this Friday, September 12th, 5:30 PM – 8:30 PM, we're taking your kids for one night a month.  Each PNO night will be a different theme & it is open to dancers ages 3-11.

Sign up today because spots are vanishing quicker than snacks after a grocery run 🍪🛒🤳

$30/dancer; $15 per sibling.

We know you've already said ""YES"" in your head...now just give us a call and save your spot. 

Warning: You may enjoy yourself so much you’ll beg us to do this every weekend 😁

#parentsnightout #parenthack ##dancefamily #themedfun #rowlettdanceacademy","#parentsnightout,#parenthack,#dancefamily,#themedfun,#rowlettdanceacademy",7,,2025-09-11T19:35:21.000Z,4d
https://www.instagram.com/p/DNGu6U6yygw/,parenthack,https://www.instagram.com/adaptedmindlearning/,adaptedmindlearning,"Getting ready for the weekend? Here is your ultimate ""Parent Hack: Sunday Night Reset 📚”. 

Step 1: Tablet charged
Step 2: Load AdaptedMind
Step 3: Relax: Your Kid’s Got This!

It’s the only game you’ll actually want your kid using.
Why? Because it adapts to their level, keeps them focused, and turns homework into a win, for both of you.

#ParentHack #AdaptedMind #SundayReset #BackToSchoolReady #MomTok","#ParentHack,#AdaptedMind,#SundayReset,#BackToSchoolReady,#MomTok",3,,2025-08-08T19:09:03.000Z,5w
https://www.instagram.com/p/DOjOSZBDqZW/,parenthack,https://www.instagram.com/bullabaloobaby/,bullabaloobaby,"How to get the most from our marshmallowy-soft sleep comforters 💤🧸

🌿 Start in calm moments: Offer the comforter during cuddles, stories or feeds so it’s linked with “relax + safe”.

👃 Scent helps: Keep it near you for a bit so it picks up a familiar smell - instant reassurance for little ones.

⏰ Make it a cue: Use it at the same points in your routine (nap, bedtime, nursery drop-off). Consistency = quicker settling.

✨ Give busy hands a job: The silky satin edge is perfect for twiddling - great for self-soothing.

🚗 Take it on the go: Pram, car, grandparents - familiar comfort travels well. (Keep straps clear and faces uncovered.)

🔁 Rotate & keep spares: Wash one, use one. If it becomes the favourite, a backup saves the day.

🧼 Care tip: Our double-layer, open-weave bamboo dries fast and stays soft - gentle wash, quick air dry, cuddle again.

🛌 Safety first: Always follow safe-sleep guidance for your baby’s age and check for wear & tear.

Small habit, big calm. Ready to add one to your routine?

#bullabaloo #bullabaloobaby #sleepcomforters #selfsettling #bedtimeroutine #parenthack","#bullabaloo,#bullabaloobaby,#sleepcomforters,#selfsettling,#bedtimeroutine,#parenthack",1,,2025-09-13T17:12:30.000Z,3d
https://www.instagram.com/p/DMwMQ2kSEK8/,parenthack,https://www.instagram.com/agapesittersandnannies/,agapesittersandnannies,"Booking a sitter shouldn’t feel like another chore.
Here’s how to do it in 3 easy steps 👇

1️⃣ Request Care – Sign up and choose the booking option that fits your needs.

2️⃣ Choose Your Sitter – Browse available sitters or let us match you.

3️⃣ Prepare for Your Sitter – Share quick notes (think: bedtime routines, allergies, or favorite shows).

✨ That’s it. Convenient. Hassle-Free. Stress-Free. ✨

Need care soon? Book now at agapensnnyagency.com 💻👶

#AgapeNannyAgency #BookASitter #ModernParenting #NannyLife #ParentHack #StressFreeCare #dallasbabysitter #houstonbabysitter","#AgapeNannyAgency,#BookASitter,#ModernParenting,#NannyLife,#ParentHack,#StressFreeCare,#dallasbabysitter,#houstonbabysitter",2,,2025-07-31T01:02:09.000Z,6w
https://www.instagram.com/p/DMXkx4Yp5BL/,parenthack,https://www.instagram.com/playpouch_kids/,playpouch_kids,"If you’re looking for a way to store those never ending Hotwheels collection this is it! Our Mini Race Day Play Pouch is the perfect mix of interactive play space and storage!

Get yours today! 

#hotwheels #diecastcars #interactiveplaymat #diecaststorage #hotwheelscollection #hotwheelsstorage #hotwheelscity #playandstore #hotwheelscars #playpouch #parenthack #mumhack #playpouchaustralia #storagehack #toybag #weloveplaypouch #playroominspiration #toystorage #playroomsolution #storagesolution #playpouchusa #toyhack #momhack #toystoragesolution #toypouch #toysack #playpouchaus #motherhoodunplugged #originalplaypouch","#hotwheels,#diecastcars,#interactiveplaymat,#diecaststorage,#hotwheelscollection,#hotwheelsstorage,#hotwheelscity,#playandstore,#hotwheelscars,#playpouch,#parenthack,#mumhack,#playpouchaustralia,#storagehack,#toybag,#weloveplaypouch,#playroominspiration,#toystorage,#playroomsolution,#storagesolution,#playpouchusa,#toyhack,#momhack,#toystoragesolution,#toypouch,#toysack,#playpouchaus,#motherhoodunplugged,#originalplaypouch",5,,2025-07-21T11:35:22.000Z,8w
https://www.instagram.com/p/DNwByYR4s6i/,parenthack,https://www.instagram.com/laurarmattis.dpt/,laurarmattis.dpt,"LIGHTEN UP! 
Backpacks can affect posture and create discomfort.
Keep them light + make sure straps sit snug on both shoulders. 
Small changes = BIG IMPACT!
#lightenup 
#backpacktips #ParentHack #PediatricWellness","#lightenup,#backpacktips,#ParentHack,#PediatricWellness",3,,2025-08-24T20:02:00.000Z,3w
https://www.instagram.com/p/DNLPGdRNRqW/,parenthack,https://www.instagram.com/fitlifefoods/,fitlifefoods,"The kids get it 😌 These are the TOP kid-approved meals on our menu—according to parents, Instagram polls, and all the adorable family posts we see in our DMs. 💌📸

Back to school just got a whole lot easier (and tastier). 🚌📚 Check the post to see what made the list—did your kid’s fave make it??

#BackToSchoolEats #KidApproved #ParentHack #FamilyMeals #FitlifeFoods #QuickDinners","#BackToSchoolEats,#KidApproved,#ParentHack,#FamilyMeals,#FitlifeFoods,#QuickDinners",27,,2025-08-10T13:06:26.000Z,5w
https://www.instagram.com/p/DM_0yuGymiR/,parenthack,https://www.instagram.com/gigggyllkids/,gigggyllkids,"แต้มสีไป เรียนรู้ไป 💙❤️🤍 แมทลายที่ช่วยปลูกฝังรากไทย ให้หัวใจน้อย ๆ เติบโตอย่างงดงาม “สวัสดีไทยแลนด์” ✨

✨ ขอแนะนำ #ตัวช่วยพ่อแม่ยุคใหม่ GiggGyll kids ซิลิโคนแมทระบายสีลบได้ 🇹🇭 แบรนด์แรกในไทย 🇹🇭 ช่วยลดจอได้จริง โดยไม่ต้องบังคับ!

💥 8.8 ดีลเด็ด เด็กๆ ต้องเลิฟ 💥 โค้ดส่วนลดร่วม 300 บาท รีบช้อปก่อนหมดโปร, 5-9 สิงหาคมนี้เท่านั้น! 

พิกัดสินค้า Link in bio 👆🏻

♻️ ระบายเพลิน ลบสนุก โดนใจวัยซน
👨‍👩‍👧‍👦 ใช้แล้วมากกว่า 500 ครอบครัวบอกต่อ
🎒 น้ำหนักเบา พกพาง่าย เสริม EF ได้ทุกที่ 

Creating Brighter Minds 💫
เสริมสร้างจินตนาการไร้ขีดจำกัด ได้ทุกที่ทุกเวลา✈️

.
.

#GiggGyllkids #ReusableColouringMat #ParentHack 
#ของเล่นเสริมพัฒนาการ #แก้ปัญหาติดจอ #เลี้ยงลูกเชิงบวก 
#OnTheGo #MessFreeFun #ซิลิโคนแมทระบายสีลบใช้ซ้ำได้","#ตัวช่วยพ่อแม่ยุคใหม่,#GiggGyllkids,#ReusableColouringMat,#ParentHack,#ของเล่นเสริมพัฒนาการ,#แก้ปัญหาติดจอ,#เลี้ยงลูกเชิงบวก,#OnTheGo,#MessFreeFun,#ซิลิโคนแมทระบายสีลบใช้ซ้ำได้",,,2025-08-06T02:48:12.000Z,5w
https://www.instagram.com/p/DJaoa6tyMbs/,parenthack,https://www.instagram.com/nestandnurtureagency/,nestandnurtureagency,"Parent Hack: an easy to follow and quick to scan note for the babysitter! 

Leave a sticky note on the fridge with key info: bedtime routine, snacks allowed, emergency contact, WiFi code. 📝

#parenthack #babysitting #babysittingagency #orangensw2800 #prepared","#parenthack,#babysitting,#babysittingagency,#orangensw2800,#prepared",,,2025-05-09T02:30:03.000Z,18w
https://www.instagram.com/p/DMEJIxoyiVI/,parenthack,https://www.instagram.com/myschoolconnect/,myschoolconnect,"Skip the lines and last-minute panic — with My School Connect, you can sort Term 3 uniforms, books, tuckshop and fundraisers all in one spot.

We’re making back-to-school feel way less back-to-stress. 😌

#MySchoolConnect #BackToSchool #ParentHack #SchoolHolidays #OrganisedParent","#MySchoolConnect,#BackToSchool,#ParentHack,#SchoolHolidays,#OrganisedParent",2,,2025-07-13T22:28:15.000Z,9w