keyword,postUrl
organicgardening,https://www.instagram.com/p/DLb69fQx-Z7/
organicgardening,https://www.instagram.com/p/DNbi7jESuFs/
organicgardening,https://www.instagram.com/p/DKRgo1lqrhV/
organicgardening,https://www.instagram.com/p/DNVgzlUxPIm/
organicgardening,https://www.instagram.com/p/DG75XG8y3SN/
organicgardening,https://www.instagram.com/p/DOacIBpjJJa/
organicgardening,https://www.instagram.com/p/DKkmfspIsqw/
organicgardening,https://www.instagram.com/p/DNdgKc8Pewb/
organicgardening,https://www.instagram.com/p/DI7Mkj-zPJe/
organicgardening,https://www.instagram.com/p/DNrAT-C3JS8/
organicgardening,https://www.instagram.com/p/DM3eiXYOXaF/
organicgardening,https://www.instagram.com/p/DM-de31iHAF/
organicgardening,https://www.instagram.com/p/DIf_4zCxeA5/
organicgardening,https://www.instagram.com/p/DHEkglnPO_Z/
organicgardening,https://www.instagram.com/p/DOuMSebgKjp/
organicgardening,https://www.instagram.com/p/DOvbqciDsLX/
organicgardening,https://www.instagram.com/p/DJzDj7sJ472/
organicgardening,https://www.instagram.com/p/DOCn_EUDTv7/
organicgardening,https://www.instagram.com/p/DMKHX2GIxfG/
organicgardening,https://www.instagram.com/p/DMm3m8CPqpp/
organicgardening,https://www.instagram.com/p/DH5eyfkvSnz/
organicgardening,https://www.instagram.com/p/DMVHUhpNHeU/
organicgardening,https://www.instagram.com/p/DOqXwi9jGSP/
organicgardening,https://www.instagram.com/p/DNeJG_6zFzQ/
organicgardening,https://www.instagram.com/p/DOlgiLrD9OU/
organicgardening,https://www.instagram.com/p/DOGqY0klEtn/
organicgardening,https://www.instagram.com/p/DMvfl_MIOhF/
organicgardening,https://www.instagram.com/p/DOvwRVXiRUB/
organicgardening,https://www.instagram.com/p/DLh8pgIKHEZ/
organicgardening,https://www.instagram.com/p/DNZQ49iyLA5/
organicgardening,https://www.instagram.com/p/DNdHAlPonRB/
organicgardening,https://www.instagram.com/p/DIltoRsIX4D/
organicgardening,https://www.instagram.com/p/DNgO_ydxHs9/
organicgardening,https://www.instagram.com/p/DIof5xsvex4/
organicgardening,https://www.instagram.com/p/DMVN0jbR9XN/
organicgardening,https://www.instagram.com/p/DI6xCpvvaW-/
organicgardening,https://www.instagram.com/p/DMq2Xmouv60/
organicgardening,https://www.instagram.com/p/DOvsQ5BjGAi/
organicgardening,https://www.instagram.com/p/DOrGIRcEy_W/
organicgardening,https://www.instagram.com/p/DOP7ZsEDC7x/
organicgardening,https://www.instagram.com/p/DOfTUuIAqmh/
organicgardening,https://www.instagram.com/p/DJcCLxcJCKU/
organicgardening,https://www.instagram.com/p/DOCElqTEsiX/
organicgardening,https://www.instagram.com/p/DON9YYXkaCt/
organicgardening,https://www.instagram.com/p/DLPQLANqVAM/
organicgardening,https://www.instagram.com/p/DL1OAbqMUOq/
organicgardening,https://www.instagram.com/p/DODc7D2jT1I/
organicgardening,https://www.instagram.com/p/DJ51bqoKOBt/
organicgardening,https://www.instagram.com/p/DNz4Ls1WF1o/
organicgardening,https://www.instagram.com/p/DMxf5f5xdco/
organicgardening,https://www.instagram.com/p/DMOPkXJI2va/
organicgardening,https://www.instagram.com/p/DOBaCcKibHZ/
organicgardening,https://www.instagram.com/p/DMm-6oMRLC3/
organicgardening,https://www.instagram.com/p/DMzKrA4tCnd/
organicgardening,https://www.instagram.com/p/DHMejtLTBXH/
organicgardening,https://www.instagram.com/p/DN3HBF32vTA/
organicgardening,https://www.instagram.com/p/DOtKOsNjZy6/
organicgardening,https://www.instagram.com/p/DNmGCSRtyrF/
organicgardening,https://www.instagram.com/p/DOBB8kwDBOz/
organicgardening,https://www.instagram.com/p/DOt3KY1CPEp/
organicgardening,https://www.instagram.com/p/DLQGxx5JHmc/
organicgardening,https://www.instagram.com/p/DOuQEn-jfDT/
organicgardening,https://www.instagram.com/p/DN3IoG62pM6/
organicgardening,https://www.instagram.com/p/DMLxCXNp9-3/
organicgardening,https://www.instagram.com/p/DG9gfCzIf8B/
organicgardening,https://www.instagram.com/p/DNq_IjfUMhd/
organicgardening,https://www.instagram.com/p/DLc180gNtvt/
organicgardening,https://www.instagram.com/p/DHkQCECxmx9/
organicgardening,https://www.instagram.com/p/DN7TtvxjcY1/
organicgardening,https://www.instagram.com/p/DLNEr9TvhRP/
organicgardening,https://www.instagram.com/p/DN8L0AJDPfq/
organicgardening,https://www.instagram.com/p/DJTTe7JqFOB/
organicgardening,https://www.instagram.com/p/DOnYxpSE7Y7/
organicgardening,https://www.instagram.com/p/DOjc4xTEfPc/
organicgardening,https://www.instagram.com/p/DNPhGAXzsGd/
organicgardening,https://www.instagram.com/p/DHvETVZSRXp/
organicgardening,https://www.instagram.com/p/DJ2jub_PbA6/
organicgardening,https://www.instagram.com/p/DMilWhgM8Lm/
organicgardening,https://www.instagram.com/p/DJEXk8LT_i0/
organicgardening,https://www.instagram.com/p/DM0vHqKIcLN/
organicgardening,https://www.instagram.com/p/DK0sygnqHO0/
organicgardening,https://www.instagram.com/p/DNGAoRVxVqr/
organicgardening,https://www.instagram.com/p/DILWWVbRRCB/
organicgardening,https://www.instagram.com/p/DOo7-c1DCQA/
organicgardening,https://www.instagram.com/p/DOs51k7jJMC/
organicgardening,https://www.instagram.com/p/DOuXGZMkW3n/
organicgardening,https://www.instagram.com/p/DJdqSNxMhyH/
organicgardening,https://www.instagram.com/p/DJmXYn0yoTB/
organicgardening,https://www.instagram.com/p/DOI3JkSjXXD/
organicgardening,https://www.instagram.com/p/DJEks6wg1M2/
organicgardening,https://www.instagram.com/p/DOaNS0iDQd8/
organicgardening,https://www.instagram.com/p/DJi8jOtTaxa/
organicgardening,https://www.instagram.com/p/DLhX4vyOhHR/
organicgardening,https://www.instagram.com/p/DMnSN2_otXT/
organicgardening,https://www.instagram.com/p/DOdSOdijekj/
organicgardening,https://www.instagram.com/p/DLurMg3PJS3/
organicgardening,https://www.instagram.com/p/DNtVJPh3PgS/
organicgardening,https://www.instagram.com/p/DKvwFnbAhV_/
organicgardening,https://www.instagram.com/p/DLHUmQqPGAi/
organicgardening,https://www.instagram.com/p/DLdXNLnIrFC/
organicgardening,https://www.instagram.com/p/DOGcslFiBwO/
organicgardening,https://www.instagram.com/p/DN8fg7nAJ9T/
organicgardening,https://www.instagram.com/p/DNslG0p5Fiz/
organicgardening,https://www.instagram.com/p/DOekwDoja39/
organicgardening,https://www.instagram.com/p/DLYNygOTWzq/
organicgardening,https://www.instagram.com/p/DObMBWXkTMU/
organicgardening,https://www.instagram.com/p/DOB5e1bDpId/
organicgardening,https://www.instagram.com/p/DHPcF1HziEY/
organicgardening,https://www.instagram.com/p/DK0DieWhSd5/
organicgardening,https://www.instagram.com/p/DOksyvLDfFQ/
organicgardening,https://www.instagram.com/p/DOqu_z0EQWK/
organicgardening,https://www.instagram.com/p/DNLlPnosuWl/
organicgardening,https://www.instagram.com/p/DOsUa2hCe5f/
organicgardening,https://www.instagram.com/p/DIyc59qPTqF/
organicgardening,https://www.instagram.com/p/DLb0zAHq0vE/
organicgardening,https://www.instagram.com/p/DIZDwuViWRJ/
organicgardening,https://www.instagram.com/p/DHRwMVhq9gZ/
organicgardening,https://www.instagram.com/p/DMMZq61MGk3/
organicgardening,https://www.instagram.com/p/DMitni_MI5F/
organicgardening,https://www.instagram.com/p/DM_P-dLtwLz/
organicgardening,https://www.instagram.com/p/DObJ87Fjyj-/
organicgardening,https://www.instagram.com/p/DJhe5ebJJGB/
organicgardening,https://www.instagram.com/p/DHpAsd8y7NW/
organicgardening,https://www.instagram.com/p/DIqOupCpRvM/
organicgardening,https://www.instagram.com/p/DKZ7PggKAEo/
organicgardening,https://www.instagram.com/p/DNjhKfbNKMC/
organicgardening,https://www.instagram.com/p/DKxewWuh38W/
organicgardening,https://www.instagram.com/p/DNqfD6LMynP/
organicgardening,https://www.instagram.com/p/DK9466lxZsc/
organicgardening,https://www.instagram.com/p/DI_x08LNLZj/
organicgardening,https://www.instagram.com/p/DLwxgyjt5rr/
organicgardening,https://www.instagram.com/p/DJc-xbZJlO8/
organicgardening,https://www.instagram.com/p/DMjSUtUNOaZ/
organicgardening,https://www.instagram.com/p/DL0meIIzMDB/
organicgardening,https://www.instagram.com/p/DNEXIUwpw8e/
organicgardening,https://www.instagram.com/p/DKALguiu6pw/
organicgardening,https://www.instagram.com/p/DOvpI34kxRK/
organicgardening,https://www.instagram.com/p/DN0N4LdUkdM/
organicgardening,https://www.instagram.com/p/DMDsAUKz0s0/
organicgardening,https://www.instagram.com/p/DOLED4rk-rL/
organicgardening,https://www.instagram.com/p/DM4lO0hPy3n/
organicgardening,https://www.instagram.com/p/DNxYEee4vfW/
organicgardening,https://www.instagram.com/p/DMXFZehqaA7/
organicgardening,https://www.instagram.com/p/DIXF98-v2-2/
organicgardening,https://www.instagram.com/p/DOAX-MzCGRE/
organicgardening,https://www.instagram.com/p/DMsiq58pKDA/
organicgardening,https://www.instagram.com/p/DIShZd8RDgP/
organicgardening,https://www.instagram.com/p/DMwJ_T-oxUj/
organicgardening,https://www.instagram.com/p/DMmCnIepnOe/
organicgardening,https://www.instagram.com/p/DOrowndjPIv/
organicgardening,https://www.instagram.com/p/DHMLnt-pLfz/
organicgardening,https://www.instagram.com/p/DHGac3EORZz/
organicgardening,https://www.instagram.com/p/DOCJUVXEiVL/
organicgardening,https://www.instagram.com/p/DKO4U-kS7hF/
organicgardening,https://www.instagram.com/p/DJ4JeErNFPu/
organicgardening,https://www.instagram.com/p/DNNybnfg92g/
organicgardening,https://www.instagram.com/p/DNBkhxOJz4_/
organicgardening,https://www.instagram.com/p/DLpsIskRInk/
organicgardening,https://www.instagram.com/p/DNRNLtZSH2Z/
organicgardening,https://www.instagram.com/p/DNokVOfSn98/
organicgardening,https://www.instagram.com/p/DLFz96ISpO1/
organicgardening,https://www.instagram.com/p/DKxWg-xpERH/
organicgardening,https://www.instagram.com/p/DOOpVTYEQB_/
organicgardening,https://www.instagram.com/p/DH3M-g9KxgT/
organicgardening,https://www.instagram.com/p/DKP9avYzeOM/
organicgardening,https://www.instagram.com/p/DKPWthztLWu/
organicgardening,https://www.instagram.com/p/DJCJMVjOnBy/
organicgardening,https://www.instagram.com/p/DNFFjgQJhVS/
organicgardening,https://www.instagram.com/p/DICa-F2ishz/
organicgardening,https://www.instagram.com/p/DLb95cHNRbw/
organicgardening,https://www.instagram.com/p/DMliH0muKUw/
organicgardening,https://www.instagram.com/p/DLaEORXqmxv/
organicgardening,https://www.instagram.com/p/DL7pokTuy3E/
organicgardening,https://www.instagram.com/p/DJE58xHJJ4u/
organicgardening,https://www.instagram.com/p/DJuviIrgCrF/
organicgardening,https://www.instagram.com/p/DMp90h2pNiQ/
organicgardening,https://www.instagram.com/p/DObaoP1E9Z_/
organicgardening,https://www.instagram.com/p/DJF1DcapSzf/
organicgardening,https://www.instagram.com/p/DM3GClzOjCx/
organicgardening,https://www.instagram.com/p/DKNM0RMSRcm/
organicgardening,https://www.instagram.com/p/DN8JiDEiXfs/
organicgardening,https://www.instagram.com/p/DMdoqe6tVsy/
organicgardening,https://www.instagram.com/p/DMoLqdlMMGv/
organicgardening,https://www.instagram.com/p/DM3L7CwoJJi/
organicgardening,https://www.instagram.com/p/DMxprpIuvba/
organicgardening,https://www.instagram.com/p/DNS1ClmzaQX/
organicgardening,https://www.instagram.com/p/DII9tDgy60O/
organicgardening,https://www.instagram.com/p/DJFGJuFqNC1/
organicgardening,https://www.instagram.com/p/DMDyDUCKNVW/
organicgardening,https://www.instagram.com/p/DJuq05hzYM2/
organicgardening,https://www.instagram.com/p/DMXkLNat7mW/
organicgardening,https://www.instagram.com/p/DKZfHC5u3e7/
organicgardening,https://www.instagram.com/p/DN6K9JsD6ki/
organicgardening,https://www.instagram.com/p/DOAp8mej3SD/
organicgardening,https://www.instagram.com/p/DIWMlPBsPG9/
organicgardening,https://www.instagram.com/p/DN8KeXzAmQt/
organicgardening,https://www.instagram.com/p/DHTPHYdObqT/
organicgardening,https://www.instagram.com/p/DJrfIQKxlNW/
organicgardening,https://www.instagram.com/p/DOWNKlWCOfY/
organicgardening,https://www.instagram.com/p/DMVWpwRu-J3/
organicgardening,https://www.instagram.com/p/DOjdNg3kaMX/
organicgardening,https://www.instagram.com/p/DIaNE4UIJtF/
organicgardening,https://www.instagram.com/p/DOt_D84jSg4/
organicgardening,https://www.instagram.com/p/DKxo0vVutRg/
organicgardening,https://www.instagram.com/p/DMTsbsDuDGf/
organicgardening,https://www.instagram.com/p/DN6rMMeAWWz/
organicgardening,https://www.instagram.com/p/DOp2o2qjLnB/
organicgardening,https://www.instagram.com/p/DMJRlmTB8Hg/
organicgardening,https://www.instagram.com/p/DMYOu3-y9Yr/
organicgardening,https://www.instagram.com/p/DNjYUh3MojN/
organicgardening,https://www.instagram.com/p/DNMeMtVMvux/
organicgardening,https://www.instagram.com/p/DHMDj0-Azlo/
organicgardening,https://www.instagram.com/p/DM8g0koK8yU/
organicgardening,https://www.instagram.com/p/DKAv6fZupQn/
organicgardening,https://www.instagram.com/p/DI_52mYJYyk/
organicgardening,https://www.instagram.com/p/DHeYYN7JFfu/
organicgardening,https://www.instagram.com/p/DNqMrv3B5A3/
organicgardening,https://www.instagram.com/p/DLEhk8IIvG-/
organicgardening,https://www.instagram.com/p/DOQ9qBzDRiK/
organicgardening,https://www.instagram.com/p/DNRl0YxgyJN/
organicgardening,https://www.instagram.com/p/DOn3m3KjjeD/
organicgardening,https://www.instagram.com/p/DMa_HzNucDH/
organicgardening,https://www.instagram.com/p/DJZoMhZyl9i/
organicgardening,https://www.instagram.com/p/DLWNYqtMuzX/
organicgardening,https://www.instagram.com/p/DLy47kQRYyq/
organicgardening,https://www.instagram.com/p/DITjYrxs63M/
organicgardening,https://www.instagram.com/p/DHyFpJWt_q_/
organicgardening,https://www.instagram.com/p/DNDetY5Myov/
organicgardening,https://www.instagram.com/p/DM1IYfOybyn/
organicgardening,https://www.instagram.com/p/DJOvj-9gARA/
organicgardening,https://www.instagram.com/p/DJQo0DtMeOO/
organicgardening,https://www.instagram.com/p/DMqixuyBTKj/
organicgardening,https://www.instagram.com/p/DObJ7JVDHq9/
organicgardening,https://www.instagram.com/p/DOZW5OzDZcS/
organicgardening,https://www.instagram.com/p/DOHO-VTkoGY/
organicgardening,https://www.instagram.com/p/DNTNAcbOPlt/
organicgardening,https://www.instagram.com/p/DHXulMrqiqP/
organicgardening,https://www.instagram.com/p/DL7O-85sw37/
organicgardening,https://www.instagram.com/p/DKXMg1HTOpk/
organicgardening,https://www.instagram.com/p/DNrBt6sZL36/
organicgardening,https://www.instagram.com/p/DNhkE-2zgEP/
organicgardening,https://www.instagram.com/p/DM_IhmcJCSL/
organicgardening,https://www.instagram.com/p/DOhYqtngaPv/
organicgardening,https://www.instagram.com/p/DHl2-L7M67W/
organicgardening,https://www.instagram.com/p/DOLLLxFDoCc/
organicgardening,https://www.instagram.com/p/DNLEGTiAM8k/
organicgardening,https://www.instagram.com/p/DOrY2pck7Y8/
organicgardening,https://www.instagram.com/p/DN3EtBvanaz/
organicgardening,https://www.instagram.com/p/DIeMa71p0Xg/
organicgardening,https://www.instagram.com/p/DKCmRKDxSE1/
organicgardening,https://www.instagram.com/p/DNFygq6o4Kp/
organicgardening,https://www.instagram.com/p/DNszpF05Fo3/
organicgardening,https://www.instagram.com/p/DML3fVzBxTV/
organicgardening,https://www.instagram.com/p/DOoP7odDH3u/
organicgardening,https://www.instagram.com/p/DLiL5mYSRo0/
organicgardening,https://www.instagram.com/p/DNQ0loYM1ru/
organicgardening,https://www.instagram.com/p/DN5yd0ck12w/
organicgardening,https://www.instagram.com/p/DOYeV5djG4B/
organicgardening,https://www.instagram.com/p/DJfAgw2Sauv/
organicgardening,https://www.instagram.com/p/DNQXTc-Kk-f/
organicgardening,https://www.instagram.com/p/DLFJuAyt0Os/
organicgardening,https://www.instagram.com/p/DHfhVXDo1F-/
organicgardening,https://www.instagram.com/p/DNUoLNCOnCB/
organicgardening,https://www.instagram.com/p/DOoLP1GEceQ/
organicgardening,https://www.instagram.com/p/DJmhKoXOkT_/
organicgardening,https://www.instagram.com/p/DNRhGhiue7B/
organicgardening,https://www.instagram.com/p/DOkaYzpDS64/
organicgardening,https://www.instagram.com/p/DNvYglOYuZL/
organicgardening,https://www.instagram.com/p/DJPDgFXp187/
organicgardening,https://www.instagram.com/p/DMgVdOYBscx/
organicgardening,https://www.instagram.com/p/DKYIr8_plF9/
organicgardening,https://www.instagram.com/p/DJo-zCYqbuH/
organicgardening,https://www.instagram.com/p/DOH2tn7lShQ/
organicgardening,https://www.instagram.com/p/DHJAaRQSg4v/
organicgardening,https://www.instagram.com/p/DJpuZJpvT6h/
organicgardening,https://www.instagram.com/p/DOWNezOE33d/
organicgardening,https://www.instagram.com/p/DNMI076S_xP/
organicgardening,https://www.instagram.com/p/DOYeYfhk02h/
organicgardening,https://www.instagram.com/p/DJUYC6NJv8L/
organicgardening,https://www.instagram.com/p/DIIAWRnTHZt/
organicgardening,https://www.instagram.com/p/DNs8pwz2Joy/
organicgardening,https://www.instagram.com/p/DKhqQmRNj2F/
organicgardening,https://www.instagram.com/p/DMabGNJv4TC/
organicgardening,https://www.instagram.com/p/DJZKWEGxOcm/
organicgardening,https://www.instagram.com/p/DJwUwMKueKh/
organicgardening,https://www.instagram.com/p/DJ9Z87SRsZo/
organicgardening,https://www.instagram.com/p/DL0RfezICXA/
organicgardening,https://www.instagram.com/p/DKUWQVoOVuF/
organicgardening,https://www.instagram.com/p/DITw__jppNz/
organicgardening,https://www.instagram.com/p/DLu9VjAS_ZG/
organicgardening,https://www.instagram.com/p/DK4sV5Ax5ZW/
organicgardening,https://www.instagram.com/p/DMvOT58pWmf/
organicgardening,https://www.instagram.com/p/DIeKtSbuG-t/
organicgardening,https://www.instagram.com/p/DOtYA_TiGx-/
organicgardening,https://www.instagram.com/p/DJb5LP_AlNT/
organicgardening,https://www.instagram.com/p/DLASWHXzOPB/
organicgardening,https://www.instagram.com/p/DMMnYGZIruf/
organicgardening,https://www.instagram.com/p/DL-2WtIhwq8/
organicgardening,https://www.instagram.com/p/DLVT9R_OxpQ/
organicgardening,https://www.instagram.com/p/DOIuQL_j8kA/
organicgardening,https://www.instagram.com/p/DNTKf8CyM34/
organicgardening,https://www.instagram.com/p/DHKD1aWOoSk/
organicgardening,https://www.instagram.com/p/DOoraDRj4uQ/
organicgardening,https://www.instagram.com/p/DIdEWMyR07u/
organicgardening,https://www.instagram.com/p/DG4JKl5y5ln/
organicgardening,https://www.instagram.com/p/DM8meeAT8_5/
organicgardening,https://www.instagram.com/p/DJPkNukR9Vc/
organicgardening,https://www.instagram.com/p/DKtFHJEx_Qs/
organicgardening,https://www.instagram.com/p/DNG9wakMK9b/
organicgardening,https://www.instagram.com/p/DN-jhqijM1-/
organicgardening,https://www.instagram.com/p/DOQ7Pdnjmtu/
organicgardening,https://www.instagram.com/p/DKczZV5zKKT/
organicgardening,https://www.instagram.com/p/DLTW8M3zFjS/
organicgardening,https://www.instagram.com/p/DLfjSyUPpSg/
organicgardening,https://www.instagram.com/p/DHq4TtisL2Q/
organicgardening,https://www.instagram.com/p/DIgzFdbtmoN/
organicgardening,https://www.instagram.com/p/DNByleWTN8p/
organicgardening,https://www.instagram.com/p/DN9ehnrDmhI/
organicgardening,https://www.instagram.com/p/DMSZ5qxMrOh/
organicgardening,https://www.instagram.com/p/DKo9yf1sSW7/
organicgardening,https://www.instagram.com/p/DOTTU_riOC_/
organicgardening,https://www.instagram.com/p/DOHB1nxDOYP/
organicgardening,https://www.instagram.com/p/DMbDbujtVam/
organicgardening,https://www.instagram.com/p/DHWL8PrITwj/
organicgardening,https://www.instagram.com/p/DMrqOaISX1N/
organicgardening,https://www.instagram.com/p/DNgangbKZav/
organicgardening,https://www.instagram.com/p/DNyIRs5RLSL/
organicgardening,https://www.instagram.com/p/DLKnS4TvvYM/
organicgardening,https://www.instagram.com/p/DLXAQwpxpOZ/
organicgardening,https://www.instagram.com/p/DOrsWqrjPEN/
organicgardening,https://www.instagram.com/p/DN0sUZqZvpc/
organicgardening,https://www.instagram.com/p/DN1ffZtQI0n/
organicgardening,https://www.instagram.com/p/DM_PPCkzMGJ/
organicgardening,https://www.instagram.com/p/DHtmQC8SaDH/
organicgardening,https://www.instagram.com/p/DNoTwRTyaaU/
organicgardening,https://www.instagram.com/p/DHoWQ9oPJi9/
organicgardening,https://www.instagram.com/p/DNPBkFpOdVq/
organicgardening,https://www.instagram.com/p/DJPtQ7tBjMj/
organicgardening,https://www.instagram.com/p/DLAqsNbOyVf/
organicgardening,https://www.instagram.com/p/DMVgMEisaX0/
organicgardening,https://www.instagram.com/p/DLqgoqgPsiE/
organicgardening,https://www.instagram.com/p/DI_PMoOIAT8/
organicgardening,https://www.instagram.com/p/DLnYpnmsyh6/
organicgardening,https://www.instagram.com/p/DJyPDg2IZWV/
organicgardening,https://www.instagram.com/p/DKkplV5o5EO/
organicgardening,https://www.instagram.com/p/DMQ2hLdKU8u/
organicgardening,https://www.instagram.com/p/DL9RxGENrc-/
organicgardening,https://www.instagram.com/p/DM-sCZIxYRg/
organicgardening,https://www.instagram.com/p/DLcuKCktoah/
organicgardening,https://www.instagram.com/p/DHByU7YxQFH/
organicgardening,https://www.instagram.com/p/DMvHcXosyiL/
organicgardening,https://www.instagram.com/p/DHJTCa6pRyb/
organicgardening,https://www.instagram.com/p/DH94TLlNPO7/
organicgardening,https://www.instagram.com/p/DIbtMV9NrQN/
organicgardening,https://www.instagram.com/p/DHqsr-CNzuU/
organicgardening,https://www.instagram.com/p/DLcwT_EP6sR/
organicgardening,https://www.instagram.com/p/DKhsYXQMQZU/
organicgardening,https://www.instagram.com/p/DNfLRsWMgRX/
organicgardening,https://www.instagram.com/p/DL0OyPGzkLs/
organicgardening,https://www.instagram.com/p/DHwjNZHT7F3/
organicgardening,https://www.instagram.com/p/DObahE_Eexh/
organicgardening,https://www.instagram.com/p/DOR3pg6DVEY/
organicgardening,https://www.instagram.com/p/DG35EWGJxal/
organicgardening,https://www.instagram.com/p/DH7BO1ABAAY/
organicgardening,https://www.instagram.com/p/DLfL9SXqM5f/
organicgardening,https://www.instagram.com/p/DM0SJMaOdU8/
organicgardening,https://www.instagram.com/p/DJuZ7BtqTDr/
organicgardening,https://www.instagram.com/p/DG_SHkdP1W6/
organicgardening,https://www.instagram.com/p/DLK1lULMPBm/
organicgardening,https://www.instagram.com/p/DLFdOovRQaY/
organicgardening,https://www.instagram.com/p/DHqk6A0vJoO/
organicgardening,https://www.instagram.com/p/DK3EHtuSGh4/
organicgardening,https://www.instagram.com/p/DMw2UHxMLos/
organicgardening,https://www.instagram.com/p/DN4fgIfjDN5/
organicgardening,https://www.instagram.com/p/DNRC9XroBNC/
organicgardening,https://www.instagram.com/p/DOXn4w-jqoL/
organicgardening,https://www.instagram.com/p/DL24QJDNFeI/
organicgardening,https://www.instagram.com/p/DOWmbCwDvaF/
organicgardening,https://www.instagram.com/p/DKjjPzyRxIu/
organicgardening,https://www.instagram.com/p/DOB5SshDIoi/
organicgardening,https://www.instagram.com/p/DOOFmcOk2h-/
organicgardening,https://www.instagram.com/p/DMHa2vvKbol/
organicgardening,https://www.instagram.com/p/DIdLkDfKf_f/
organicgardening,https://www.instagram.com/p/DN1NyAn3NiO/
organicgardening,https://www.instagram.com/p/DNmNTJeS7PI/
organicgardening,https://www.instagram.com/p/DMDzlEhO7JO/
organicgardening,https://www.instagram.com/p/DOfCsJPjBdw/
organicgardening,https://www.instagram.com/p/DOSd6QpDjGo/
organicgardening,https://www.instagram.com/p/DNA-XfNv9LB/
organicgardening,https://www.instagram.com/p/DKmEFyCqi4Q/
organicgardening,https://www.instagram.com/p/DI35WPvKQB2/
organicgardening,https://www.instagram.com/p/DM5tQ6vq0i9/
organicgardening,https://www.instagram.com/p/DIbAVm2o17N/
organicgardening,https://www.instagram.com/p/DMDP4_sPJn-/
organicgardening,https://www.instagram.com/p/DL7tlrEIjPD/
organicgardening,https://www.instagram.com/p/DL4Zea4K6Ly/
organicgardening,https://www.instagram.com/p/DKTOWeXtgcJ/
organicgardening,https://www.instagram.com/p/DIuKOgUNc3F/
organicgardening,https://www.instagram.com/p/DOHIvdlkybB/
organicgardening,https://www.instagram.com/p/DOlq7aojAo3/
organicgardening,https://www.instagram.com/p/DOuMWkOlOWA/
organicgardening,https://www.instagram.com/p/DNxRjMo0oBP/
organicgardening,https://www.instagram.com/p/DOl5B2ij5KI/
organicgardening,https://www.instagram.com/p/DIoTGRnzFZx/
organicgardening,https://www.instagram.com/p/DMG0GUvvYlZ/
organicgardening,https://www.instagram.com/p/DMDErVTyTEc/
organicgardening,https://www.instagram.com/p/DIs9m4Dz9dr/
organicgardening,https://www.instagram.com/p/DNKvjhTyeHq/
organicgardening,https://www.instagram.com/p/DOn1yIHjF6E/
organicgardening,https://www.instagram.com/p/DORb-ddDBiy/
organicgardening,https://www.instagram.com/p/DN7hq4pjS2W/
organicgardening,https://www.instagram.com/p/DNLOfOEskIb/
organicgardening,https://www.instagram.com/p/DHXxrdRMJV1/
organicgardening,https://www.instagram.com/p/DONXUV_DXpB/
organicgardening,https://www.instagram.com/p/DOcUfDfkjaC/
organicgardening,https://www.instagram.com/p/DIrBXRvudGn/
organicgardening,https://www.instagram.com/p/DHZBIMLOlBN/
organicgardening,https://www.instagram.com/p/DNQ-t2QuJVV/
organicgardening,https://www.instagram.com/p/DOrDaYHjV3T/
organicgardening,https://www.instagram.com/p/DNS711yR-OA/
organicgardening,https://www.instagram.com/p/DOeKCEdEztb/
organicgardening,https://www.instagram.com/p/DM_QcbGthbG/
organicgardening,https://www.instagram.com/p/DKvgaMHtOso/
organicgardening,https://www.instagram.com/p/DM5heEeTma3/
organicgardening,https://www.instagram.com/p/DLP84IgsH0M/
organicgardening,https://www.instagram.com/p/DOA2vFbCeg9/
organicgardening,https://www.instagram.com/p/DOBYBbrExGG/
organicgardening,https://www.instagram.com/p/DIorb5Vo5C4/
organicgardening,https://www.instagram.com/p/DJgVtK3Kyr6/
organicgardening,https://www.instagram.com/p/DNqefQYo2QO/
organicgardening,https://www.instagram.com/p/DOmBxPQjc9d/
organicgardening,https://www.instagram.com/p/DN6cUGsE4tz/
organicgardening,https://www.instagram.com/p/DOJ3lUwDJmB/
organicgardening,https://www.instagram.com/p/DHeaFpcOCQO/
organicgardening,https://www.instagram.com/p/DOJUFxaDcSS/
organicgardening,https://www.instagram.com/p/DNP1SClOOhq/
organicgardening,https://www.instagram.com/p/DNghW95vRcY/
organicgardening,https://www.instagram.com/p/DJ0phj5Izm5/
organicgardening,https://www.instagram.com/p/DNTTIPDtT_1/
organicgardening,https://www.instagram.com/p/DMvAJS6sG2n/
organicgardening,https://www.instagram.com/p/DKYy5PJuKFE/
organicgardening,https://www.instagram.com/p/DORFGTyDNjp/
organicgardening,https://www.instagram.com/p/DM_PqMDPIX8/
organicgardening,https://www.instagram.com/p/DNPCKI1Pbjx/
organicgardening,https://www.instagram.com/p/DCylDsJvqDE/
organicgardening,https://www.instagram.com/p/DM34IhlPiKG/
organicgardening,https://www.instagram.com/p/DII5XEgIqii/
organicgardening,https://www.instagram.com/p/DHZEBqByb31/
organicgardening,https://www.instagram.com/p/DKi60SfIrS9/
organicgardening,https://www.instagram.com/p/DHdzDzrsggT/
organicgardening,https://www.instagram.com/p/DL3I8GKTSeC/
organicgardening,https://www.instagram.com/p/DHd-JUpzfyk/
organicgardening,https://www.instagram.com/p/DHVgrlHIpUK/
organicgardening,https://www.instagram.com/p/DMDtIviS-b_/
organicgardening,https://www.instagram.com/p/DLiVgbVNlm2/
organicgardening,https://www.instagram.com/p/DNTxcGEPrzs/
organicgardening,https://www.instagram.com/p/DL7NPEyqjL3/
organicgardening,https://www.instagram.com/p/DM_fUKTusNl/
organicgardening,https://www.instagram.com/p/DMxslsYo_h_/
organicgardening,https://www.instagram.com/p/DKJ7mlztWPk/
organicgardening,https://www.instagram.com/p/DNUBlz3RM-0/
organicgardening,https://www.instagram.com/p/DLu6r_PRBQl/
organicgardening,https://www.instagram.com/p/DNGM5pguhMm/
organicgardening,https://www.instagram.com/p/DMdK7luMcEd/
organicgardening,https://www.instagram.com/p/DMV5w7XBDBW/
organicgardening,https://www.instagram.com/p/DLOVh2BvNMV/
organicgardening,https://www.instagram.com/p/DM_nzZuRA_E/
organicgardening,https://www.instagram.com/p/DMNJvlQM3IM/
organicgardening,https://www.instagram.com/p/DOqSpCDk66h/
organicgardening,https://www.instagram.com/p/DIR6LajS1dR/
organicgardening,https://www.instagram.com/p/DN7ocvZiPwP/
organicgardening,https://www.instagram.com/p/DLhutNYx-uO/
organicgardening,https://www.instagram.com/p/DHZ4roip3BU/
organicgardening,https://www.instagram.com/p/DJNrYfJzRIX/
organicgardening,https://www.instagram.com/p/DHvcDedz3f1/
organicgardening,https://www.instagram.com/p/DHsRyMFzZqJ/
organicgardening,https://www.instagram.com/p/DM-DPQaqe4h/
organicgardening,https://www.instagram.com/p/DNnAcuXPfxk/
organicgardening,https://www.instagram.com/p/DMYgQPUS_u5/
organicgardening,https://www.instagram.com/p/DKj2S2LsXuO/
organicgardening,https://www.instagram.com/p/DKBuyLjMUTC/
organicgardening,https://www.instagram.com/p/DKaOZwuIxv9/
organicgardening,https://www.instagram.com/p/DNJO5Rt1M-I/
organicgardening,https://www.instagram.com/p/DKApmODKHfX/
organicgardening,https://www.instagram.com/p/DMQC9ScR5b3/
organicgardening,https://www.instagram.com/p/DJfZvyUoDzO/
organicgardening,https://www.instagram.com/p/DLqlVAjgh82/
organicgardening,https://www.instagram.com/p/DOVKh8vDr94/
organicgardening,https://www.instagram.com/p/DM0DXAIvfgJ/
organicgardening,https://www.instagram.com/p/DJjZS7LxA3W/
organicgardening,https://www.instagram.com/p/DLVhFmoB01x/
organicgardening,https://www.instagram.com/p/DOsLkaqDZq9/
organicgardening,https://www.instagram.com/p/DM05SkFBSEG/
organicgardening,https://www.instagram.com/p/DM3niwLME6O/
organicgardening,https://www.instagram.com/p/DNvRsVgXiPd/
organicgardening,https://www.instagram.com/p/DLx_ZiiBPbL/
organicgardening,https://www.instagram.com/p/DJDWv6_xce9/
organicgardening,https://www.instagram.com/p/DLVOo1zR9lR/
organicgardening,https://www.instagram.com/p/DM1ETeySwCp/
organicgardening,https://www.instagram.com/p/DHh9uq3zLdz/
organicgardening,https://www.instagram.com/p/DKhfJQMKesZ/
organicgardening,https://www.instagram.com/p/DMXAL_Wxzy0/
organicgardening,https://www.instagram.com/p/DOooP_djp_k/
organicgardening,https://www.instagram.com/p/DJPNjlxJnBg/
organicgardening,https://www.instagram.com/p/DNtvebCQpob/
organicgardening,https://www.instagram.com/p/DNAmndoJBo5/
organicgardening,https://www.instagram.com/p/DMvmQcjoCJy/
organicgardening,https://www.instagram.com/p/DHoUbqyhYc4/
organicgardening,https://www.instagram.com/p/DN6qPCuj5R5/
organicgardening,https://www.instagram.com/p/DIQ6VwcRtoE/
organicgardening,https://www.instagram.com/p/DODfVU7CPMI/
organicgardening,https://www.instagram.com/p/DM_GdSlBftt/
organicgardening,https://www.instagram.com/p/DOZCS8VjQ31/
organicgardening,https://www.instagram.com/p/DOfZH6FiBJY/
organicgardening,https://www.instagram.com/p/DHqlGWSs5rt/
organicgardening,https://www.instagram.com/p/DHaHGGapxyL/
organicgardening,https://www.instagram.com/p/DORLXRvlKfe/
organicgardening,https://www.instagram.com/p/DMcqdg-oAlq/
organicgardening,https://www.instagram.com/p/DJZGvWAI86j/
gardenhacks,https://www.instagram.com/p/DGc4reCyE_s/
gardenhacks,https://www.instagram.com/p/CiQAA-zK4X4/
gardenhacks,https://www.instagram.com/p/DMnSUXzCOAQ/
gardenhacks,https://www.instagram.com/p/DNVktr4NcHh/
gardenhacks,https://www.instagram.com/p/DCahYGLyDS3/
gardenhacks,https://www.instagram.com/p/DNm1aWGMRsc/
gardenhacks,https://www.instagram.com/p/DCP4iy_znvO/
gardenhacks,https://www.instagram.com/p/DFuJowGJcc7/
gardenhacks,https://www.instagram.com/p/C0O78nUuVGr/
gardenhacks,https://www.instagram.com/p/DMnbDyhIiXj/
gardenhacks,https://www.instagram.com/p/DJeOaRDouua/
gardenhacks,https://www.instagram.com/p/DMPu_fJMpe5/
gardenhacks,https://www.instagram.com/p/DKGB5g_y57Z/
gardenhacks,https://www.instagram.com/p/DJkyHwfJ9uW/
gardenhacks,https://www.instagram.com/p/DF0H1MJtHQu/
gardenhacks,https://www.instagram.com/p/DNBT5_UtcUH/
gardenhacks,https://www.instagram.com/p/DOlxDWLCd9Y/
gardenhacks,https://www.instagram.com/p/DFCfzqgIdyp/
gardenhacks,https://www.instagram.com/p/DLID_qRMARs/
gardenhacks,https://www.instagram.com/p/DMbive6Rs40/
gardenhacks,https://www.instagram.com/p/DNBHuXpKm6D/
gardenhacks,https://www.instagram.com/p/DMsiq58pKDA/
gardenhacks,https://www.instagram.com/p/DG7Eqkkthlr/
gardenhacks,https://www.instagram.com/p/DIXZ7aoMBfG/
gardenhacks,https://www.instagram.com/p/DAyr6VzTL_G/
gardenhacks,https://www.instagram.com/p/DL2VGj_OOr5/
gardenhacks,https://www.instagram.com/p/DKHY11mMSLe/
gardenhacks,https://www.instagram.com/p/DMVN0jbR9XN/
gardenhacks,https://www.instagram.com/p/DKPJq5nslrC/
gardenhacks,https://www.instagram.com/p/DOoEXq_EZvL/
gardenhacks,https://www.instagram.com/p/DOqeVuoEiD3/
gardenhacks,https://www.instagram.com/p/DIIZ_ePTYm4/
gardenhacks,https://www.instagram.com/p/DMU8IvYApX9/
gardenhacks,https://www.instagram.com/p/DLxdyuKRISS/
gardenhacks,https://www.instagram.com/p/DHhIKrGpC62/
gardenhacks,https://www.instagram.com/p/DMeAxmdNO67/
gardenhacks,https://www.instagram.com/p/DH-hgwLAGJE/
gardenhacks,https://www.instagram.com/p/DJSnk83zPQB/
gardenhacks,https://www.instagram.com/p/DIHvtigJz0C/
gardenhacks,https://www.instagram.com/p/DOv26a4Ecal/
gardenhacks,https://www.instagram.com/p/DLwx7D9tk9H/
gardenhacks,https://www.instagram.com/p/DOv3UqejXm4/
gardenhacks,https://www.instagram.com/p/DM74fpNpy5U/
gardenhacks,https://www.instagram.com/p/DJNI_n8K_ud/
gardenhacks,https://www.instagram.com/p/DKuAJ73KjF9/
gardenhacks,https://www.instagram.com/p/DEkNTdExewH/
gardenhacks,https://www.instagram.com/p/DJO_a4Xpgjx/
gardenhacks,https://www.instagram.com/p/DKCxCR7g3cL/
gardenhacks,https://www.instagram.com/p/DNOOhbgte2f/
gardenhacks,https://www.instagram.com/p/DMz2HaORYEG/
gardenhacks,https://www.instagram.com/p/DM2j66Cx_K-/
gardenhacks,https://www.instagram.com/p/DIee8fPvZsK/
gardenhacks,https://www.instagram.com/p/DMZPpmBxTCu/
gardenhacks,https://www.instagram.com/p/DNyly1YYgCz/
gardenhacks,https://www.instagram.com/p/DOq09lakdsX/
gardenhacks,https://www.instagram.com/p/DN0yamRXCC6/
gardenhacks,https://www.instagram.com/p/DOtcRzOiufI/
gardenhacks,https://www.instagram.com/p/DK9QVC6gtnh/
gardenhacks,https://www.instagram.com/p/DNTfJ0lNSf2/
gardenhacks,https://www.instagram.com/p/DM29OX6z-DK/
gardenhacks,https://www.instagram.com/p/DNNX3oPJ_ra/
gardenhacks,https://www.instagram.com/p/DM2oLfA11vy/
gardenhacks,https://www.instagram.com/p/DNxefVJWsDp/
gardenhacks,https://www.instagram.com/p/DAWkJuKBQXL/
gardenhacks,https://www.instagram.com/p/DOv0_1SCBYQ/
gardenhacks,https://www.instagram.com/p/DF486EQSHn7/
gardenhacks,https://www.instagram.com/p/BM6Sszoj6C_/
gardenhacks,https://www.instagram.com/p/DOYeaxLkW4f/
gardenhacks,https://www.instagram.com/p/C346NHJLQvZ/
gardenhacks,https://www.instagram.com/p/DKcmAWYxekX/
gardenhacks,https://www.instagram.com/p/DGyzNr5yKDk/
gardenhacks,https://www.instagram.com/p/DKqC3HtvPUw/
gardenhacks,https://www.instagram.com/p/DGMhwpyNSJ8/
gardenhacks,https://www.instagram.com/p/DKAVIzTvqR9/
gardenhacks,https://www.instagram.com/p/DIv0isZxU3M/
gardenhacks,https://www.instagram.com/p/DLBO3qEglzI/
gardenhacks,https://www.instagram.com/p/DOFDJXwAQzt/
gardenhacks,https://www.instagram.com/p/DFa6JwtTkSy/
gardenhacks,https://www.instagram.com/p/DJmPbSgxb2g/
gardenhacks,https://www.instagram.com/p/DOXNpPTDnHu/
gardenhacks,https://www.instagram.com/p/DLOjXafPsF_/
gardenhacks,https://www.instagram.com/p/DE2rpUyP9FY/
gardenhacks,https://www.instagram.com/p/DH33WPoqfTv/
gardenhacks,https://www.instagram.com/p/DHBEljLIzDJ/
gardenhacks,https://www.instagram.com/p/DB0N_1uNMVW/
gardenhacks,https://www.instagram.com/p/DNokVOfSn98/
gardenhacks,https://www.instagram.com/p/DDZQDlvu_jC/
gardenhacks,https://www.instagram.com/p/DIo3tw7T5V3/
gardenhacks,https://www.instagram.com/p/DIPCICfvNuD/
gardenhacks,https://www.instagram.com/p/DL3I8GKTSeC/
gardenhacks,https://www.instagram.com/p/DH8ww1fIufS/
gardenhacks,https://www.instagram.com/p/DNupUyx2OYV/
gardenhacks,https://www.instagram.com/p/DIxDoJfBz2r/
gardenhacks,https://www.instagram.com/p/DN-kKRLkfvK/
gardenhacks,https://www.instagram.com/p/DKwurpuADSn/
gardenhacks,https://www.instagram.com/p/DBW-ufKvF_w/
gardenhacks,https://www.instagram.com/p/DMK1nM4OVio/
gardenhacks,https://www.instagram.com/p/DB9KsKtMqqn/
gardenhacks,https://www.instagram.com/p/DIBw9OAsyTq/
gardenhacks,https://www.instagram.com/p/DGIyeOoueG9/
gardenhacks,https://www.instagram.com/p/DOuAsWdkiAs/
gardenhacks,https://www.instagram.com/p/DMfbV8jq4Km/
gardenhacks,https://www.instagram.com/p/DJrX1qpzNDc/
gardenhacks,https://www.instagram.com/p/DHomJics7ZX/
gardenhacks,https://www.instagram.com/p/DMImdr6t1AI/
gardenhacks,https://www.instagram.com/p/DNV85_sOwwX/
gardenhacks,https://www.instagram.com/p/DDR2ToDOOTh/
gardenhacks,https://www.instagram.com/p/DOntY20DFs7/
gardenhacks,https://www.instagram.com/p/DOtP0diCAfn/
gardenhacks,https://www.instagram.com/p/DLBWvsAse-E/
gardenhacks,https://www.instagram.com/p/DOhbWhuk0vh/
gardenhacks,https://www.instagram.com/p/DMnSN2_otXT/
gardenhacks,https://www.instagram.com/p/Cf3sFcPuHCL/
gardenhacks,https://www.instagram.com/p/DJMfHVMhRC0/
gardenhacks,https://www.instagram.com/p/DMCft4fMEGN/
gardenhacks,https://www.instagram.com/p/DNnoDccOmR7/
gardenhacks,https://www.instagram.com/p/DIG8wVkR5ew/
gardenhacks,https://www.instagram.com/p/DM5hbOiOdRY/
gardenhacks,https://www.instagram.com/p/DCelAIjJSmj/
gardenhacks,https://www.instagram.com/p/DF7v2xANBAO/
gardenhacks,https://www.instagram.com/p/DA9L9wpzrq4/
gardenhacks,https://www.instagram.com/p/CBgEoEKBk9J/
gardenhacks,https://www.instagram.com/p/DNRcxwtp0z_/
gardenhacks,https://www.instagram.com/p/DG4FTt4yn1y/
gardenhacks,https://www.instagram.com/p/DGJUf32zeNt/
gardenhacks,https://www.instagram.com/p/DLfL6aHtaOn/
gardenhacks,https://www.instagram.com/p/DHL9Fr0scRG/
gardenhacks,https://www.instagram.com/p/DOtgOt_CLtq/
gardenhacks,https://www.instagram.com/p/DJZHTgCxisB/
gardenhacks,https://www.instagram.com/p/DOtfpZsEeF2/
gardenhacks,https://www.instagram.com/p/CZOaDl4rk5u/
gardenhacks,https://www.instagram.com/p/DKQHGNVSK-6/
gardenhacks,https://www.instagram.com/p/DHjYT23BD-i/
gardenhacks,https://www.instagram.com/p/DOvipSXCbpJ/
gardenhacks,https://www.instagram.com/p/DLU1Sf-v6h-/
gardenhacks,https://www.instagram.com/p/DKGO8TDNjAi/
gardenhacks,https://www.instagram.com/p/DCIAGDSvbIJ/
gardenhacks,https://www.instagram.com/p/DOO2VN9kUfG/
gardenhacks,https://www.instagram.com/p/DLFRoGbswNX/
gardenhacks,https://www.instagram.com/p/DIn7-iDtZzL/
gardenhacks,https://www.instagram.com/p/C9o74vaOFyh/
gardenhacks,https://www.instagram.com/p/DJE58xHJJ4u/
gardenhacks,https://www.instagram.com/p/DHGzJvwgQ1o/
gardenhacks,https://www.instagram.com/p/DE8ifOEAJBh/
gardenhacks,https://www.instagram.com/p/DLaTqvTRc1e/
gardenhacks,https://www.instagram.com/p/DOr5GtvjsSL/
gardenhacks,https://www.instagram.com/p/DMoFhUay95B/
gardenhacks,https://www.instagram.com/p/DLaJRZBsKlE/
gardenhacks,https://www.instagram.com/p/DN3-QQhk6Jr/
gardenhacks,https://www.instagram.com/p/DBHRNywJpb3/
gardenhacks,https://www.instagram.com/p/DHycOCzvms_/
gardenhacks,https://www.instagram.com/p/DMyUqkRJUPb/
gardenhacks,https://www.instagram.com/p/DHbkRJiuNa3/
gardenhacks,https://www.instagram.com/p/DNa4O9etonP/
gardenhacks,https://www.instagram.com/p/DOv6zzok7pq/
gardenhacks,https://www.instagram.com/p/DOn8GCvgSlw/
gardenhacks,https://www.instagram.com/p/DNTl-HJPBF4/
gardenhacks,https://www.instagram.com/p/DI4QNl6vsIv/
gardenhacks,https://www.instagram.com/p/DGThc8JTKiF/
gardenhacks,https://www.instagram.com/p/DNyNSoH2HZa/
gardenhacks,https://www.instagram.com/p/DI5ooXJKP6C/
gardenhacks,https://www.instagram.com/p/DOgBG19ESru/
gardenhacks,https://www.instagram.com/p/DHdtkJvR0lt/
gardenhacks,https://www.instagram.com/p/DB9TKlGOxlZ/
gardenhacks,https://www.instagram.com/p/DIcbaM4x9ix/
gardenhacks,https://www.instagram.com/p/DOQv5T2k7hZ/
gardenhacks,https://www.instagram.com/p/DNUUl5NMm44/
gardenhacks,https://www.instagram.com/p/DOWb0LqjNOH/
gardenhacks,https://www.instagram.com/p/DJb_cyoBYl3/
gardenhacks,https://www.instagram.com/p/DIcWknTJzLH/
gardenhacks,https://www.instagram.com/p/C_ij2DfRMrD/
gardenhacks,https://www.instagram.com/p/DMfZb6Ot3VQ/
gardenhacks,https://www.instagram.com/p/DNQzkeiBIkg/
gardenhacks,https://www.instagram.com/p/DK-G-o5x3TU/
gardenhacks,https://www.instagram.com/p/DLyGx9FBbuT/
gardenhacks,https://www.instagram.com/p/DOpL8ZSk8za/
gardenhacks,https://www.instagram.com/p/DGBbOL5oo6l/
gardenhacks,https://www.instagram.com/p/DK0LivuTxf_/
gardenhacks,https://www.instagram.com/p/DKsWF5EByaF/
gardenhacks,https://www.instagram.com/p/DOfgYchExt-/
gardenhacks,https://www.instagram.com/p/DNDEkMxO0WL/
gardenhacks,https://www.instagram.com/p/C__SJ0WMd-3/
gardenhacks,https://www.instagram.com/p/DOtYn_xEWWG/
gardenhacks,https://www.instagram.com/p/B8Ml2bEh9Cq/
gardenhacks,https://www.instagram.com/p/DOis4a0EYVW/
gardenhacks,https://www.instagram.com/p/DLwftKbslhm/
gardenhacks,https://www.instagram.com/p/DIcWYIQOHlS/
gardenhacks,https://www.instagram.com/p/DLFt1fnxpj6/
gardenhacks,https://www.instagram.com/p/DJ71hhjS0lV/
gardenhacks,https://www.instagram.com/p/DJu2KIaM-v6/
gardenhacks,https://www.instagram.com/p/DNrHpYx2mwe/
gardenhacks,https://www.instagram.com/p/DCg3t_KxYa4/
gardenhacks,https://www.instagram.com/p/DNN6F2EKz3_/
gardenhacks,https://www.instagram.com/p/DNZj_OmI3KO/
gardenhacks,https://www.instagram.com/p/DNA0XCasRdu/
gardenhacks,https://www.instagram.com/p/DIl2_sOtl_5/
gardenhacks,https://www.instagram.com/p/DGX2TqOsbgM/
gardenhacks,https://www.instagram.com/p/DLzrWnsvNV7/
gardenhacks,https://www.instagram.com/p/DMiqR3MMoF0/
gardenhacks,https://www.instagram.com/p/DNiemU7xLR_/
gardenhacks,https://www.instagram.com/p/DLyGxVlhiYO/
gardenhacks,https://www.instagram.com/p/DHpSCuKOppo/
gardenhacks,https://www.instagram.com/p/DOnwsq8CkrQ/
gardenhacks,https://www.instagram.com/p/DAEV4f8o7K_/
gardenhacks,https://www.instagram.com/p/DOtZNj0iaVS/
gardenhacks,https://www.instagram.com/p/DDEtHUHPK0s/
gardenhacks,https://www.instagram.com/p/DGwqIlsSvD8/
gardenhacks,https://www.instagram.com/p/B429E8AB1fA/
gardenhacks,https://www.instagram.com/p/DNq--2hQmGt/
gardenhacks,https://www.instagram.com/p/DJy21qBNZ3X/
gardenhacks,https://www.instagram.com/p/DGn8QxkJDJ3/
gardenhacks,https://www.instagram.com/p/DBR5j1shFEr/
gardenhacks,https://www.instagram.com/p/DG5wKTgK2Vm/
gardenhacks,https://www.instagram.com/p/DOkn27mjJ0q/
gardenhacks,https://www.instagram.com/p/DIMRxlaueg-/
gardenhacks,https://www.instagram.com/p/DAxIUnktSnV/
gardenhacks,https://www.instagram.com/p/DGTW_ffx5Pt/
gardenhacks,https://www.instagram.com/p/DKxqGpUBev8/
gardenhacks,https://www.instagram.com/p/DM_8S02tGII/
gardenhacks,https://www.instagram.com/p/DHByZABORc4/
gardenhacks,https://www.instagram.com/p/DBt5WWLNA46/
gardenhacks,https://www.instagram.com/p/DOoADKJDdKM/
gardenhacks,https://www.instagram.com/p/DHeK4hByUO3/
gardenhacks,https://www.instagram.com/p/DOkjGqfiM6f/
gardenhacks,https://www.instagram.com/p/C_Oecylh_eO/
gardenhacks,https://www.instagram.com/p/DGDP9P_ioCM/
gardenhacks,https://www.instagram.com/p/DNTs7V9JskQ/
gardenhacks,https://www.instagram.com/p/DObGdVbASas/
gardenhacks,https://www.instagram.com/p/DNLRaKkJGau/
gardenhacks,https://www.instagram.com/p/DC98h8XPGwz/
gardenhacks,https://www.instagram.com/p/DL-I1MnvKEV/
gardenhacks,https://www.instagram.com/p/DKUhu7iRZBu/
gardenhacks,https://www.instagram.com/p/DMvAwMPC8Bi/
gardenhacks,https://www.instagram.com/p/DMUh0KcM9Hh/
gardenhacks,https://www.instagram.com/p/DNu25ck5JMD/
gardenhacks,https://www.instagram.com/p/DJegrmgI3nt/
gardenhacks,https://www.instagram.com/p/DCyQL8toCXa/
gardenhacks,https://www.instagram.com/p/DHZfbamx5eS/
gardenhacks,https://www.instagram.com/p/DFtO5yBBts8/
gardenhacks,https://www.instagram.com/p/DJCYowrRYkR/
gardenhacks,https://www.instagram.com/p/DM5Kpi8s9x2/
gardenhacks,https://www.instagram.com/p/DAJnpCtprSs/
gardenhacks,https://www.instagram.com/p/C_67e-FtXM1/
gardenhacks,https://www.instagram.com/p/DGeg-0TRh55/
gardenhacks,https://www.instagram.com/p/DM0TH_ZRfjN/
gardenhacks,https://www.instagram.com/p/DIUBu3sJkvG/
gardenhacks,https://www.instagram.com/p/DOV_nUzDVfq/
gardenhacks,https://www.instagram.com/p/DNOA_q_MDTc/
gardenhacks,https://www.instagram.com/p/DOVsTD9DjA5/
gardenhacks,https://www.instagram.com/p/DIMQsQftgkt/
gardenhacks,https://www.instagram.com/p/DMve5oKMtug/
gardenhacks,https://www.instagram.com/p/C_2Y-Bzin-m/
gardenhacks,https://www.instagram.com/p/DLdQVXfBMmR/
gardenhacks,https://www.instagram.com/p/DMl4ygVvUDj/
gardenhacks,https://www.instagram.com/p/DAoK2Riv3Bi/
gardenhacks,https://www.instagram.com/p/DIq8cDxRZ57/
gardenhacks,https://www.instagram.com/p/DNV9nRKR72f/
gardenhacks,https://www.instagram.com/p/DKNU_LVN9N8/
gardenhacks,https://www.instagram.com/p/DCXwgX_N6Bz/
gardenhacks,https://www.instagram.com/p/DItu0xsJq51/
gardenhacks,https://www.instagram.com/p/C6LcivJP8Qn/
gardenhacks,https://www.instagram.com/p/DG2tgr6yLJm/
gardenhacks,https://www.instagram.com/p/DETs_uMNcX_/
gardenhacks,https://www.instagram.com/p/DIe4_WcznKE/
gardenhacks,https://www.instagram.com/p/DOmIRNJjYSa/
gardenhacks,https://www.instagram.com/p/DHpSB0_ujli/
gardenhacks,https://www.instagram.com/p/DGO6TGTRRn4/
gardenhacks,https://www.instagram.com/p/DFqqFpezgKL/
gardenhacks,https://www.instagram.com/p/DMcilwLNtho/
gardenhacks,https://www.instagram.com/p/DKhtKilRbKq/
gardenhacks,https://www.instagram.com/p/DKKwzMdJVTR/
gardenhacks,https://www.instagram.com/p/DOn4KmCEa4c/
gardenhacks,https://www.instagram.com/p/DGdY39GzNiB/
gardenhacks,https://www.instagram.com/p/DNdMhNAthxO/
gardenhacks,https://www.instagram.com/p/DOq0hPYE9YF/
gardenhacks,https://www.instagram.com/p/DGIuetWvhHZ/
gardenhacks,https://www.instagram.com/p/DIO17sZSP97/
gardenhacks,https://www.instagram.com/p/DIE5BONzRaN/
gardenhacks,https://www.instagram.com/p/DJ9BPrPKHxv/
gardenhacks,https://www.instagram.com/p/DH5eSwkKndB/
gardenhacks,https://www.instagram.com/p/DHwE3diPFcJ/
gardenhacks,https://www.instagram.com/p/DHbYNeyR58D/
gardenhacks,https://www.instagram.com/p/DMNfkUOxX2N/
gardenhacks,https://www.instagram.com/p/DKF1iwITbWR/
gardenhacks,https://www.instagram.com/p/DJcX4YjRW4J/
gardenhacks,https://www.instagram.com/p/DJHw1voMrnf/
gardenhacks,https://www.instagram.com/p/DB-f0QhSvLv/
gardenhacks,https://www.instagram.com/p/DKe4YKURcCY/
gardenhacks,https://www.instagram.com/p/DOgiHG7kTqK/
gardenhacks,https://www.instagram.com/p/DNWY67iNNxx/
gardenhacks,https://www.instagram.com/p/DItYwnFNP2C/
gardenhacks,https://www.instagram.com/p/DGTkSg-OKLq/
gardenhacks,https://www.instagram.com/p/DJ6qluzONML/
gardenhacks,https://www.instagram.com/p/DMaOVeyNDRy/
gardenhacks,https://www.instagram.com/p/DJMM6fVhcLl/
gardenhacks,https://www.instagram.com/p/DMxzZzkqeQt/
gardenhacks,https://www.instagram.com/p/DCUm1IdvSom/
gardenhacks,https://www.instagram.com/p/DJT0kYRq1Fo/
gardenhacks,https://www.instagram.com/p/DOU4gedCJHL/
gardenhacks,https://www.instagram.com/p/DOKNIz-gmMS/
gardenhacks,https://www.instagram.com/p/DJBqtWQo9zZ/
gardenhacks,https://www.instagram.com/p/DNcImRdRTUT/
gardenhacks,https://www.instagram.com/p/DNYrMYZsKOy/
gardenhacks,https://www.instagram.com/p/DHvq8peKOpl/
gardenhacks,https://www.instagram.com/p/DCuV4D6yUAv/
gardenhacks,https://www.instagram.com/p/DOAslB-DNJe/
gardenhacks,https://www.instagram.com/p/DCKfPOnh884/
gardenhacks,https://www.instagram.com/p/DJHrooPtmIA/
gardenhacks,https://www.instagram.com/p/DLMoB5cMggF/
gardenhacks,https://www.instagram.com/p/DM-kK2wtIyZ/
gardenhacks,https://www.instagram.com/p/Cy58gs0On68/
gardenhacks,https://www.instagram.com/p/DAJYSz1KPhN/
gardenhacks,https://www.instagram.com/p/DC6WWw3Khc1/
gardenhacks,https://www.instagram.com/p/DGqH8rkyPEu/
gardenhacks,https://www.instagram.com/p/BgG6sA6lmj8/
gardenhacks,https://www.instagram.com/p/DLCs4gyquck/
gardenhacks,https://www.instagram.com/p/C_fNzZEoViC/
gardenhacks,https://www.instagram.com/p/DONn7U0jjTD/
gardenhacks,https://www.instagram.com/p/DKlRwVSTB1_/
gardenhacks,https://www.instagram.com/p/DOTwOo_D3c7/
gardenhacks,https://www.instagram.com/p/DDWuwOnPP39/
gardenhacks,https://www.instagram.com/p/DE5ot7mPUWh/
gardenhacks,https://www.instagram.com/p/DOsbpQODDzW/
gardenhacks,https://www.instagram.com/p/DL-fqdNpUEk/
gardenhacks,https://www.instagram.com/p/DI0SLHiPDo2/
gardenhacks,https://www.instagram.com/p/DH80wI8NMeD/
gardenhacks,https://www.instagram.com/p/DOqBArgiOlp/
gardenhacks,https://www.instagram.com/p/DJr_KZ9zE30/
gardenhacks,https://www.instagram.com/p/DJRIt-yBeb8/
gardenhacks,https://www.instagram.com/p/DGsxd9HodEB/
gardenhacks,https://www.instagram.com/p/DI90uKKzkxo/
gardenhacks,https://www.instagram.com/p/DFwHU8eJ-w4/
gardenhacks,https://www.instagram.com/p/C8mJJNvNtkq/
gardenhacks,https://www.instagram.com/p/C__t2D7pkRg/
gardenhacks,https://www.instagram.com/p/DDXA6ycRQQY/
gardenhacks,https://www.instagram.com/p/DDJ-giGzmwa/
gardenhacks,https://www.instagram.com/p/DK0E_gRz4uu/
gardenhacks,https://www.instagram.com/p/DOtKvO_jSda/
gardenhacks,https://www.instagram.com/p/CMlpnbKJbdr/
gardenhacks,https://www.instagram.com/p/DHEHk7ezhkB/
gardenhacks,https://www.instagram.com/p/DDNW5xkC26z/
gardenhacks,https://www.instagram.com/p/C66tXp2LYpn/
gardenhacks,https://www.instagram.com/p/DOk3_GQDflw/
gardenhacks,https://www.instagram.com/p/DLC3ATbMEom/
gardenhacks,https://www.instagram.com/p/DJHdjdryEs1/
gardenhacks,https://www.instagram.com/p/CzJa0WvOlgb/
gardenhacks,https://www.instagram.com/p/DCjOyCTNTW4/
gardenhacks,https://www.instagram.com/p/DM0ekwtgpaR/
gardenhacks,https://www.instagram.com/p/DDcQpAZNHxM/
gardenhacks,https://www.instagram.com/p/DM5XtWmM1D7/
gardenhacks,https://www.instagram.com/p/DBhVhBop1CR/
gardenhacks,https://www.instagram.com/p/DN_DCADDLd7/
gardenhacks,https://www.instagram.com/p/DLnEl3qttkT/
gardenhacks,https://www.instagram.com/p/DOJrgkSEdWK/
gardenhacks,https://www.instagram.com/p/C658mA6O68s/
gardenhacks,https://www.instagram.com/p/C-VZYO9KLsq/
gardenhacks,https://www.instagram.com/p/DKpxRouBToP/
gardenhacks,https://www.instagram.com/p/DHwrREGO_fW/
gardenhacks,https://www.instagram.com/p/DHJ87akTpUO/
gardenhacks,https://www.instagram.com/p/DOGmVAtiSCv/
gardenhacks,https://www.instagram.com/p/DNU5mznKw-R/
gardenhacks,https://www.instagram.com/p/DGfpxwYxvLs/
gardenhacks,https://www.instagram.com/p/DEsBi3nBHob/
gardenhacks,https://www.instagram.com/p/DF48w7dv32J/
gardenhacks,https://www.instagram.com/p/DDob107sQWJ/
gardenhacks,https://www.instagram.com/p/C_qn-H-Toy3/
gardenhacks,https://www.instagram.com/p/DOo57OOkpux/
gardenhacks,https://www.instagram.com/p/DAVgOzUhovt/
gardenhacks,https://www.instagram.com/p/DHpY_HwIX4Q/
gardenhacks,https://www.instagram.com/p/C8wyKzms6zE/
gardenhacks,https://www.instagram.com/p/DIgu9QmRsIZ/
gardenhacks,https://www.instagram.com/p/DMeMc49JBjJ/
gardenhacks,https://www.instagram.com/p/DKQHVOPyhem/
gardenhacks,https://www.instagram.com/p/DCjxNQvM99T/
gardenhacks,https://www.instagram.com/p/DLnccLRSdmt/
gardenhacks,https://www.instagram.com/p/DOCn6yMEqji/
gardenhacks,https://www.instagram.com/p/DCF0hNQyI8q/
gardenhacks,https://www.instagram.com/p/DCUHFLtRRd-/
gardenhacks,https://www.instagram.com/p/CEAlBKnBX1V/
gardenhacks,https://www.instagram.com/p/DM_q-wVPsNi/
gardenhacks,https://www.instagram.com/p/DNx9MpbWLvI/
gardenhacks,https://www.instagram.com/p/CxHHsFGpBEz/
gardenhacks,https://www.instagram.com/p/C_woTYrNpTB/
gardenhacks,https://www.instagram.com/p/DIc6aC5sD50/
gardenhacks,https://www.instagram.com/p/DG6ZW5SJLnj/
gardenhacks,https://www.instagram.com/p/DMX3JpwzqWq/
gardenhacks,https://www.instagram.com/p/DOlznKVjz6M/
gardenhacks,https://www.instagram.com/p/DGOhU87AU-R/
gardenhacks,https://www.instagram.com/p/DGOhQUutkpU/
gardenhacks,https://www.instagram.com/p/DJFlTt4MqLi/
gardenhacks,https://www.instagram.com/p/DLn1OFfxH2n/
gardenhacks,https://www.instagram.com/p/DGg1WtdSi9c/
gardenhacks,https://www.instagram.com/p/DOqB-MZDCgG/
gardenhacks,https://www.instagram.com/p/C_aENnfMK-w/
gardenhacks,https://www.instagram.com/p/DGYZMXitQhG/
gardenhacks,https://www.instagram.com/p/DKlxsE5u_qm/
gardenhacks,https://www.instagram.com/p/DJWgfeogPf4/
gardenhacks,https://www.instagram.com/p/DF27dLoz2-f/
gardenhacks,https://www.instagram.com/p/DH6FIfxO2vk/
gardenhacks,https://www.instagram.com/p/C7wlex4ChG1/
gardenhacks,https://www.instagram.com/p/DH8yhGCy7Wy/
gardenhacks,https://www.instagram.com/p/DCd7t7nvJwf/
gardenhacks,https://www.instagram.com/p/DNv0ZIXYsq3/
gardenhacks,https://www.instagram.com/p/DI6pxdDN4hU/
gardenhacks,https://www.instagram.com/p/DGgIRNmtKRG/
gardenhacks,https://www.instagram.com/p/DAPTrtBJnFg/
gardenhacks,https://www.instagram.com/p/C1wyMD4IRge/
gardenhacks,https://www.instagram.com/p/C_8mX-FvaoN/
gardenhacks,https://www.instagram.com/p/CcYWpQXub_1/
gardenhacks,https://www.instagram.com/p/DOtW3aXjCZD/
gardenhacks,https://www.instagram.com/p/Cu7oqYSN4ju/
gardenhacks,https://www.instagram.com/p/DATrhJquJAL/
gardenhacks,https://www.instagram.com/p/DIyjwXDS8QU/
gardenhacks,https://www.instagram.com/p/C9npHMHC2Dk/
gardenhacks,https://www.instagram.com/p/DOlj84eiJju/
gardenhacks,https://www.instagram.com/p/DLQNC4aREpk/
gardenhacks,https://www.instagram.com/p/C5tuF-svO41/
gardenhacks,https://www.instagram.com/p/DHqI4sFCX1j/
gardenhacks,https://www.instagram.com/p/DKx46FLN_0B/
gardenhacks,https://www.instagram.com/p/DI9ARreyKgy/
gardenhacks,https://www.instagram.com/p/DJkjKM2o1Y4/
gardenhacks,https://www.instagram.com/p/DE4rx1JJWZj/
gardenhacks,https://www.instagram.com/p/C27Z3OKOuLu/
gardenhacks,https://www.instagram.com/p/DMI8dmpvV4f/
gardenhacks,https://www.instagram.com/p/DGntd1YR1BD/
gardenhacks,https://www.instagram.com/p/DM3WKXUNmN8/
gardenhacks,https://www.instagram.com/p/C_vp2FAysT9/
gardenhacks,https://www.instagram.com/p/DNTZRGUOtw3/
gardenhacks,https://www.instagram.com/p/DDst1z-NpU9/
gardenhacks,https://www.instagram.com/p/Bw2BI39lsll/
gardenhacks,https://www.instagram.com/p/DMvOT58pWmf/
gardenhacks,https://www.instagram.com/p/DMGSrlEBQKl/
gardenhacks,https://www.instagram.com/p/DOqlrwsCLZ6/
gardenhacks,https://www.instagram.com/p/DNV1PeePiqB/
gardenhacks,https://www.instagram.com/p/DA5B8SxSWyc/
gardenhacks,https://www.instagram.com/p/DNvgYgTo7GM/
gardenhacks,https://www.instagram.com/p/DFdRaZtu6Th/
gardenhacks,https://www.instagram.com/p/DNiZpdZJYBG/
gardenhacks,https://www.instagram.com/p/Cpm6icXuMuo/
gardenhacks,https://www.instagram.com/p/DNBP1S4sxXp/
gardenhacks,https://www.instagram.com/p/DJoar5muKm1/
gardenhacks,https://www.instagram.com/p/DIMa0nBoGLy/
gardenhacks,https://www.instagram.com/p/C7gB7jyNRHS/
gardenhacks,https://www.instagram.com/p/DAJfeZCRQ1n/
gardenhacks,https://www.instagram.com/p/DGqRykgNwnm/
gardenhacks,https://www.instagram.com/p/DNuvODwIrBW/
gardenhacks,https://www.instagram.com/p/DOEgKy7DqGf/
gardenhacks,https://www.instagram.com/p/DHj3nvaRfI5/
gardenhacks,https://www.instagram.com/p/C8vcXAjt0dp/
gardenhacks,https://www.instagram.com/p/DLYLFJ9y-94/
gardenhacks,https://www.instagram.com/p/ClCeG61h_w6/
gardenhacks,https://www.instagram.com/p/DHsRlIuR-b9/
gardenhacks,https://www.instagram.com/p/DGlXgY8O75O/
gardenhacks,https://www.instagram.com/p/DMFygxvO2qu/
gardenhacks,https://www.instagram.com/p/Bl0v6AulfdL/
gardenhacks,https://www.instagram.com/p/DGknbBvsArd/
gardenhacks,https://www.instagram.com/p/DATbNUTtWMG/
gardenhacks,https://www.instagram.com/p/DIPpVGAg04J/
gardenhacks,https://www.instagram.com/p/DLpKcjYNOEs/
gardenhacks,https://www.instagram.com/p/DAmgSj8gs5Y/
gardenhacks,https://www.instagram.com/p/DLc1KuXsZaq/
gardenhacks,https://www.instagram.com/p/DOGPVRLCc26/
gardenhacks,https://www.instagram.com/p/DN1S-nPZB2K/
gardenhacks,https://www.instagram.com/p/DOd4Q9DCHAC/
gardenhacks,https://www.instagram.com/p/DHEDU2NIEQT/
gardenhacks,https://www.instagram.com/p/DNlvT4xt9Em/
gardenhacks,https://www.instagram.com/p/DOOaSu0iGkk/
gardenhacks,https://www.instagram.com/p/DOqtsjUCZer/
gardenhacks,https://www.instagram.com/p/DKcWNpxA-nH/
gardenhacks,https://www.instagram.com/p/C2CJKvuyOmg/
gardenhacks,https://www.instagram.com/p/Ce98ZyCgZch/
gardenhacks,https://www.instagram.com/p/DDOfuPuNIeT/
gardenhacks,https://www.instagram.com/p/DKCXo_AuY3s/
gardenhacks,https://www.instagram.com/p/DJ-TB2SR-01/
gardenhacks,https://www.instagram.com/p/C_k7rOgRTxT/
gardenhacks,https://www.instagram.com/p/DGBylEPSL2E/
gardenhacks,https://www.instagram.com/p/DBcQcY3xT6N/
gardenhacks,https://www.instagram.com/p/DITxvcCyu2D/
gardenhacks,https://www.instagram.com/p/DNzfCEv2PWf/
gardenhacks,https://www.instagram.com/p/DD8o7boKrm6/
gardenhacks,https://www.instagram.com/p/DBluFQ_pgFw/
gardenhacks,https://www.instagram.com/p/DN3G6HB3of2/
gardenhacks,https://www.instagram.com/p/DOre7WXEkti/
gardenhacks,https://www.instagram.com/p/DOEKIU_DmuH/
gardenhacks,https://www.instagram.com/p/CzrxmQDM6Nb/
gardenhacks,https://www.instagram.com/p/DCb2rgTOKEA/
gardenhacks,https://www.instagram.com/p/C_klHdGtVjv/
gardenhacks,https://www.instagram.com/p/C-7YeqoN3dY/
gardenhacks,https://www.instagram.com/p/DMyqCj_q9kJ/
gardenhacks,https://www.instagram.com/p/DNl_q9XpU2I/
gardenhacks,https://www.instagram.com/p/DHmD8gYu9hs/
gardenhacks,https://www.instagram.com/p/DDpBZ9DzbYc/
gardenhacks,https://www.instagram.com/p/DMt0Ic0zTaz/
gardenhacks,https://www.instagram.com/p/DCumFNVBg6f/
gardenhacks,https://www.instagram.com/p/DKCjzuNzONC/
gardenhacks,https://www.instagram.com/p/DLPphY2xDOo/
gardenhacks,https://www.instagram.com/p/DKPbW4TubIy/
gardenhacks,https://www.instagram.com/p/DOKWJZnE4yG/
gardenhacks,https://www.instagram.com/p/DJ6zGpgNIbN/
gardenhacks,https://www.instagram.com/p/DNkB2Chsv5h/
gardenhacks,https://www.instagram.com/p/Cybp5N9RAcE/
gardenhacks,https://www.instagram.com/p/DGd2BRlpeTv/
gardenhacks,https://www.instagram.com/p/DAr51LGgqm1/
gardenhacks,https://www.instagram.com/p/DD4NGxoOK7i/
gardenhacks,https://www.instagram.com/p/DGDJF9kN0gF/
gardenhacks,https://www.instagram.com/p/DChzxkdyPxA/
gardenhacks,https://www.instagram.com/p/DKCtSIwxVZ1/
gardenhacks,https://www.instagram.com/p/DMG5Wo_A-s1/
gardenhacks,https://www.instagram.com/p/DCAJgAnJm0M/
gardenhacks,https://www.instagram.com/p/DJURZV8SSts/
gardenhacks,https://www.instagram.com/p/DLmRTcYI8D-/
gardenhacks,https://www.instagram.com/p/DNHk-JJsvqB/
gardenhacks,https://www.instagram.com/p/DM5QRefO5Nh/
gardenhacks,https://www.instagram.com/p/DJ7BfktMxf1/
grownaturally,https://www.instagram.com/p/DNr5bMcZnBi/
grownaturally,https://www.instagram.com/p/DODOrZaj_pU/
grownaturally,https://www.instagram.com/p/DOnItYYk2ib/
grownaturally,https://www.instagram.com/p/DNFTR4lx7CY/
grownaturally,https://www.instagram.com/p/DNssuUCxGzF/
grownaturally,https://www.instagram.com/p/DNe-KFJNMEC/
grownaturally,https://www.instagram.com/p/DOOLMsTDEvt/
grownaturally,https://www.instagram.com/p/DN93HI0jRr3/
grownaturally,https://www.instagram.com/p/DJTMWaNxu0Q/
grownaturally,https://www.instagram.com/p/DJ_sDx4pNP8/
grownaturally,https://www.instagram.com/p/DIXoPUHyd7q/
grownaturally,https://www.instagram.com/p/DNqmnc3S2iq/
grownaturally,https://www.instagram.com/p/DOnTUW8Dz_l/
grownaturally,https://www.instagram.com/p/CiQsp3mpc_b/
grownaturally,https://www.instagram.com/p/DNiWsX3oilt/
grownaturally,https://www.instagram.com/p/DOInIypkoCw/
grownaturally,https://www.instagram.com/p/DOiQHvpEfV2/
grownaturally,https://www.instagram.com/p/DMnqJSmifzv/
grownaturally,https://www.instagram.com/p/DIy9ltAOfUO/
grownaturally,https://www.instagram.com/p/DNarWDlT0fl/
grownaturally,https://www.instagram.com/p/DJo_AI6sD6o/
grownaturally,https://www.instagram.com/p/DOux4mlDJO1/
grownaturally,https://www.instagram.com/p/DN2oreiZBEd/
grownaturally,https://www.instagram.com/p/DOVGfmckvnc/
grownaturally,https://www.instagram.com/p/DOIfLOjjgSZ/
grownaturally,https://www.instagram.com/p/DOn7EDQDzDx/
grownaturally,https://www.instagram.com/p/DNtRpgQRNzP/
grownaturally,https://www.instagram.com/p/DMVzJ0KNzDu/
grownaturally,https://www.instagram.com/p/DNsdfux2v0q/
grownaturally,https://www.instagram.com/p/DJVvVBSxTy0/
grownaturally,https://www.instagram.com/p/DNnofzJyxlm/
grownaturally,https://www.instagram.com/p/DObW1Amk21Q/
grownaturally,https://www.instagram.com/p/DJWFkDUs6BL/
grownaturally,https://www.instagram.com/p/DOVMzkYEa6w/
grownaturally,https://www.instagram.com/p/CfKdHBiJgPf/
grownaturally,https://www.instagram.com/p/DIxX_NXO-LE/
grownaturally,https://www.instagram.com/p/DOV5fWQAXQS/
grownaturally,https://www.instagram.com/p/DNkdi9aSkY2/
grownaturally,https://www.instagram.com/p/DOqP__ykslK/
grownaturally,https://www.instagram.com/p/DOFs4lGDVvN/
grownaturally,https://www.instagram.com/p/DMO9Je-OKDD/
grownaturally,https://www.instagram.com/p/DOtHTFdDHk8/
grownaturally,https://www.instagram.com/p/DF23kJbSjNG/
grownaturally,https://www.instagram.com/p/DNF6s01vh-q/
grownaturally,https://www.instagram.com/p/DMrv-wMTaA1/
grownaturally,https://www.instagram.com/p/DOIHJmkDVQ4/
grownaturally,https://www.instagram.com/p/CDgO6blHMe7/
grownaturally,https://www.instagram.com/p/C9beluwx5xk/
grownaturally,https://www.instagram.com/p/DOMJB7dE23a/
grownaturally,https://www.instagram.com/p/DOLmesiDD2m/
grownaturally,https://www.instagram.com/p/DOqq_fYkmFB/
grownaturally,https://www.instagram.com/p/Cc3SUmMpDri/
grownaturally,https://www.instagram.com/p/DLr5kyps__X/
grownaturally,https://www.instagram.com/p/DF4f0KzRIYb/
grownaturally,https://www.instagram.com/p/DN9uNowkrYH/
grownaturally,https://www.instagram.com/p/DNxOGdxWOyS/
grownaturally,https://www.instagram.com/p/DNqN26xSx8W/
grownaturally,https://www.instagram.com/p/DGgAMVSPLnH/
grownaturally,https://www.instagram.com/p/DNNHHTBzhFZ/
grownaturally,https://www.instagram.com/p/DOXcur9ASJ2/
grownaturally,https://www.instagram.com/p/DOrhC0Nkvp5/
grownaturally,https://www.instagram.com/p/DNslpuR2Px1/
grownaturally,https://www.instagram.com/p/DGxlE9gouiv/
grownaturally,https://www.instagram.com/p/DMiUeY7SKnr/
grownaturally,https://www.instagram.com/p/DN5uY-CCCJ0/
grownaturally,https://www.instagram.com/p/DMVRJnlNnSF/
grownaturally,https://www.instagram.com/p/DM7uMYfP-ok/
grownaturally,https://www.instagram.com/p/DOdoBmyjCt3/
grownaturally,https://www.instagram.com/p/CwsfceWgfnX/
grownaturally,https://www.instagram.com/p/DOdZTxJk6uz/
grownaturally,https://www.instagram.com/p/DNkibyOyiIk/
grownaturally,https://www.instagram.com/p/DN2eKNlWEB9/
grownaturally,https://www.instagram.com/p/DOGGOOmAfwn/
grownaturally,https://www.instagram.com/p/DOdkg1vlIUn/
grownaturally,https://www.instagram.com/p/DOStg4zgS0i/
grownaturally,https://www.instagram.com/p/DJmD5BJJF8q/
grownaturally,https://www.instagram.com/p/DNMrE1rKkP2/
grownaturally,https://www.instagram.com/p/DMzucYStFrE/
grownaturally,https://www.instagram.com/p/DOOENk4DLQp/
grownaturally,https://www.instagram.com/p/C6OJ8ngsg_b/
grownaturally,https://www.instagram.com/p/DOfZynyEmLW/
grownaturally,https://www.instagram.com/p/DNYb6A1ybiz/
grownaturally,https://www.instagram.com/p/DNxnP_A5OYH/
grownaturally,https://www.instagram.com/p/CxBDD0tr9iF/
grownaturally,https://www.instagram.com/p/CMoAHkahrO_/
grownaturally,https://www.instagram.com/p/DN2TZfj5svo/
grownaturally,https://www.instagram.com/p/DMX3UWsSTH6/
grownaturally,https://www.instagram.com/p/DNWFXBbV46J/
grownaturally,https://www.instagram.com/p/C3u9LaUuIfj/
grownaturally,https://www.instagram.com/p/DN25MSK3rFf/
grownaturally,https://www.instagram.com/p/CxWO5zzAEn9/
grownaturally,https://www.instagram.com/p/DM63RSbsEzq/
grownaturally,https://www.instagram.com/p/DHnx1bBxk8g/
grownaturally,https://www.instagram.com/p/DOXqu3yDbs5/
grownaturally,https://www.instagram.com/p/CfuhLZ4puOJ/
grownaturally,https://www.instagram.com/p/DNno5ZxJc4u/
grownaturally,https://www.instagram.com/p/CjoBYMRuBtW/
grownaturally,https://www.instagram.com/p/CEC20j1n5nc/
grownaturally,https://www.instagram.com/p/DNfFoj6twvU/
grownaturally,https://www.instagram.com/p/DMP5RXetVgT/
grownaturally,https://www.instagram.com/p/DNvOlPB5IUE/
grownaturally,https://www.instagram.com/p/DM9tTPwMmAe/
grownaturally,https://www.instagram.com/p/DOLJdKPgc1e/
grownaturally,https://www.instagram.com/p/BXEhCtUAUY3/
grownaturally,https://www.instagram.com/p/C6OJ8Cosh_z/
grownaturally,https://www.instagram.com/p/DNAkXRiosoN/
grownaturally,https://www.instagram.com/p/CLZ0B6blmUa/
grownaturally,https://www.instagram.com/p/DNMMNUnv1f0/
grownaturally,https://www.instagram.com/p/CL2NcdHD_km/
grownaturally,https://www.instagram.com/p/DJhIJgXAWSk/
grownaturally,https://www.instagram.com/p/BRdm5zkDPkA/
grownaturally,https://www.instagram.com/p/Cg7Y6WyJhZF/
grownaturally,https://www.instagram.com/p/CcCJnMXr3np/
grownaturally,https://www.instagram.com/p/DL25eG7sJRI/
grownaturally,https://www.instagram.com/p/C4bqk51P3sJ/
grownaturally,https://www.instagram.com/p/DOiBaeIDAsr/
grownaturally,https://www.instagram.com/p/DMotTWqTsuA/
grownaturally,https://www.instagram.com/p/DNIKsJjI68d/
grownaturally,https://www.instagram.com/p/DIFcZQjhOUz/
grownaturally,https://www.instagram.com/p/DLaPZZSNq77/
grownaturally,https://www.instagram.com/p/DNn0ktCs9e3/
grownaturally,https://www.instagram.com/p/DHh4LX_N8A2/
grownaturally,https://www.instagram.com/p/DOLD91hDj4S/
grownaturally,https://www.instagram.com/p/Cri1okeOoK6/
grownaturally,https://www.instagram.com/p/CVK4axjNjs8/
grownaturally,https://www.instagram.com/p/DOoTdZGEQIb/
grownaturally,https://www.instagram.com/p/DOvOg8mgal1/
grownaturally,https://www.instagram.com/p/DNXvV-IyjSe/
grownaturally,https://www.instagram.com/p/DNpe80Js7w0/
grownaturally,https://www.instagram.com/p/C2MR3SALjeh/
grownaturally,https://www.instagram.com/p/CrbakSms2d3/
grownaturally,https://www.instagram.com/p/C8adKOBPG0V/
grownaturally,https://www.instagram.com/p/DDyCQKToILT/
grownaturally,https://www.instagram.com/p/CbxZfrzAQbl/
grownaturally,https://www.instagram.com/p/CNWzwAMguQ1/
grownaturally,https://www.instagram.com/p/CNW1h3HJjZ8/
grownaturally,https://www.instagram.com/p/DOH9kGygQPw/
grownaturally,https://www.instagram.com/p/DN7m_NtkVGh/
grownaturally,https://www.instagram.com/p/DOiEYwWCC4V/
grownaturally,https://www.instagram.com/p/DMLxGj2SsKW/
grownaturally,https://www.instagram.com/p/CrRoTDou7fZ/
grownaturally,https://www.instagram.com/p/DOnw71xDZ1C/
grownaturally,https://www.instagram.com/p/DM0shYLBeAY/
grownaturally,https://www.instagram.com/p/DN5ky4LkaWL/
grownaturally,https://www.instagram.com/p/DNuKNGiZIxe/
grownaturally,https://www.instagram.com/p/DIL6EuRKqWs/
grownaturally,https://www.instagram.com/p/DMnRtE6x1dT/
grownaturally,https://www.instagram.com/p/DGrWeksNPlg/
grownaturally,https://www.instagram.com/p/C4msH6vIKF-/
grownaturally,https://www.instagram.com/p/DOqg0cWCbuH/
grownaturally,https://www.instagram.com/p/DL12or0zSs7/
grownaturally,https://www.instagram.com/p/DMe2zi5sWLh/
grownaturally,https://www.instagram.com/p/B6rRG2QAipR/
grownaturally,https://www.instagram.com/p/DNFPpruSnwo/
grownaturally,https://www.instagram.com/p/DMvcp6bx1eJ/
grownaturally,https://www.instagram.com/p/DJebQVqPYAC/
grownaturally,https://www.instagram.com/p/COmuu1DDioI/
grownaturally,https://www.instagram.com/p/DNDNj0ns3y5/
grownaturally,https://www.instagram.com/p/Ci0xBwaJEbj/
grownaturally,https://www.instagram.com/p/CJnIOA2o2yJ/
grownaturally,https://www.instagram.com/p/DOApQxrku8Z/
grownaturally,https://www.instagram.com/p/DIOmLRAONXc/
grownaturally,https://www.instagram.com/p/CNW5vDvDgdm/
grownaturally,https://www.instagram.com/p/DIu8NzSCy8y/
grownaturally,https://www.instagram.com/p/DNxpq2ZZgiO/
grownaturally,https://www.instagram.com/p/CjtLy4Grj-s/
grownaturally,https://www.instagram.com/p/C46wL4SoqgW/
grownaturally,https://www.instagram.com/p/DON4MVqkwu-/
grownaturally,https://www.instagram.com/p/CMPlBgLDin0/
grownaturally,https://www.instagram.com/p/CaPkXTZLgNE/
grownaturally,https://www.instagram.com/p/DM5lj0CMuhZ/
grownaturally,https://www.instagram.com/p/CrVTTaKOvg-/
grownaturally,https://www.instagram.com/p/DOpUE7cAW7E/
grownaturally,https://www.instagram.com/p/DMIPN-BtlkD/
grownaturally,https://www.instagram.com/p/DM0skFHh17I/
grownaturally,https://www.instagram.com/p/DNID0PcyDJZ/
grownaturally,https://www.instagram.com/p/DF7i0h6tXSB/
grownaturally,https://www.instagram.com/p/DOX79UPDg4O/
grownaturally,https://www.instagram.com/p/DKw2BElz3NQ/
grownaturally,https://www.instagram.com/p/DNViDt1ya3c/
grownaturally,https://www.instagram.com/p/DNBPz35T9cu/
grownaturally,https://www.instagram.com/p/DIv-S6LxKmF/
grownaturally,https://www.instagram.com/p/C-Zvj-BOk6a/
grownaturally,https://www.instagram.com/p/CtpePi7xFj7/
grownaturally,https://www.instagram.com/p/DMnl8lwzgLH/
grownaturally,https://www.instagram.com/p/DK_TlcDzSmX/
grownaturally,https://www.instagram.com/p/CObVdxQp-Zm/
grownaturally,https://www.instagram.com/p/C5hRdxdvKyg/
grownaturally,https://www.instagram.com/p/CR8RYhAj_9w/
grownaturally,https://www.instagram.com/p/CeoY7vgAtrD/
grownaturally,https://www.instagram.com/p/DOnqRPHj3UD/
grownaturally,https://www.instagram.com/p/DIF-c5LRVdd/
grownaturally,https://www.instagram.com/p/DOD2W6fkpSv/
grownaturally,https://www.instagram.com/p/DNnjL1BNkRc/
grownaturally,https://www.instagram.com/p/B14kC9xgzuu/
grownaturally,https://www.instagram.com/p/Bx7p8VSgQE6/
grownaturally,https://www.instagram.com/p/BVIimN9A6O9/
grownaturally,https://www.instagram.com/p/CU3RWKZrZ3G/
grownaturally,https://www.instagram.com/p/DOoZapaktll/
grownaturally,https://www.instagram.com/p/DOflrmtCm60/
grownaturally,https://www.instagram.com/p/DKlJJ5LT0xP/
grownaturally,https://www.instagram.com/p/DOgBX4kAdbK/
grownaturally,https://www.instagram.com/p/DIwMOr-MPrk/
grownaturally,https://www.instagram.com/p/DCemGJHMajY/
grownaturally,https://www.instagram.com/p/CLDH1o-rl_m/
grownaturally,https://www.instagram.com/p/CWWkGdBqMzq/
grownaturally,https://www.instagram.com/p/DM2ci2MzXHU/
grownaturally,https://www.instagram.com/p/DGNRqb3sTdr/
grownaturally,https://www.instagram.com/p/CTgOSj7Jx1o/
grownaturally,https://www.instagram.com/p/DE655eUT-8S/
grownaturally,https://www.instagram.com/p/CeadTMxo6Vu/
grownaturally,https://www.instagram.com/p/ChZ71JqOaVe/
grownaturally,https://www.instagram.com/p/CRGq9ahh39S/
grownaturally,https://www.instagram.com/p/Byr6CWpBXPe/
grownaturally,https://www.instagram.com/p/DNnUIo2to_h/
grownaturally,https://www.instagram.com/p/DLYzS-jhJe-/
grownaturally,https://www.instagram.com/p/DKL6ehhuTN4/
grownaturally,https://www.instagram.com/p/CqQEsn0L-2a/
grownaturally,https://www.instagram.com/p/DOGjlSSEoVw/
grownaturally,https://www.instagram.com/p/DNfeHGBSoce/
grownaturally,https://www.instagram.com/p/DLrx372Tw18/
grownaturally,https://www.instagram.com/p/DMSNwheI48D/
grownaturally,https://www.instagram.com/p/CwErLmvvtaR/
grownaturally,https://www.instagram.com/p/DNICiF0pPS4/
grownaturally,https://www.instagram.com/p/DONXTjyktO7/
grownaturally,https://www.instagram.com/p/CQEOGBgDU9-/
grownaturally,https://www.instagram.com/p/DOdSSu-CAA6/
grownaturally,https://www.instagram.com/p/DIwMuxpps-1/
grownaturally,https://www.instagram.com/p/CR6PyVjKcjD/
grownaturally,https://www.instagram.com/p/B-x2zcBnnib/
grownaturally,https://www.instagram.com/p/ChsQc6sKSMl/
grownaturally,https://www.instagram.com/p/C4wuP41qleb/
grownaturally,https://www.instagram.com/p/DOMGyMVE1e2/
grownaturally,https://www.instagram.com/p/DLKmRRwTIGR/
grownaturally,https://www.instagram.com/p/DE6532CzYdI/
grownaturally,https://www.instagram.com/p/DMU18XMvITw/
grownaturally,https://www.instagram.com/p/COp68XADlv1/
grownaturally,https://www.instagram.com/p/DM7ZX0jzf-P/
grownaturally,https://www.instagram.com/p/DOYwejTkg6S/
grownaturally,https://www.instagram.com/p/DMX5RZlS-BU/
grownaturally,https://www.instagram.com/p/CSR4Ff1DrnD/
grownaturally,https://www.instagram.com/p/DJUQCEYvJP5/
grownaturally,https://www.instagram.com/p/B-WjXYbpqeC/
grownaturally,https://www.instagram.com/p/DJ8wLF_ykJN/
grownaturally,https://www.instagram.com/p/CsLiGR_uPZt/
grownaturally,https://www.instagram.com/p/Cqb3SYQJG0c/
grownaturally,https://www.instagram.com/p/DMsKlsThE6l/
grownaturally,https://www.instagram.com/p/DM74e9nIOxL/
grownaturally,https://www.instagram.com/p/DMj-YyiysiT/
grownaturally,https://www.instagram.com/p/DH7EwyxS74a/
grownaturally,https://www.instagram.com/p/DIvgGnDtLe-/
grownaturally,https://www.instagram.com/p/DMYnNAKOXWb/
grownaturally,https://www.instagram.com/p/CJio0t1A_zH/
grownaturally,https://www.instagram.com/p/CPkLo-vDLas/
grownaturally,https://www.instagram.com/p/DG5D-qAIls3/
grownaturally,https://www.instagram.com/p/COHQajWLd2S/
grownaturally,https://www.instagram.com/p/DFX6BmLzrHt/
grownaturally,https://www.instagram.com/p/DLFQ-hryg6r/
grownaturally,https://www.instagram.com/p/DHaNt3tC5qf/
grownaturally,https://www.instagram.com/p/DE6rj1VTw1o/
grownaturally,https://www.instagram.com/p/CSRTBJvFebQ/
grownaturally,https://www.instagram.com/p/CFRcfNrjHz-/
grownaturally,https://www.instagram.com/p/DN17aFYUji3/
grownaturally,https://www.instagram.com/p/CrTY1pNIITr/
grownaturally,https://www.instagram.com/p/CeS249MtEBs/
grownaturally,https://www.instagram.com/p/CEknCR2j9ln/
grownaturally,https://www.instagram.com/p/DNfvDL-TOxy/
grownaturally,https://www.instagram.com/p/BnCRXEEFVzN/
grownaturally,https://www.instagram.com/p/DOnEeZHEgl0/
grownaturally,https://www.instagram.com/p/DNkNjgQJGKz/
grownaturally,https://www.instagram.com/p/CLwmxBkj-4I/
grownaturally,https://www.instagram.com/p/C4yz57dN3tG/
grownaturally,https://www.instagram.com/p/DN4ukzTCLmD/
grownaturally,https://www.instagram.com/p/DF976FHRjxA/
grownaturally,https://www.instagram.com/p/DNZ6HLBMIKq/
grownaturally,https://www.instagram.com/p/DFp8_CoquLy/
grownaturally,https://www.instagram.com/p/DMcvfMmTV3k/
grownaturally,https://www.instagram.com/p/C4o_wIPJ4L_/
grownaturally,https://www.instagram.com/p/DMftdwaR3U3/
grownaturally,https://www.instagram.com/p/DDKWV1vAFun/
grownaturally,https://www.instagram.com/p/DNzpBc30DXv/
grownaturally,https://www.instagram.com/p/CFFtKwhDcfM/
grownaturally,https://www.instagram.com/p/CNKr-HLHg5O/
grownaturally,https://www.instagram.com/p/DOFnLIrEhig/
grownaturally,https://www.instagram.com/p/DNfurUw1LKB/
grownaturally,https://www.instagram.com/p/C4XWOkCte-c/
grownaturally,https://www.instagram.com/p/DMcm5X0Ju4x/
grownaturally,https://www.instagram.com/p/DNpP7Usy7d9/
grownaturally,https://www.instagram.com/p/CqadmMhO0MM/
grownaturally,https://www.instagram.com/p/DHcdZnGx_Jo/
grownaturally,https://www.instagram.com/p/CFr5vakJL2m/
grownaturally,https://www.instagram.com/p/DH3cpBXtc8e/
grownaturally,https://www.instagram.com/p/DND8AroztY3/
grownaturally,https://www.instagram.com/p/DNUbtROR-9c/
grownaturally,https://www.instagram.com/p/CUCKztwtNlU/
grownaturally,https://www.instagram.com/p/DNXqpgDvZG5/
grownaturally,https://www.instagram.com/p/DM8xb-WtKoT/
grownaturally,https://www.instagram.com/p/DG6vm3_MUSU/
grownaturally,https://www.instagram.com/p/DJ6oRJxBQDB/
grownaturally,https://www.instagram.com/p/DNVGMuQPnwl/
grownaturally,https://www.instagram.com/p/CEAUIl-nsLr/
grownaturally,https://www.instagram.com/p/DOmmXtYklfx/
grownaturally,https://www.instagram.com/p/DIx_r01xGrj/
grownaturally,https://www.instagram.com/p/DNAyY-WS_3E/
grownaturally,https://www.instagram.com/p/DOLjRdEEYwk/
grownaturally,https://www.instagram.com/p/DEcMR7CyA9i/
grownaturally,https://www.instagram.com/p/DOieqQfks7p/
grownaturally,https://www.instagram.com/p/CZYgbZtsLXm/
grownaturally,https://www.instagram.com/p/CjZppaqqXnE/
grownaturally,https://www.instagram.com/p/CrBdMN7LfGf/
grownaturally,https://www.instagram.com/p/DIvGM_TTb0s/
grownaturally,https://www.instagram.com/p/DM0sas0hg2t/
grownaturally,https://www.instagram.com/p/DHr9tUqMRJV/
grownaturally,https://www.instagram.com/p/CNjWGGss5fx/
grownaturally,https://www.instagram.com/p/DLXdfFcBZ9z/
grownaturally,https://www.instagram.com/p/DNXvaJjSG5M/
grownaturally,https://www.instagram.com/p/DNUcPj_ROBg/
grownaturally,https://www.instagram.com/p/DNYn1wPKCeR/
grownaturally,https://www.instagram.com/p/Csk7MeGrBLQ/
grownaturally,https://www.instagram.com/p/DLFDQqmTVRy/
grownaturally,https://www.instagram.com/p/DCr2feasTWq/
grownaturally,https://www.instagram.com/p/DMFQk5oRFEr/
grownaturally,https://www.instagram.com/p/DOIoDJNE2tJ/
grownaturally,https://www.instagram.com/p/DJWwbetOZo-/
grownaturally,https://www.instagram.com/p/DEnDogwqiB2/
grownaturally,https://www.instagram.com/p/DG2_BVWT154/
grownaturally,https://www.instagram.com/p/B2NFTqRgcln/
grownaturally,https://www.instagram.com/p/B2mTTotHKZQ/
grownaturally,https://www.instagram.com/p/CZ4kazmuiHS/
grownaturally,https://www.instagram.com/p/CFSrjOXB8Zy/
grownaturally,https://www.instagram.com/p/DNNvIpHSllw/
grownaturally,https://www.instagram.com/p/B1BE8k1naP8/
grownaturally,https://www.instagram.com/p/DHwk3XCBVhP/
grownaturally,https://www.instagram.com/p/DLcjw5Iht4X/
grownaturally,https://www.instagram.com/p/DEwh610CmXs/
grownaturally,https://www.instagram.com/p/CKZsKCIA3l3/
grownaturally,https://www.instagram.com/p/DMpAChITUf8/
grownaturally,https://www.instagram.com/p/DM5K_c4BGdL/
grownaturally,https://www.instagram.com/p/BcNm7umglqh/
grownaturally,https://www.instagram.com/p/DOYMzYegZUR/
grownaturally,https://www.instagram.com/p/CFwcOk_BdvN/
grownaturally,https://www.instagram.com/p/DMP7znVBMab/
grownaturally,https://www.instagram.com/p/DNNmRlDz_UH/
grownaturally,https://www.instagram.com/p/Bz7Y2T_JrdM/
grownaturally,https://www.instagram.com/p/Bl1NW3yhc0p/
grownaturally,https://www.instagram.com/p/DJdc431z1f0/
grownaturally,https://www.instagram.com/p/Cq-eBoguweZ/
grownaturally,https://www.instagram.com/p/CNqb3hTH1zA/
grownaturally,https://www.instagram.com/p/CCPIwsunoil/
grownaturally,https://www.instagram.com/p/DJ9MfYTTy4c/
grownaturally,https://www.instagram.com/p/CbQMLVqF9rd/
grownaturally,https://www.instagram.com/p/BtL5OG6HLQs/
grownaturally,https://www.instagram.com/p/DKsFwjuzjNG/
grownaturally,https://www.instagram.com/p/CIfq2ogpoPx/
grownaturally,https://www.instagram.com/p/CGXsB9ynR1p/
grownaturally,https://www.instagram.com/p/CB30Hk5FzJg/
grownaturally,https://www.instagram.com/p/CNmIpJ8DhG-/
grownaturally,https://www.instagram.com/p/DJ4FO0NtRR3/
grownaturally,https://www.instagram.com/p/CtavyJDPW-D/
grownaturally,https://www.instagram.com/p/DIyR_p0vg1J/
grownaturally,https://www.instagram.com/p/CFubuFmhu28/
grownaturally,https://www.instagram.com/p/DFuh2t6MckS/
grownaturally,https://www.instagram.com/p/BfDNLWhHRdb/
grownaturally,https://www.instagram.com/p/CKBoi8VHUba/
grownaturally,https://www.instagram.com/p/CSuYG8hFxBD/
grownaturally,https://www.instagram.com/p/DOXqbYkEtmL/
grownaturally,https://www.instagram.com/p/DAkkbx3ypz6/
grownaturally,https://www.instagram.com/p/CueqR0SIAOw/
grownaturally,https://www.instagram.com/p/DKjj0cUyfYy/
grownaturally,https://www.instagram.com/p/CzilRWByioM/
grownaturally,https://www.instagram.com/p/DOJpMtOka_F/
grownaturally,https://www.instagram.com/p/DJ1cCIsBVIu/
grownaturally,https://www.instagram.com/p/DKMn6ozTIOH/
grownaturally,https://www.instagram.com/p/DH0tRb7yzFw/
grownaturally,https://www.instagram.com/p/DJ2KCPQqlp7/
grownaturally,https://www.instagram.com/p/DJD8FyKRqvG/
grownaturally,https://www.instagram.com/p/DMKyapAiUUq/
grownaturally,https://www.instagram.com/p/DLfaOyFh552/
grownaturally,https://www.instagram.com/p/DA289eYqX6p/
grownaturally,https://www.instagram.com/p/DOixQbHEpL7/
grownaturally,https://www.instagram.com/p/DJ8_-lnySNE/
grownaturally,https://www.instagram.com/p/Cr5o9yYtKhb/
grownaturally,https://www.instagram.com/p/DGSVju2zlPC/
grownaturally,https://www.instagram.com/p/DMmg5lROhCL/
grownaturally,https://www.instagram.com/p/DMqO7yvNqD9/
grownaturally,https://www.instagram.com/p/CQNEEAThv0U/
grownaturally,https://www.instagram.com/p/CuOHRT3S0pw/
grownaturally,https://www.instagram.com/p/BmUaZVTFeXT/
grownaturally,https://www.instagram.com/p/DHc9I47i06C/
grownaturally,https://www.instagram.com/p/DJ2NFIQMgLj/
grownaturally,https://www.instagram.com/p/DMrrH3azKOO/
grownaturally,https://www.instagram.com/p/DOt2vVFEvXH/
grownaturally,https://www.instagram.com/p/DOGqISyjNhd/
grownaturally,https://www.instagram.com/p/DFe_iMcO_Dg/
grownaturally,https://www.instagram.com/p/BatlqTTAG7y/
grownaturally,https://www.instagram.com/p/DMO_SO_Tq67/
grownaturally,https://www.instagram.com/p/DLmXrq7Tx4p/
grownaturally,https://www.instagram.com/p/CcH4bUNtDbd/
grownaturally,https://www.instagram.com/p/DHC2bZPiWVi/
grownaturally,https://www.instagram.com/p/CQOSs3nn0Uh/
grownaturally,https://www.instagram.com/p/CBLQRblliUf/
grownaturally,https://www.instagram.com/p/DNS5lC7yMoe/
grownaturally,https://www.instagram.com/p/DH5p_4vztJv/
grownaturally,https://www.instagram.com/p/CFFuWnRj1DF/
grownaturally,https://www.instagram.com/p/DIL1gK4Bhen/
grownaturally,https://www.instagram.com/p/DMfsSdER61s/
grownaturally,https://www.instagram.com/p/CC72yiUpkXA/
grownaturally,https://www.instagram.com/p/Cpesd3rvOIR/
grownaturally,https://www.instagram.com/p/DNS7IHatU39/
grownaturally,https://www.instagram.com/p/Cp7tC2rtMiR/
grownaturally,https://www.instagram.com/p/DKOpLTgzmGb/
grownaturally,https://www.instagram.com/p/DKQ0iz5o-h4/
grownaturally,https://www.instagram.com/p/DCQtfR6zXw2/
grownaturally,https://www.instagram.com/p/CEiUR3xAAhL/
grownaturally,https://www.instagram.com/p/CoycW5PO2sW/
grownaturally,https://www.instagram.com/p/DM9i6PNxZQn/
grownaturally,https://www.instagram.com/p/DKjv3XITCnY/
grownaturally,https://www.instagram.com/p/DOBh9GNjGWn/
grownaturally,https://www.instagram.com/p/DMQzWYjzTbO/
grownaturally,https://www.instagram.com/p/DHbTitVtaiI/
grownaturally,https://www.instagram.com/p/CG36R5Lh5bj/
grownaturally,https://www.instagram.com/p/BvddDO1HhKP/
grownaturally,https://www.instagram.com/p/DMxz0ucMFBu/
grownaturally,https://www.instagram.com/p/CAKDVN6A9X5/
grownaturally,https://www.instagram.com/p/CMYANx1ps-C/
grownaturally,https://www.instagram.com/p/C3kuOY3OPUY/
grownaturally,https://www.instagram.com/p/DJ3aZf4IFGZ/
grownaturally,https://www.instagram.com/p/DLjXxrjSIVZ/
grownaturally,https://www.instagram.com/p/DMfrKpwRP5o/
grownaturally,https://www.instagram.com/p/B-kmlb_H0TF/
grownaturally,https://www.instagram.com/p/CCoZ70Qh-B5/
grownaturally,https://www.instagram.com/p/DML07f1OMAK/
grownaturally,https://www.instagram.com/p/DIaQexctjNL/
grownaturally,https://www.instagram.com/p/DMsRZ64huil/
grownaturally,https://www.instagram.com/p/CJljU1uh9V2/
grownaturally,https://www.instagram.com/p/CJs4uDsA6-c/
grownaturally,https://www.instagram.com/p/CEumRpYH9RV/
grownaturally,https://www.instagram.com/p/DNIVHoOzlG6/
grownaturally,https://www.instagram.com/p/DLJyTDboo2L/
grownaturally,https://www.instagram.com/p/DLPU9cYscPc/
grownaturally,https://www.instagram.com/p/CrVk_RVunEw/
grownaturally,https://www.instagram.com/p/DG5Rc4jM6aw/
grownaturally,https://www.instagram.com/p/DOIj5neEVHx/
grownaturally,https://www.instagram.com/p/DFDAEvwhoHv/
grownaturally,https://www.instagram.com/p/CWIqo2PNAVN/
grownaturally,https://www.instagram.com/p/C3Dchp3uVnb/
grownaturally,https://www.instagram.com/p/DGxL25wT6a-/
grownaturally,https://www.instagram.com/p/DLHQuvZBHTk/
grownaturally,https://www.instagram.com/p/CUyiQOqNiIV/
grownaturally,https://www.instagram.com/p/DLWp-NhoRBy/
grownaturally,https://www.instagram.com/p/DMptMIKpW4a/
grownaturally,https://www.instagram.com/p/DMhJKkKT-ci/
grownaturally,https://www.instagram.com/p/DL99v5RStln/
grownaturally,https://www.instagram.com/p/BzKTnX-Hbtm/
grownaturally,https://www.instagram.com/p/BuTkEMGAD0_/
grownaturally,https://www.instagram.com/p/DKyn5FXxyxi/
grownaturally,https://www.instagram.com/p/DInqyKJtiZu/
grownaturally,https://www.instagram.com/p/DJIrzWUTZko/
grownaturally,https://www.instagram.com/p/DMiBz4OB06P/
grownaturally,https://www.instagram.com/p/DMO7ciqPJVW/
grownaturally,https://www.instagram.com/p/BVeF7NInZ0Q/
grownaturally,https://www.instagram.com/p/DGfwN-7vzVk/
grownaturally,https://www.instagram.com/p/DMzcnWxBAnv/
grownaturally,https://www.instagram.com/p/DLVDmqhJVcI/
grownaturally,https://www.instagram.com/p/DJRQqP2zrh0/
grownaturally,https://www.instagram.com/p/DLZLvlkvxGj/
grownaturally,https://www.instagram.com/p/DC0zkBPs_aE/
grownaturally,https://www.instagram.com/p/DGbTixGtdKG/
grownaturally,https://www.instagram.com/p/DJY4yjhNlTW/
grownaturally,https://www.instagram.com/p/CD4krzvHl2a/
grownaturally,https://www.instagram.com/p/DKrR8sjPSZU/
grownaturally,https://www.instagram.com/p/DNPx4_gsmGD/
grownaturally,https://www.instagram.com/p/BjJL_YVjukc/
grownaturally,https://www.instagram.com/p/Ca1ekhOlBKG/
grownaturally,https://www.instagram.com/p/CI8xTD6Fomj/
grownaturally,https://www.instagram.com/p/DM5TbrAz--D/
grownaturally,https://www.instagram.com/p/CSIozFDH3U4/
grownaturally,https://www.instagram.com/p/CMI0WfMgxwp/
grownaturally,https://www.instagram.com/p/DGnPo4LNIpv/
grownaturally,https://www.instagram.com/p/DECZWfbsPYJ/
grownaturally,https://www.instagram.com/p/CP1dg1vNz_l/
grownaturally,https://www.instagram.com/p/DIwOZPTJxcm/
grownaturally,https://www.instagram.com/p/DLXg5wKhKIh/
grownaturally,https://www.instagram.com/p/DGgiOSiTU4O/
grownaturally,https://www.instagram.com/p/DNgnzLIt-cM/
grownaturally,https://www.instagram.com/p/DOnd7QkEbAj/
grownaturally,https://www.instagram.com/p/CaYKAeAl6Rj/
grownaturally,https://www.instagram.com/p/DOOqBHwgsrX/
grownaturally,https://www.instagram.com/p/DJ6-rXOMrTy/
grownaturally,https://www.instagram.com/p/DMaZqeQOgJ9/
grownaturally,https://www.instagram.com/p/DAm9-pmyb3H/
grownaturally,https://www.instagram.com/p/CMw-0yDjyrQ/
grownaturally,https://www.instagram.com/p/B2cJywyAtmq/
grownaturally,https://www.instagram.com/p/DMU2pjUpCcn/
grownaturally,https://www.instagram.com/p/Csjpo7KOx6J/
grownaturally,https://www.instagram.com/p/CvCPiPkArmb/
grownaturally,https://www.instagram.com/p/DNNa36dMLlX/
grownaturally,https://www.instagram.com/p/BWdOYVQlCOq/
grownaturally,https://www.instagram.com/p/DNImJjoMavn/
grownaturally,https://www.instagram.com/p/CBO2YFHnDaB/
grownaturally,https://www.instagram.com/p/CHAurYtp3HV/
grownaturally,https://www.instagram.com/p/BiuUQ2cBeeH/
grownaturally,https://www.instagram.com/p/C4lebR1IOpQ/
grownaturally,https://www.instagram.com/p/DKU_RcnIU2_/
grownaturally,https://www.instagram.com/p/BW8jcyCgKEd/
grownaturally,https://www.instagram.com/p/Bkkt7EAhv7u/
grownaturally,https://www.instagram.com/p/CLQJDtTpzr1/
grownaturally,https://www.instagram.com/p/CDtWs6XH7hS/
grownaturally,https://www.instagram.com/p/DF45e_hSEjs/
grownaturally,https://www.instagram.com/p/DKRDE2Ax1JU/
grownaturally,https://www.instagram.com/p/DLDUVRyMR9B/
grownaturally,https://www.instagram.com/p/DOIjg2CD-eI/
grownaturally,https://www.instagram.com/p/DHDXTd9RPwG/
organicgardener,https://www.instagram.com/p/DMrbGErqxi7/
organicgardener,https://www.instagram.com/p/C5CabrivF2u/
organicgardener,https://www.instagram.com/p/DOsUTJrCC4A/
organicgardener,https://www.instagram.com/p/DMQV7wzu6Pi/
organicgardener,https://www.instagram.com/p/DKR9xy1CRR-/
organicgardener,https://www.instagram.com/p/DKbIUMfzEF5/
organicgardener,https://www.instagram.com/p/DOrgXyOEpOm/
organicgardener,https://www.instagram.com/p/DOAuoKNCVYh/
organicgardener,https://www.instagram.com/p/DJ1n8zkqpe3/
organicgardener,https://www.instagram.com/p/DIfxculq28K/
organicgardener,https://www.instagram.com/p/DJTTe7JqFOB/
organicgardener,https://www.instagram.com/p/DN1lW5uZOJC/
organicgardener,https://www.instagram.com/p/DKUz2lFoNBJ/
organicgardener,https://www.instagram.com/p/CEZZiSLAinX/
organicgardener,https://www.instagram.com/p/DOn4RwOjLko/
organicgardener,https://www.instagram.com/p/DM2Hz9cTPVU/
organicgardener,https://www.instagram.com/p/DOnjgAkjCd3/
organicgardener,https://www.instagram.com/p/DLgHAZiszRw/
organicgardener,https://www.instagram.com/p/DOc8MZTiLA2/
organicgardener,https://www.instagram.com/p/DOOtn3SiOG1/
organicgardener,https://www.instagram.com/p/DOaWIcQDMDp/
organicgardener,https://www.instagram.com/p/DHvkdTBuy6G/
organicgardener,https://www.instagram.com/p/DOfY8_DjPYt/
organicgardener,https://www.instagram.com/p/DOZC1gVDAAJ/
organicgardener,https://www.instagram.com/p/DMCOQ3Fv0ve/
organicgardener,https://www.instagram.com/p/DKdUHK3AA7K/
organicgardener,https://www.instagram.com/p/DHMejtLTBXH/
organicgardener,https://www.instagram.com/p/DCDG3c_yyDM/
organicgardener,https://www.instagram.com/p/DKCSM7PR2F4/
organicgardener,https://www.instagram.com/p/DMA_0EpqUvU/
organicgardener,https://www.instagram.com/p/DIGbTbbq-O1/
organicgardener,https://www.instagram.com/p/DOuOac3j_Kv/
organicgardener,https://www.instagram.com/p/DJ58xQVNAtA/
organicgardener,https://www.instagram.com/p/DOu5TqqDJ__/
organicgardener,https://www.instagram.com/p/DOt8bizEe09/
organicgardener,https://www.instagram.com/p/DOqw8p0DI3I/
organicgardener,https://www.instagram.com/p/DKrulD8Icln/
organicgardener,https://www.instagram.com/p/DOoBKsoEX1a/
organicgardener,https://www.instagram.com/p/DMVHGd1NJbY/
organicgardener,https://www.instagram.com/p/DOl8SJaj6Ka/
organicgardener,https://www.instagram.com/p/DM55OTbhRHe/
organicgardener,https://www.instagram.com/p/DMz2HaORYEG/
organicgardener,https://www.instagram.com/p/DMpF0LGqOIs/
organicgardener,https://www.instagram.com/p/DMjZ1fbPTwy/
organicgardener,https://www.instagram.com/p/BJSBVBCDrkZ/
organicgardener,https://www.instagram.com/p/DNwdbarZJJv/
organicgardener,https://www.instagram.com/p/DOi-eblkTNR/
organicgardener,https://www.instagram.com/p/DJwo-TkJOVK/
organicgardener,https://www.instagram.com/p/DM8-Ps2p-za/
organicgardener,https://www.instagram.com/p/DOtulLyDPEg/
organicgardener,https://www.instagram.com/p/CbgHCXcOrB1/
organicgardener,https://www.instagram.com/p/CwUxwxuqQ7r/
organicgardener,https://www.instagram.com/p/DOV0hUbEvvi/
organicgardener,https://www.instagram.com/p/DODCTxnkRfQ/
organicgardener,https://www.instagram.com/p/DKbx92eI7al/
organicgardener,https://www.instagram.com/p/DOrWKhLku88/
organicgardener,https://www.instagram.com/p/DNkUeGGTcMd/
organicgardener,https://www.instagram.com/p/DOkf-BCiHAC/
organicgardener,https://www.instagram.com/p/Con53WPvDCU/
organicgardener,https://www.instagram.com/p/DJLzppVKbir/
organicgardener,https://www.instagram.com/p/DOEKQ-bjXsG/
organicgardener,https://www.instagram.com/p/DOvZfGWkXK-/
organicgardener,https://www.instagram.com/p/DORcBbBkq43/
organicgardener,https://www.instagram.com/p/DKXjHebJxz-/
organicgardener,https://www.instagram.com/p/DGATD_pKsnx/
organicgardener,https://www.instagram.com/p/DOs2UBogrvb/
organicgardener,https://www.instagram.com/p/DOnNexTCLFM/
organicgardener,https://www.instagram.com/p/DOXcl3ggQ74/
organicgardener,https://www.instagram.com/p/DNyvXLJZFgI/
organicgardener,https://www.instagram.com/p/DMYUhaJOJuW/
organicgardener,https://www.instagram.com/p/DOsE1JLkg-Y/
organicgardener,https://www.instagram.com/p/DMV2Q08qcQq/
organicgardener,https://www.instagram.com/p/DLUi7coqwIB/
organicgardener,https://www.instagram.com/p/DM7VfzZT-Nc/
organicgardener,https://www.instagram.com/p/DLn-7oBTmr8/
organicgardener,https://www.instagram.com/p/CeBYqtEu9gL/
organicgardener,https://www.instagram.com/p/DJPWeNVA-8i/
organicgardener,https://www.instagram.com/p/DN4fu2sEjMa/
organicgardener,https://www.instagram.com/p/DJKLaRsCpGx/
organicgardener,https://www.instagram.com/p/DOtPF5RjFpB/
organicgardener,https://www.instagram.com/p/CwXmACqoY3f/
organicgardener,https://www.instagram.com/p/CFR19TmgA4W/
organicgardener,https://www.instagram.com/p/CfEbOPzrFOU/
organicgardener,https://www.instagram.com/p/DKFFZmjxq60/
organicgardener,https://www.instagram.com/p/DOnsdAWDTUU/
organicgardener,https://www.instagram.com/p/DNCGVgXOn2F/
organicgardener,https://www.instagram.com/p/DMdSBmtxUk6/
organicgardener,https://www.instagram.com/p/DL2rhs8oW88/
organicgardener,https://www.instagram.com/p/DOuZXVxjQDF/
organicgardener,https://www.instagram.com/p/DOskkEtgVVn/
organicgardener,https://www.instagram.com/p/DMw2YSyt_Pz/
organicgardener,https://www.instagram.com/p/DNfHelFKPBM/
organicgardener,https://www.instagram.com/p/DEJuzBTvwG9/
organicgardener,https://www.instagram.com/p/DMm-6oMRLC3/
organicgardener,https://www.instagram.com/p/DNqtawMswsb/
organicgardener,https://www.instagram.com/p/CZ10BCkKBTm/
organicgardener,https://www.instagram.com/p/DKaYLRvvlgp/
organicgardener,https://www.instagram.com/p/DKJ-4eBoERi/
organicgardener,https://www.instagram.com/p/DOstS8oEeJt/
organicgardener,https://www.instagram.com/p/DLPokPoNY44/
organicgardener,https://www.instagram.com/p/DNmRZCborgz/
organicgardener,https://www.instagram.com/p/DIoJuSsu_kY/
organicgardener,https://www.instagram.com/p/DJobQEIuHAQ/
organicgardener,https://www.instagram.com/p/CwPsEMuq5AI/
organicgardener,https://www.instagram.com/p/DOtmWV4DNLw/
organicgardener,https://www.instagram.com/p/DJix5HgCkck/
organicgardener,https://www.instagram.com/p/DOcEU_JDq9C/
organicgardener,https://www.instagram.com/p/DOtPiu5Decn/
organicgardener,https://www.instagram.com/p/DJNcdvZO08i/
organicgardener,https://www.instagram.com/p/DKxMl9Spqw8/
organicgardener,https://www.instagram.com/p/DOo1m2KEoUO/
organicgardener,https://www.instagram.com/p/DOtdtPeDb5d/
organicgardener,https://www.instagram.com/p/Cth1DirONX0/
organicgardener,https://www.instagram.com/p/CObiXy-gJYO/
organicgardener,https://www.instagram.com/p/DKzEHXOzw1x/
organicgardener,https://www.instagram.com/p/DLEmtqOq0lg/
organicgardener,https://www.instagram.com/p/DLnnqlEtgzX/
organicgardener,https://www.instagram.com/p/DLwld-yCOkQ/
organicgardener,https://www.instagram.com/p/DLvTIrPBmbB/
organicgardener,https://www.instagram.com/p/DIx3p9yqzR9/
organicgardener,https://www.instagram.com/p/DMy4Z2XPHOQ/
organicgardener,https://www.instagram.com/p/DMQkR-HuWQy/
organicgardener,https://www.instagram.com/p/DOC1JQnCXHo/
organicgardener,https://www.instagram.com/p/DMVw8F4KWdo/
organicgardener,https://www.instagram.com/p/DNYXEf8tIx8/
organicgardener,https://www.instagram.com/p/DLBYxjwM9Sq/
organicgardener,https://www.instagram.com/p/DOquHGSESia/
organicgardener,https://www.instagram.com/p/DNeCt3Fux2M/
organicgardener,https://www.instagram.com/p/DODjQ9bD47k/
organicgardener,https://www.instagram.com/p/DMrJPqkxChB/
organicgardener,https://www.instagram.com/p/DMPVAj5TBkD/
organicgardener,https://www.instagram.com/p/DMnSfnAssXD/
organicgardener,https://www.instagram.com/p/DMye-fZRnhP/
organicgardener,https://www.instagram.com/p/DOs_9ZXAL-G/
organicgardener,https://www.instagram.com/p/DOrxqT0CBf9/
organicgardener,https://www.instagram.com/p/DIO0JSCq4PH/
organicgardener,https://www.instagram.com/p/DN5MPrejGVP/
organicgardener,https://www.instagram.com/p/DKoSYXgqVUq/
organicgardener,https://www.instagram.com/p/DOgxPrLjEpv/
organicgardener,https://www.instagram.com/p/BJlBJJNgg7H/
organicgardener,https://www.instagram.com/p/DIdTI6PTdtC/
organicgardener,https://www.instagram.com/p/DN3_lnek7gK/
organicgardener,https://www.instagram.com/p/DLopxo8oT_r/
organicgardener,https://www.instagram.com/p/DMMzkjdqiC2/
organicgardener,https://www.instagram.com/p/DJ1_EmmPkWL/
organicgardener,https://www.instagram.com/p/DNO5lNDv4ri/
organicgardener,https://www.instagram.com/p/DNvYZor5v6C/
organicgardener,https://www.instagram.com/p/DK9l7jdAe-2/
organicgardener,https://www.instagram.com/p/DNEqWvoOC_B/
organicgardener,https://www.instagram.com/p/DOYHMQXEbSs/
organicgardener,https://www.instagram.com/p/DMI6cjHRjGj/
organicgardener,https://www.instagram.com/p/DMAotGeNCzp/
organicgardener,https://www.instagram.com/p/DOazmelES1B/
organicgardener,https://www.instagram.com/p/DIQtWSxzqfh/
organicgardener,https://www.instagram.com/p/DMBjNsdvu7I/
organicgardener,https://www.instagram.com/p/DOGi1lPDui5/
organicgardener,https://www.instagram.com/p/DMs_1TmBLlF/
organicgardener,https://www.instagram.com/p/DOpOK_gEdlQ/
organicgardener,https://www.instagram.com/p/DBW8lcDCPgF/
organicgardener,https://www.instagram.com/p/DHEPgi2KJwP/
organicgardener,https://www.instagram.com/p/DIvIkqqzbA8/
organicgardener,https://www.instagram.com/p/DJDFHuoTqGt/
organicgardener,https://www.instagram.com/p/DJzfcNnKFGh/
organicgardener,https://www.instagram.com/p/DOYarIyDGdN/
organicgardener,https://www.instagram.com/p/DLC9quDxPlI/
organicgardener,https://www.instagram.com/p/DM9OttXvB4f/
organicgardener,https://www.instagram.com/p/DN07v8W2HZK/
organicgardener,https://www.instagram.com/p/DKrN-M7iZyD/
organicgardener,https://www.instagram.com/p/DJzkFA7Sqa8/
organicgardener,https://www.instagram.com/p/DOEoUlyAo9t/
organicgardener,https://www.instagram.com/p/DIqIweHKFv4/
organicgardener,https://www.instagram.com/p/DLYnG-du713/
organicgardener,https://www.instagram.com/p/DKMaZh0K4W3/
organicgardener,https://www.instagram.com/p/DFeWh2pvI0w/
organicgardener,https://www.instagram.com/p/DIEHv5tOTRM/
organicgardener,https://www.instagram.com/p/DMTVR9evM2d/
organicgardener,https://www.instagram.com/p/DHv31tVs0Wx/
organicgardener,https://www.instagram.com/p/CwNHkk0qcfn/
organicgardener,https://www.instagram.com/p/DNOPmH7Rsw_/
organicgardener,https://www.instagram.com/p/C2zP1YOsLkS/
organicgardener,https://www.instagram.com/p/DOokR-wDkAR/
organicgardener,https://www.instagram.com/p/DObwfxHDwXn/
organicgardener,https://www.instagram.com/p/DNvaBsa3Amk/
organicgardener,https://www.instagram.com/p/DKunD47KPv6/
organicgardener,https://www.instagram.com/p/DObYKuqjINE/
organicgardener,https://www.instagram.com/p/DDEwlGPvP5u/
organicgardener,https://www.instagram.com/p/DN1zZ3YZhcY/
organicgardener,https://www.instagram.com/p/DOHD6M9jB6O/
organicgardener,https://www.instagram.com/p/DNNYHA_PTwU/
organicgardener,https://www.instagram.com/p/DJu60Rcvud7/
organicgardener,https://www.instagram.com/p/DKcvMGWMfBU/
organicgardener,https://www.instagram.com/p/DMjBjKFPZje/
organicgardener,https://www.instagram.com/p/DMRFgPAuFPN/
organicgardener,https://www.instagram.com/p/DMAKAGpISZU/
organicgardener,https://www.instagram.com/p/DNepqcMINMp/
organicgardener,https://www.instagram.com/p/DJeqGO5OvdK/
organicgardener,https://www.instagram.com/p/DMnQA6kM3gr/
organicgardener,https://www.instagram.com/p/DKq4-vCq8QK/
organicgardener,https://www.instagram.com/p/DL-uwlrJjSw/
organicgardener,https://www.instagram.com/p/DOmGFvvDznh/
organicgardener,https://www.instagram.com/p/CMRU3din0o_/
organicgardener,https://www.instagram.com/p/DCLnWeoSgBm/
organicgardener,https://www.instagram.com/p/DOOUleBjeCv/
organicgardener,https://www.instagram.com/p/DN1F7KiXkvh/
organicgardener,https://www.instagram.com/p/DLPgzkXopkU/
organicgardener,https://www.instagram.com/p/DKMP9uFTt_g/
organicgardener,https://www.instagram.com/p/DOty_iMDIkk/
organicgardener,https://www.instagram.com/p/DMF5TKhqnF1/
organicgardener,https://www.instagram.com/p/DG_tZSLTFZR/
organicgardener,https://www.instagram.com/p/DNemI4uvr5Y/
organicgardener,https://www.instagram.com/p/DJ3UHLLKdTx/
organicgardener,https://www.instagram.com/p/DHw1BT9OBYC/
organicgardener,https://www.instagram.com/p/DOllFsJDNVl/
organicgardener,https://www.instagram.com/p/DJNtvw7JMSu/
organicgardener,https://www.instagram.com/p/DMd-kajA62o/
organicgardener,https://www.instagram.com/p/DLAe95GqoBF/
organicgardener,https://www.instagram.com/p/DNp8r2tN0PX/
organicgardener,https://www.instagram.com/p/CHgasw9H8Xk/
organicgardener,https://www.instagram.com/p/DGRVIYsTJQz/
organicgardener,https://www.instagram.com/p/DGOdBQOgsxT/
organicgardener,https://www.instagram.com/p/DJHZtGMRZtv/
organicgardener,https://www.instagram.com/p/DLuJotCN5Ko/
organicgardener,https://www.instagram.com/p/DKhwRVMPWOJ/
organicgardener,https://www.instagram.com/p/DMJQxjehdoR/
organicgardener,https://www.instagram.com/p/DJFJ1_OOspK/
organicgardener,https://www.instagram.com/p/DLveeM6TSPa/
organicgardener,https://www.instagram.com/p/DM89qivMoQX/
organicgardener,https://www.instagram.com/p/DMBreAFOe4U/
organicgardener,https://www.instagram.com/p/DOmGyIbjBdK/
organicgardener,https://www.instagram.com/p/DM21ZBKAvMn/
organicgardener,https://www.instagram.com/p/DHleeeLo7KH/
organicgardener,https://www.instagram.com/p/DM3XIfWMwFt/
organicgardener,https://www.instagram.com/p/DNsF3e25JLK/
organicgardener,https://www.instagram.com/p/DHkxDP7SzoZ/
organicgardener,https://www.instagram.com/p/DKppXdSyzK1/
organicgardener,https://www.instagram.com/p/DOgVW4TjrxH/
organicgardener,https://www.instagram.com/p/DKNlht_qZg_/
organicgardener,https://www.instagram.com/p/DM-F5M4zAeq/
organicgardener,https://www.instagram.com/p/DM8huSgSs3g/
organicgardener,https://www.instagram.com/p/DNCscc-JrT9/
organicgardener,https://www.instagram.com/p/DI0z8z6Jf_j/
organicgardener,https://www.instagram.com/p/DLxk2ZEJ2QS/
organicgardener,https://www.instagram.com/p/DOlCVODjEgP/
organicgardener,https://www.instagram.com/p/DIiW-ueqVaS/
organicgardener,https://www.instagram.com/p/BmlMGKBDMl5/
organicgardener,https://www.instagram.com/p/DOL7Dqrjh_l/
organicgardener,https://www.instagram.com/p/DLNgGXJOO1B/
organicgardener,https://www.instagram.com/p/DN9ehnrDmhI/
organicgardener,https://www.instagram.com/p/DIpWYPfOcVp/
organicgardener,https://www.instagram.com/p/DNb7-9yMKV-/
organicgardener,https://www.instagram.com/p/DNTn06KM0ly/
organicgardener,https://www.instagram.com/p/DN7AW5aiSou/
organicgardener,https://www.instagram.com/p/DOqguqsDWw_/
organicgardener,https://www.instagram.com/p/DNJ9256ty6L/
organicgardener,https://www.instagram.com/p/DOLkPXDj7kc/
organicgardener,https://www.instagram.com/p/DLXpEGfRyfn/
organicgardener,https://www.instagram.com/p/DMKv9dTOcy4/
organicgardener,https://www.instagram.com/p/DNxQKvn2DYA/
organicgardener,https://www.instagram.com/p/DLI669RTgTc/
organicgardener,https://www.instagram.com/p/DMEc03XyJXt/
organicgardener,https://www.instagram.com/p/DLKzkdEqDnd/
organicgardener,https://www.instagram.com/p/DLc3BhmIZbv/
organicgardener,https://www.instagram.com/p/DEtsNZxvIsx/
organicgardener,https://www.instagram.com/p/DMKnyhYO0Rh/
organicgardener,https://www.instagram.com/p/DOjlmhRgChF/
organicgardener,https://www.instagram.com/p/DMfaQNrxzT5/
organicgardener,https://www.instagram.com/p/B6O6sNNo56u/
organicgardener,https://www.instagram.com/p/DOT1HzzkWNS/
organicgardener,https://www.instagram.com/p/DM_cAEsJc2u/
organicgardener,https://www.instagram.com/p/DJNS-UUvoSk/
organicgardener,https://www.instagram.com/p/DN6swpbEwre/
organicgardener,https://www.instagram.com/p/DOPB6moCS18/
organicgardener,https://www.instagram.com/p/DCjoUE9SUlY/
organicgardener,https://www.instagram.com/p/DLgbv97uiFo/
organicgardener,https://www.instagram.com/p/DKhAnaitTyh/
organicgardener,https://www.instagram.com/p/DJNAmHDMqfl/
organicgardener,https://www.instagram.com/p/Bf6yJN2DcRy/
organicgardener,https://www.instagram.com/p/DMuSjC-uXFP/
organicgardener,https://www.instagram.com/p/DOZu4pJjPQ5/
organicgardener,https://www.instagram.com/p/DKckmSJK6PD/
organicgardener,https://www.instagram.com/p/DKTyAZSKUq9/
organicgardener,https://www.instagram.com/p/DNiUNjUt1aP/
organicgardener,https://www.instagram.com/p/DLVY5UlPuuN/
organicgardener,https://www.instagram.com/p/DJ0G3xET_KO/
organicgardener,https://www.instagram.com/p/DLmCnEtP1IP/
organicgardener,https://www.instagram.com/p/DOgDtgfDAIm/
organicgardener,https://www.instagram.com/p/DKp7u4nOcEB/
organicgardener,https://www.instagram.com/p/DOZPyKAjnQ4/
organicgardener,https://www.instagram.com/p/DMK0VQSod_B/
organicgardener,https://www.instagram.com/p/DIjyUfYtHMj/
organicgardener,https://www.instagram.com/p/DJZKs3ZOrMd/
organicgardener,https://www.instagram.com/p/ChJLrUGhevq/
organicgardener,https://www.instagram.com/p/DOKOC8LAdIh/
organicgardener,https://www.instagram.com/p/DNMU5LfSdXg/
organicgardener,https://www.instagram.com/p/DLTYvY-pImD/
organicgardener,https://www.instagram.com/p/DOqOar3gbiN/
organicgardener,https://www.instagram.com/p/BF6HQHXSyvY/
organicgardener,https://www.instagram.com/p/DNqFha-p6m-/
organicgardener,https://www.instagram.com/p/DOM40-Ejj1F/
organicgardener,https://www.instagram.com/p/Cwd_-wYypMF/
organicgardener,https://www.instagram.com/p/CC2r2b0gHpN/
organicgardener,https://www.instagram.com/p/DOC8bHzkgdD/
organicgardener,https://www.instagram.com/p/DN-7BNTCteX/
organicgardener,https://www.instagram.com/p/DNxQCDR2ECf/
organicgardener,https://www.instagram.com/p/DNKma0Nq2xh/
organicgardener,https://www.instagram.com/p/DLLOK6tSDZY/
organicgardener,https://www.instagram.com/p/DH_DQAjOpnK/
organicgardener,https://www.instagram.com/p/DNOpx-VvB-O/
organicgardener,https://www.instagram.com/p/Cn6j8N7KAXV/
organicgardener,https://www.instagram.com/p/CwSDjcjqhzM/
organicgardener,https://www.instagram.com/p/BWTFh3UgNen/
organicgardener,https://www.instagram.com/p/DMqUKt2SfYp/
organicgardener,https://www.instagram.com/p/DIVpa2uqPcp/
organicgardener,https://www.instagram.com/p/DMdxQfGTnua/
organicgardener,https://www.instagram.com/p/B923a8VBQXz/
organicgardener,https://www.instagram.com/p/DNGM5pguhMm/
organicgardener,https://www.instagram.com/p/DNa12SOxIux/
organicgardener,https://www.instagram.com/p/DMMC_uVuU6V/
organicgardener,https://www.instagram.com/p/DOd_6VagjV3/
organicgardener,https://www.instagram.com/p/DMN03ItM1wh/
organicgardener,https://www.instagram.com/p/DObva96DU8E/
organicgardener,https://www.instagram.com/p/DIMGVKju3jl/
organicgardener,https://www.instagram.com/p/DNHRzmgBZ3L/
organicgardener,https://www.instagram.com/p/DNI_G28xpxW/
organicgardener,https://www.instagram.com/p/DGNtbD7N0d7/
organicgardener,https://www.instagram.com/p/DNtMp8B2hLB/
organicgardener,https://www.instagram.com/p/DOG-AHfDYIV/
organicgardener,https://www.instagram.com/p/DL4K9G4vgED/
organicgardener,https://www.instagram.com/p/DHHW3kXO-Lz/
organicgardener,https://www.instagram.com/p/CEKuOkXnvD3/
organicgardener,https://www.instagram.com/p/DNt-eaP3mjV/
organicgardener,https://www.instagram.com/p/DM2VcF4tyun/
organicgardener,https://www.instagram.com/p/DNzGplo3riP/
organicgardener,https://www.instagram.com/p/C53UMb_Mt8v/
organicgardener,https://www.instagram.com/p/DNzeWwjXATY/
organicgardener,https://www.instagram.com/p/DM6H4Diu7pB/
organicgardener,https://www.instagram.com/p/BY0K8dfDTuM/
organicgardener,https://www.instagram.com/p/DME5SaaqBc_/
organicgardener,https://www.instagram.com/p/DKg9XDiPIRH/
organicgardener,https://www.instagram.com/p/CRqPWXiDqTk/
organicgardener,https://www.instagram.com/p/DIzql1MtGQI/
organicgardener,https://www.instagram.com/p/DMG93g0OfuU/
organicgardener,https://www.instagram.com/p/DJJ_vdTJVw4/
organicgardener,https://www.instagram.com/p/DM5URENMFOO/
organicgardener,https://www.instagram.com/p/B8zEPLfF3lf/
organicgardener,https://www.instagram.com/p/DNIVzdvI3_m/
organicgardener,https://www.instagram.com/p/DFfkiNmpmYD/
organicgardener,https://www.instagram.com/p/DN_IRgHiS10/
organicgardener,https://www.instagram.com/p/DJyvpoSTZbb/
organicgardener,https://www.instagram.com/p/DIXDJbnqvHi/
organicgardener,https://www.instagram.com/p/DMUirjTK3fK/
organicgardener,https://www.instagram.com/p/DLvEoX1K1Gd/
organicgardener,https://www.instagram.com/p/DOU94RRERM1/
organicgardener,https://www.instagram.com/p/DGyP4vZO02G/
organicgardener,https://www.instagram.com/p/DOMfFg_DZxb/
organicgardener,https://www.instagram.com/p/DCAVcpZTnSt/
organicgardener,https://www.instagram.com/p/COF8hFjjt8R/
organicgardener,https://www.instagram.com/p/DJHcpLJJX-1/
organicgardener,https://www.instagram.com/p/C6iFEcpsM6e/
organicgardener,https://www.instagram.com/p/DLY2bpKu2zy/
organicgardener,https://www.instagram.com/p/DLA4L7WoNNZ/
organicgardener,https://www.instagram.com/p/DGGfqn3I9hE/
organicgardener,https://www.instagram.com/p/DOdn332DQZT/
organicgardener,https://www.instagram.com/p/DJYcIC4y_hL/
organicgardener,https://www.instagram.com/p/DJi-YwZKuOK/
organicgardener,https://www.instagram.com/p/DM28YDZMZH3/
organicgardener,https://www.instagram.com/p/DN3wY-BZDso/
organicgardener,https://www.instagram.com/p/Cz4OtHBB-qj/
organicgardener,https://www.instagram.com/p/DKnkD4bzCjO/
organicgardener,https://www.instagram.com/p/DL0wjv-sf6U/
organicgardener,https://www.instagram.com/p/DNRnyJ7RqU-/
organicgardener,https://www.instagram.com/p/DLyihfdRr_V/
organicgardener,https://www.instagram.com/p/DLNYkpatCNo/
organicgardener,https://www.instagram.com/p/DICOljAKBEj/
organicgardener,https://www.instagram.com/p/DMsDSW6PIsz/
organicgardener,https://www.instagram.com/p/DJn0jUmBQuI/
organicgardener,https://www.instagram.com/p/DOb8Z2cju7t/
organicgardener,https://www.instagram.com/p/DN8ivsCjasS/
organicgardener,https://www.instagram.com/p/DEoHXCsTL-1/
organicgardener,https://www.instagram.com/p/DMGt1GbM_o9/
organicgardener,https://www.instagram.com/p/DEpfk3ntA54/
organicgardener,https://www.instagram.com/p/DCFCY4qPNj5/
organicgardener,https://www.instagram.com/p/DMSZ5qxMrOh/
organicgardener,https://www.instagram.com/p/DOlJuopCO6M/
organicgardener,https://www.instagram.com/p/DKugU1uoSOP/
organicgardener,https://www.instagram.com/p/DMgmxeKO8O6/
organicgardener,https://www.instagram.com/p/DNt1akFZDCz/
organicgardener,https://www.instagram.com/p/DLwiYkxSz7V/
organicgardener,https://www.instagram.com/p/DG_OUMDKjxM/
organicgardener,https://www.instagram.com/p/DDp7xe_RxUn/
organicgardener,https://www.instagram.com/p/DNdR_wtTydB/
organicgardener,https://www.instagram.com/p/CewILy5lWSo/
organicgardener,https://www.instagram.com/p/DOGswVKiShW/
organicgardener,https://www.instagram.com/p/CKXJ2KGFONq/
organicgardener,https://www.instagram.com/p/DMvRFqhBLeV/
organicgardener,https://www.instagram.com/p/DMc7A67u405/
organicgardener,https://www.instagram.com/p/DCXTRB7xd8U/
organicgardener,https://www.instagram.com/p/DGgKh-Eqlnz/
organicgardener,https://www.instagram.com/p/DKDIje-K0aK/
organicgardener,https://www.instagram.com/p/DN5fQZ-DDi4/
organicgardener,https://www.instagram.com/p/DKUQ_jFKDVX/
organicgardener,https://www.instagram.com/p/DKNBL1BqThb/
organicgardener,https://www.instagram.com/p/DABjWuHPZVT/
organicgardener,https://www.instagram.com/p/DFYZMsBTlb1/
organicgardener,https://www.instagram.com/p/DGeLdP0Pocm/
organicgardener,https://www.instagram.com/p/DNt0oMFXg0A/
organicgardener,https://www.instagram.com/p/DNJM5tHPoKe/
organicgardener,https://www.instagram.com/p/DH1C-OqI_tP/
organicgardener,https://www.instagram.com/p/DCrHiICsAdn/
organicgardener,https://www.instagram.com/p/DALYYjKiFFW/
organicgardener,https://www.instagram.com/p/DK8ZrrPTYnd/
organicgardener,https://www.instagram.com/p/DHL5ZONTjn-/
organicgardener,https://www.instagram.com/p/DOpM_mxCKww/
organicgardener,https://www.instagram.com/p/DBzMaYINEEF/
organicgardener,https://www.instagram.com/p/DLC_-r7sbg6/
organicgardener,https://www.instagram.com/p/DJeuPDDuZyZ/
organicgardener,https://www.instagram.com/p/DN-39_QD56d/
organicgardener,https://www.instagram.com/p/DOjffbGiLMK/
organicgardener,https://www.instagram.com/p/DIL9W2QOV-n/
organicgardener,https://www.instagram.com/p/CmKoCZhuGWp/
organicgardener,https://www.instagram.com/p/DLDg5SrRUUm/
organicgardener,https://www.instagram.com/p/DORo5jJjJlz/
organicgardener,https://www.instagram.com/p/DJLRl0GT6ai/
organicgardener,https://www.instagram.com/p/DBgOlQKvyuW/
organicgardener,https://www.instagram.com/p/DMn35sEK4L5/
organicgardener,https://www.instagram.com/p/DNYdEYhi-xO/
organicgardener,https://www.instagram.com/p/DKFVxTrqoIL/
organicgardener,https://www.instagram.com/p/DNvxOcl0gK6/
organicgardener,https://www.instagram.com/p/DJ1-07KvW5n/
organicgardener,https://www.instagram.com/p/DLxeAitMGP1/
organicgardener,https://www.instagram.com/p/CyK4aDwrylf/
organicgardener,https://www.instagram.com/p/DJcXah6O9ka/
organicgardener,https://www.instagram.com/p/DN1_B8x4qhA/
organicgardener,https://www.instagram.com/p/DKFnzwGsDZ_/
organicgardener,https://www.instagram.com/p/DLD9sGrv8XS/
organicgardener,https://www.instagram.com/p/DOTfLeMkXu_/
organicgardener,https://www.instagram.com/p/DOY8DF_jJ6p/
organicgardener,https://www.instagram.com/p/CDvbPPJjwQC/
organicgardener,https://www.instagram.com/p/DLKKs1BoGG1/
organicgardener,https://www.instagram.com/p/DMHLstsMOlG/
organicgardener,https://www.instagram.com/p/DGzk8-OuboD/
organicgardener,https://www.instagram.com/p/DLLLRCJOGAt/
organicgardener,https://www.instagram.com/p/DJrZiTgxz-m/
organicgardener,https://www.instagram.com/p/DJDMD_iu5MC/
organicgardener,https://www.instagram.com/p/DM9fQRYPp_X/
organicgardener,https://www.instagram.com/p/DOJim0Nj0CN/
organicgardener,https://www.instagram.com/p/DHv_UJhRRVV/
organicgardener,https://www.instagram.com/p/BypqGzRg72W/
organicgardener,https://www.instagram.com/p/DM585baqYru/
organicgardener,https://www.instagram.com/p/B5Ery5zgmLf/
organicgardener,https://www.instagram.com/p/DOdDVPJEzzG/
organicgardener,https://www.instagram.com/p/DOamPnEjDD6/
organicgardener,https://www.instagram.com/p/DOO1BVUjMjr/
organicgardener,https://www.instagram.com/p/CCiIAColYMS/
organicgardener,https://www.instagram.com/p/DI8jAvazuSM/
organicgardener,https://www.instagram.com/p/DF67UEcP1o4/
organicgardener,https://www.instagram.com/p/B9nKj32hMeS/
organicgardener,https://www.instagram.com/p/DJE5Uv5KhuQ/
organicgardener,https://www.instagram.com/p/C0lyuDwv2PQ/
organicgardener,https://www.instagram.com/p/DL6xMl4u2eV/
organicgardener,https://www.instagram.com/p/DOOgSZTkRfQ/
organicgardener,https://www.instagram.com/p/DOjw8_ejlGY/
organicgardener,https://www.instagram.com/p/DIGxNoIOpxo/
organicgardener,https://www.instagram.com/p/DKjiHtPsHxU/
organicgardener,https://www.instagram.com/p/DH31dAtMI_-/
organicgardener,https://www.instagram.com/p/DKsXrG4RtzJ/
organicgardener,https://www.instagram.com/p/CdTWKRDtVLE/
organicgardener,https://www.instagram.com/p/DFuQTdUzXrk/
organicgardener,https://www.instagram.com/p/DLAtNNPqadV/
organicgardener,https://www.instagram.com/p/CFMxbSEFQ2k/
organicgardener,https://www.instagram.com/p/DHj2oFkTIH9/
organicgardener,https://www.instagram.com/p/DNga7y2NAnO/
organicgardener,https://www.instagram.com/p/DMqITltpuwG/
organicgardener,https://www.instagram.com/p/DBgd5Y_u3Dk/
organicgardener,https://www.instagram.com/p/DIttFC3qwhR/
organicgardener,https://www.instagram.com/p/DLhSEhWqSxr/
organicgardener,https://www.instagram.com/p/DOfK1CCAJgD/
organicgardener,https://www.instagram.com/p/DN52MYWitjg/
organicgardener,https://www.instagram.com/p/DOWki2tDiEA/
organicgardener,https://www.instagram.com/p/DM8qx6GveWL/
organicgardener,https://www.instagram.com/p/DOA7SHwiNJH/
organicgardener,https://www.instagram.com/p/DLnZSqIoHzz/
organicgardener,https://www.instagram.com/p/DNykdDJ5DX9/
organicgardener,https://www.instagram.com/p/DK458MbMXWs/
organicgardener,https://www.instagram.com/p/DKhl1mBBMn-/
organicgardener,https://www.instagram.com/p/DJd0sGiSksS/
organicgardener,https://www.instagram.com/p/DOlu0gfkW50/
organicgardener,https://www.instagram.com/p/DI-yff0xjKx/
organicgardener,https://www.instagram.com/p/DOBdmsjjONV/
organicgardener,https://www.instagram.com/p/DOqifX7kksa/
organicgardener,https://www.instagram.com/p/DK601ExAAIy/
organicgardener,https://www.instagram.com/p/DNzU4q1XGIe/
organicgardener,https://www.instagram.com/p/DOEQDPuCNOD/
organicgardener,https://www.instagram.com/p/DK_kQzgKU_K/
organicgardener,https://www.instagram.com/p/DOJKWMWjNCu/
organicgardener,https://www.instagram.com/p/DDK3er5z54G/
organicgardener,https://www.instagram.com/p/DJ5XTgxMKLX/
organicgardener,https://www.instagram.com/p/DG2Vj1zvuJJ/
organicgardener,https://www.instagram.com/p/DDbfrOyS8I2/
organicgardener,https://www.instagram.com/p/DMQHafvxvqb/
organicgardener,https://www.instagram.com/p/DOEOykHEpK1/
organicgardener,https://www.instagram.com/p/DENjgltuBCa/
organicgardener,https://www.instagram.com/p/DIDkphkKN0w/
organicgardener,https://www.instagram.com/p/DMqA8pQqCSK/
organicgardener,https://www.instagram.com/p/DLnJZVoOGmj/
organicgardener,https://www.instagram.com/p/DOKX-UnkW36/
organicgardener,https://www.instagram.com/p/DNLcyKsudjy/
organicgardener,https://www.instagram.com/p/DLL9-Kgu1kC/
organicgardener,https://www.instagram.com/p/DMefyJVx-b4/
organicgardener,https://www.instagram.com/p/DKqYfG2o66A/
organicgardener,https://www.instagram.com/p/DMF3uQDxS7C/
organicgardener,https://www.instagram.com/p/DKF1PvATle9/
organicgardener,https://www.instagram.com/p/DK_fTVNyu3v/
lawncare,https://www.instagram.com/p/DLRp4fMRlmd/
lawncare,https://www.instagram.com/p/DMx3IQhMbWU/
lawncare,https://www.instagram.com/p/DJR8kGjofyY/
lawncare,https://www.instagram.com/p/DLIaOjluz1O/
lawncare,https://www.instagram.com/p/DMwBC4KNbng/
lawncare,https://www.instagram.com/p/DLu68uGPNQK/
lawncare,https://www.instagram.com/p/DN6rspaET2F/
lawncare,https://www.instagram.com/p/DM5kRjRh-Jv/
lawncare,https://www.instagram.com/p/DML8LlGu33j/
lawncare,https://www.instagram.com/p/DLI9jQQuakW/
lawncare,https://www.instagram.com/p/DNx-X7J2ihT/
lawncare,https://www.instagram.com/p/DM_GzWsRNfB/
lawncare,https://www.instagram.com/p/DMf8TP-I_Xn/
lawncare,https://www.instagram.com/p/DJDCV-XK5SE/
lawncare,https://www.instagram.com/p/DLWy0Q1JN6C/
lawncare,https://www.instagram.com/p/DN3acsN2DTh/
lawncare,https://www.instagram.com/p/DKwJYfCh4bG/
lawncare,https://www.instagram.com/p/DMdhIlmPZjz/
lawncare,https://www.instagram.com/p/DKLIaeVukoy/
lawncare,https://www.instagram.com/p/DMgdbgJgpjY/
lawncare,https://www.instagram.com/p/DMQCZWcOTLL/
lawncare,https://www.instagram.com/p/DM7xqKEOgfk/
lawncare,https://www.instagram.com/p/DJ7YdW-zk3D/
lawncare,https://www.instagram.com/p/DMAr84fMwe5/
lawncare,https://www.instagram.com/p/DOtKqtgjP6m/
lawncare,https://www.instagram.com/p/DG4OEsvs2xy/
lawncare,https://www.instagram.com/p/DLPoNvosuZF/
lawncare,https://www.instagram.com/p/DOJ3dUGEk1K/
lawncare,https://www.instagram.com/p/DJSyKo3xgkG/
lawncare,https://www.instagram.com/p/DMFsSROsc04/
lawncare,https://www.instagram.com/p/DNx5w20wHfj/
lawncare,https://www.instagram.com/p/DOLo31Rj5k0/
lawncare,https://www.instagram.com/p/DJ4Cue0M240/
lawncare,https://www.instagram.com/p/DLpcSlpuMuL/
lawncare,https://www.instagram.com/p/DNqqCqhg6od/
lawncare,https://www.instagram.com/p/DOvC96oCULA/
lawncare,https://www.instagram.com/p/DMZT8j9uF1h/
lawncare,https://www.instagram.com/p/DMpOJkStpad/
lawncare,https://www.instagram.com/p/DL5JjRxvXwE/
lawncare,https://www.instagram.com/p/DNMKTn1SgRC/
lawncare,https://www.instagram.com/p/DOtSVU-Eebe/
lawncare,https://www.instagram.com/p/DMwuZ8sARXz/
lawncare,https://www.instagram.com/p/DKcV8zYu5Xn/
lawncare,https://www.instagram.com/p/DMiIwI_qy88/
lawncare,https://www.instagram.com/p/DMVJtCVBMaV/
lawncare,https://www.instagram.com/p/DOGPN1pDyJX/
lawncare,https://www.instagram.com/p/DM3H0UhxyZ7/
lawncare,https://www.instagram.com/p/DJmnlIyyF-R/
lawncare,https://www.instagram.com/p/DOeKYpaAQbO/
lawncare,https://www.instagram.com/p/DKM_ONEMeG1/
lawncare,https://www.instagram.com/p/DOtFk05E2Lt/
lawncare,https://www.instagram.com/p/DKr90aKRPnE/
lawncare,https://www.instagram.com/p/DKxQCPppfDl/
lawncare,https://www.instagram.com/p/DNb2yd6NZ68/
lawncare,https://www.instagram.com/p/DOI6lIODWfd/
lawncare,https://www.instagram.com/p/DJruEdQu4nn/
lawncare,https://www.instagram.com/p/DOtcWZ_kymd/
lawncare,https://www.instagram.com/p/DJRIn3guwBu/
lawncare,https://www.instagram.com/p/DNEAMM5Rety/
lawncare,https://www.instagram.com/p/DNTDyixMfdy/
lawncare,https://www.instagram.com/p/DOvvkc6Dop4/
lawncare,https://www.instagram.com/p/DLaaO9-qqwv/
lawncare,https://www.instagram.com/p/DJ6-uXbtSb8/
lawncare,https://www.instagram.com/p/DNAfu15PnAk/
lawncare,https://www.instagram.com/p/DMdBVmcN4Uj/
lawncare,https://www.instagram.com/p/DNgGI6Lzi07/
lawncare,https://www.instagram.com/p/DLnKtfOMDej/
lawncare,https://www.instagram.com/p/DI_uVuBtUfS/
lawncare,https://www.instagram.com/p/DOrfciQiLOb/
lawncare,https://www.instagram.com/p/DNYT0XzMs3T/
lawncare,https://www.instagram.com/p/DL-jiqpirNa/
lawncare,https://www.instagram.com/p/DMXB2DPPLOZ/
lawncare,https://www.instagram.com/p/DMKAtgWu9CF/
lawncare,https://www.instagram.com/p/DOsiRrLiC7w/
lawncare,https://www.instagram.com/p/DM2oIpbsbJ-/
lawncare,https://www.instagram.com/p/DH_dvi8MuiK/
lawncare,https://www.instagram.com/p/DOvz7rFjWQh/
lawncare,https://www.instagram.com/p/DJlvCspOHMN/
lawncare,https://www.instagram.com/p/DLB_aHzubpT/
lawncare,https://www.instagram.com/p/DOghYNXE5cx/
lawncare,https://www.instagram.com/p/DLnPOuro1Xr/
lawncare,https://www.instagram.com/p/DIB9Wl4SkGb/
lawncare,https://www.instagram.com/p/DOqoqBKkTOF/
lawncare,https://www.instagram.com/p/DOO-kihjecQ/
lawncare,https://www.instagram.com/p/DNxhxItXm1Y/
lawncare,https://www.instagram.com/p/DJPpwxURVML/
lawncare,https://www.instagram.com/p/DMaMqckxIxF/
lawncare,https://www.instagram.com/p/DJ7FxAitlR5/
lawncare,https://www.instagram.com/p/DKLSWzhILM-/
lawncare,https://www.instagram.com/p/DNgNkEIyNAa/
lawncare,https://www.instagram.com/p/DNYf4wYssO7/
lawncare,https://www.instagram.com/p/DJ1VI0kgWtS/
lawncare,https://www.instagram.com/p/DKGMuZCvIT-/
lawncare,https://www.instagram.com/p/DOoOJRWjrpc/
lawncare,https://www.instagram.com/p/DLl3cTWMeF2/
lawncare,https://www.instagram.com/p/DH9DKg9RO6F/
lawncare,https://www.instagram.com/p/DL40_SrNcEm/
lawncare,https://www.instagram.com/p/DOEyQ2KjQA3/
lawncare,https://www.instagram.com/p/DKxJcEqzlUv/
lawncare,https://www.instagram.com/p/DJCqwUfuVZq/
lawncare,https://www.instagram.com/p/DKkYZUTzbrg/
lawncare,https://www.instagram.com/p/DOqzx5pE7ge/
lawncare,https://www.instagram.com/p/DIg2ynetUpK/
lawncare,https://www.instagram.com/p/DK9hsVozINR/
lawncare,https://www.instagram.com/p/DIPCUdMpt_X/
lawncare,https://www.instagram.com/p/DKMlBe2Mio4/
lawncare,https://www.instagram.com/p/DJXyxh2B_zc/
lawncare,https://www.instagram.com/p/DLRdAoEtcaL/
lawncare,https://www.instagram.com/p/DN74Za6ivNk/
lawncare,https://www.instagram.com/p/DJb1mAcxa9K/
lawncare,https://www.instagram.com/p/DJZKe7kOvV0/
lawncare,https://www.instagram.com/p/DK2nZUyxKSh/
lawncare,https://www.instagram.com/p/DOR-DZ6jlp1/
lawncare,https://www.instagram.com/p/DNhqb9CxXIK/
lawncare,https://www.instagram.com/p/DJsINFluNT3/
lawncare,https://www.instagram.com/p/DLAcJ7oM3UO/
lawncare,https://www.instagram.com/p/DJWswW0RjXg/
lawncare,https://www.instagram.com/p/DMkmemIvYsI/
lawncare,https://www.instagram.com/p/DKibBmWPzCA/
lawncare,https://www.instagram.com/p/DJR8Ku2Ol3M/
lawncare,https://www.instagram.com/p/DOsc5nYiSQ5/
lawncare,https://www.instagram.com/p/DMGhOwrzqwJ/
lawncare,https://www.instagram.com/p/DM-Y2LdBH7T/
lawncare,https://www.instagram.com/p/DHv7sQNSUDZ/
lawncare,https://www.instagram.com/p/DKrlIaDtVIX/
lawncare,https://www.instagram.com/p/DMp96qxMj1q/
lawncare,https://www.instagram.com/p/DKhXB4oTbcO/
lawncare,https://www.instagram.com/p/DNQ3PChTLAE/
lawncare,https://www.instagram.com/p/DLHT_M2xkx8/
lawncare,https://www.instagram.com/p/DMsq8HVtTZs/
lawncare,https://www.instagram.com/p/DOq0ft1kSV4/
lawncare,https://www.instagram.com/p/DKzaWsNs7eC/
lawncare,https://www.instagram.com/p/DJ4MLGAPNUh/
lawncare,https://www.instagram.com/p/DKz8s8wIrlp/
lawncare,https://www.instagram.com/p/DOnfoJrEyoc/
lawncare,https://www.instagram.com/p/DNTMPlHsu_s/
lawncare,https://www.instagram.com/p/DJVct24u-qE/
lawncare,https://www.instagram.com/p/DLaibGxz2Yn/
lawncare,https://www.instagram.com/p/DNp70uGM9I-/
lawncare,https://www.instagram.com/p/DM8oqd-M7u3/
lawncare,https://www.instagram.com/p/DKzj9TGI0py/
lawncare,https://www.instagram.com/p/DLGWO-UBRdr/
lawncare,https://www.instagram.com/p/DLX0tDnIl7_/
lawncare,https://www.instagram.com/p/DIx6lizPA_q/
lawncare,https://www.instagram.com/p/DLPtveSuwVf/
lawncare,https://www.instagram.com/p/DKx0orDTvs0/
lawncare,https://www.instagram.com/p/DOqfyt1iLpE/
lawncare,https://www.instagram.com/p/DOBZ96gDNjz/
lawncare,https://www.instagram.com/p/DJmkk-8vXHa/
lawncare,https://www.instagram.com/p/DN0fBhRQAyw/
lawncare,https://www.instagram.com/p/DLRy1RhRjub/
lawncare,https://www.instagram.com/p/DJ6xY1BTlna/
lawncare,https://www.instagram.com/p/DIhHT2IS8uV/
lawncare,https://www.instagram.com/p/DMITnTOo-oP/
lawncare,https://www.instagram.com/p/DJe2x2AMrVb/
lawncare,https://www.instagram.com/p/DKc1ieoPnCL/
lawncare,https://www.instagram.com/p/DMJWhg0MuEX/
lawncare,https://www.instagram.com/p/DK-yEsWzO2R/
lawncare,https://www.instagram.com/p/DJ91BwAOkIj/
lawncare,https://www.instagram.com/p/DND3H5MO2Aa/
lawncare,https://www.instagram.com/p/DLDErX9RBhh/
lawncare,https://www.instagram.com/p/DOEaSotCEDu/
lawncare,https://www.instagram.com/p/DLJA2I_uTwk/
lawncare,https://www.instagram.com/p/DOe6krtko1g/
lawncare,https://www.instagram.com/p/DLuUBTsOscf/
lawncare,https://www.instagram.com/p/DN8RY67DuC_/
lawncare,https://www.instagram.com/p/DIcIFnCtB_N/
lawncare,https://www.instagram.com/p/DJpIbJUJlea/
lawncare,https://www.instagram.com/p/DJ63608tj9G/
lawncare,https://www.instagram.com/p/DOOSBgxgLC4/
lawncare,https://www.instagram.com/p/DNf8OIvo7GG/
lawncare,https://www.instagram.com/p/DLaCX3etm8D/
lawncare,https://www.instagram.com/p/DNX3KnTT6Rw/
lawncare,https://www.instagram.com/p/DLnqWjRSThF/
lawncare,https://www.instagram.com/p/DJJvBS9t1WI/
lawncare,https://www.instagram.com/p/DMdbEpPpQAK/
lawncare,https://www.instagram.com/p/DK8v1yuy7RR/
lawncare,https://www.instagram.com/p/DIEUdKrRT9k/
lawncare,https://www.instagram.com/p/DOtn3GZk8An/
lawncare,https://www.instagram.com/p/DLXkaC4Ii3y/
lawncare,https://www.instagram.com/p/DLk3zW-NVSV/
lawncare,https://www.instagram.com/p/DNOJm-AxC6G/
lawncare,https://www.instagram.com/p/DMGc4BtKQ-E/
lawncare,https://www.instagram.com/p/DLF35Ecx9L8/
lawncare,https://www.instagram.com/p/DKkgD8evldl/
lawncare,https://www.instagram.com/p/DH4K5p1SDrg/
lawncare,https://www.instagram.com/p/DMtBROZuk6L/
lawncare,https://www.instagram.com/p/DLh-pflR5Ke/
lawncare,https://www.instagram.com/p/DN1Ffwo5niy/
lawncare,https://www.instagram.com/p/DNX1enwN8LZ/
lawncare,https://www.instagram.com/p/DLPvKURMVE8/
lawncare,https://www.instagram.com/p/DLAnWciI8D5/
lawncare,https://www.instagram.com/p/DOrJMy5D75u/
lawncare,https://www.instagram.com/p/DHgVoamz5Xz/
lawncare,https://www.instagram.com/p/DLASjYLq3LN/
lawncare,https://www.instagram.com/p/DMSk8ylojYe/
lawncare,https://www.instagram.com/p/DK-G5bytelW/
lawncare,https://www.instagram.com/p/DJW7Z7gKR8K/
lawncare,https://www.instagram.com/p/DM8ps_bx9hI/
lawncare,https://www.instagram.com/p/DLb992Ogs_Q/
lawncare,https://www.instagram.com/p/DLK6OiWsoMF/
lawncare,https://www.instagram.com/p/DJJ8n2lBVKU/
lawncare,https://www.instagram.com/p/DKuDH66tT3G/
lawncare,https://www.instagram.com/p/DIEUZS9MPyO/
lawncare,https://www.instagram.com/p/DJ4-XcgNHsY/
lawncare,https://www.instagram.com/p/DJL4KAKo1Sb/
lawncare,https://www.instagram.com/p/DJ8zLcgs9j7/
lawncare,https://www.instagram.com/p/DKdbyRdMxDl/
lawncare,https://www.instagram.com/p/DKz1e6yyXFS/
lawncare,https://www.instagram.com/p/DKc6vtDs326/
lawncare,https://www.instagram.com/p/DNA4lJ0MNHJ/
lawncare,https://www.instagram.com/p/DKSWbqypNou/
lawncare,https://www.instagram.com/p/DJy4IFrNqbd/
lawncare,https://www.instagram.com/p/DOvFV9tDRyb/
lawncare,https://www.instagram.com/p/DJCjxy7zbES/
lawncare,https://www.instagram.com/p/DOtjngOCYoh/
lawncare,https://www.instagram.com/p/DI9ErDzyZZZ/
lawncare,https://www.instagram.com/p/DL6wjbrBsD_/
lawncare,https://www.instagram.com/p/DNncUIWsrQn/
lawncare,https://www.instagram.com/p/DMYcCW0TqBh/
lawncare,https://www.instagram.com/p/DMfv66eM0ah/
lawncare,https://www.instagram.com/p/DNJ1LMkh5FH/
lawncare,https://www.instagram.com/p/DLpmLiVPuQD/
lawncare,https://www.instagram.com/p/DJKkW-gvDRc/
lawncare,https://www.instagram.com/p/DLuhzH-vwgJ/
lawncare,https://www.instagram.com/p/DH9MVInRTDR/
lawncare,https://www.instagram.com/p/DJ_68kiArei/
lawncare,https://www.instagram.com/p/DIjgl4Btjae/
lawncare,https://www.instagram.com/p/DKuZzOCiIVg/
lawncare,https://www.instagram.com/p/DNV2LtdvVqK/
lawncare,https://www.instagram.com/p/DK7Alsqujd4/
lawncare,https://www.instagram.com/p/DJD3pU1seBu/
lawncare,https://www.instagram.com/p/DLUkPkTMDaK/
lawncare,https://www.instagram.com/p/DNLIBlixwxJ/
lawncare,https://www.instagram.com/p/DLFg4usRRgT/
lawncare,https://www.instagram.com/p/DNZtYXHOGAs/
lawncare,https://www.instagram.com/p/DJsQjusuXF3/
lawncare,https://www.instagram.com/p/DLA1iSUMq80/
lawncare,https://www.instagram.com/p/DI5K2z3yNwN/
lawncare,https://www.instagram.com/p/DOgUubBDAgH/
lawncare,https://www.instagram.com/p/DOoldsfkow6/
lawncare,https://www.instagram.com/p/DNTpZ_wMTRg/
lawncare,https://www.instagram.com/p/DJMJaNsRuwz/
lawncare,https://www.instagram.com/p/DMGADyctZ-y/
lawncare,https://www.instagram.com/p/DOJCgjZEXb3/
lawncare,https://www.instagram.com/p/DLzrWgDsjNI/
lawncare,https://www.instagram.com/p/DJuNdISRWJi/
lawncare,https://www.instagram.com/p/DMdOcIQtTeO/
lawncare,https://www.instagram.com/p/DG1OUxjTCXB/
lawncare,https://www.instagram.com/p/DLIbIdYtbeB/
lawncare,https://www.instagram.com/p/DL-hubzN_V7/
lawncare,https://www.instagram.com/p/DHn-90DOqw5/
lawncare,https://www.instagram.com/p/DOt0cIDk8Aq/
lawncare,https://www.instagram.com/p/DMtpDv_u4aM/
lawncare,https://www.instagram.com/p/DLCmvj2APTW/
lawncare,https://www.instagram.com/p/DJS13y5uwwI/
lawncare,https://www.instagram.com/p/DLatsjYP4SS/
lawncare,https://www.instagram.com/p/DIKoZ8oshac/
lawncare,https://www.instagram.com/p/DNh_KiPNruo/
lawncare,https://www.instagram.com/p/DI1QL8HtDlI/
lawncare,https://www.instagram.com/p/DNyLMUM2NnC/
lawncare,https://www.instagram.com/p/DIOFoTtOe_t/
lawncare,https://www.instagram.com/p/DMNiQ2_PLyT/
lawncare,https://www.instagram.com/p/DMfu4j6Tz5C/
lawncare,https://www.instagram.com/p/DOM8DidDoKa/
lawncare,https://www.instagram.com/p/DKhfrFxtIvn/
lawncare,https://www.instagram.com/p/DMFtB_8pXXk/
lawncare,https://www.instagram.com/p/DNYKPAzMGhc/
lawncare,https://www.instagram.com/p/DH6xv5lzoTO/
lawncare,https://www.instagram.com/p/DNjbjWvSxXR/
lawncare,https://www.instagram.com/p/DK2LfySSXbc/
lawncare,https://www.instagram.com/p/DJrLph4tgjJ/
lawncare,https://www.instagram.com/p/DMBT_ClvDVP/
lawncare,https://www.instagram.com/p/DJei_xytXhq/
lawncare,https://www.instagram.com/p/DNNlcWZuG8O/
lawncare,https://www.instagram.com/p/DNBlGHAPYpE/
lawncare,https://www.instagram.com/p/DLVFmcEuPdD/
lawncare,https://www.instagram.com/p/DL3HY42yjWI/
lawncare,https://www.instagram.com/p/DN6Oz3QDv2P/
lawncare,https://www.instagram.com/p/DOcmrYNAIeL/
lawncare,https://www.instagram.com/p/DOD0bZ0iDG0/
lawncare,https://www.instagram.com/p/DKSIu7aovgY/
lawncare,https://www.instagram.com/p/DIUPXpTvlpl/
lawncare,https://www.instagram.com/p/DKk6C5wP6au/
lawncare,https://www.instagram.com/p/DK5HMaiTNiy/
lawncare,https://www.instagram.com/p/DKUMJ7kOaNW/
lawncare,https://www.instagram.com/p/DOtnMN4gpfk/
lawncare,https://www.instagram.com/p/DMc4HuzoU51/
lawncare,https://www.instagram.com/p/DJoM8ZSsTd3/
lawncare,https://www.instagram.com/p/DIM-ANmu0kp/
lawncare,https://www.instagram.com/p/DJADbZpTIO9/
lawncare,https://www.instagram.com/p/DIzYILNzavv/
lawncare,https://www.instagram.com/p/DJUXO3XPlxt/
lawncare,https://www.instagram.com/p/DKM_wkrqsSX/
lawncare,https://www.instagram.com/p/DMNlII6Nait/
lawncare,https://www.instagram.com/p/DMsQWP9NpVT/
lawncare,https://www.instagram.com/p/DHf2g1HASXF/
lawncare,https://www.instagram.com/p/DJfMMm7oqg-/
lawncare,https://www.instagram.com/p/DLXPyZbtagx/
lawncare,https://www.instagram.com/p/DNMnwk8P4L9/
lawncare,https://www.instagram.com/p/DNinaWlMBVU/
lawncare,https://www.instagram.com/p/DNqqYJMuxYZ/
lawncare,https://www.instagram.com/p/DJjYD4nxODs/
lawncare,https://www.instagram.com/p/DNsgSNb4qFi/
lawncare,https://www.instagram.com/p/DH6jM6JPGh3/
lawncare,https://www.instagram.com/p/DJFs4iPuich/
lawncare,https://www.instagram.com/p/DOs6UNOjJ0U/
lawncare,https://www.instagram.com/p/DIu6LQfTzvG/
lawncare,https://www.instagram.com/p/DJPBNEauO4N/
lawncare,https://www.instagram.com/p/DKeam1IMgsJ/
lawncare,https://www.instagram.com/p/DNzI0kNWM6f/
lawncare,https://www.instagram.com/p/DKrQkD-NvqV/
lawncare,https://www.instagram.com/p/DNOyTFnN5af/
lawncare,https://www.instagram.com/p/DJynX3IgMgU/
lawncare,https://www.instagram.com/p/DKZxSLFMHHV/
lawncare,https://www.instagram.com/p/DIMQrd4J_yR/
lawncare,https://www.instagram.com/p/DLsz6qOspok/
lawncare,https://www.instagram.com/p/DOs9z56DYAl/
lawncare,https://www.instagram.com/p/DOkAkKtjegP/
lawncare,https://www.instagram.com/p/DH-cPs0vVi0/
lawncare,https://www.instagram.com/p/DJwY55mJ1yB/
lawncare,https://www.instagram.com/p/DLhwWnRME87/
lawncare,https://www.instagram.com/p/DHz45oHAh-F/
lawncare,https://www.instagram.com/p/DMFtH3UsXWV/
lawncare,https://www.instagram.com/p/DNy_u9P2CHu/
lawncare,https://www.instagram.com/p/DOWra_hkeVy/
lawncare,https://www.instagram.com/p/DKKiSm_IuVf/
lawncare,https://www.instagram.com/p/DML-aXfPJwt/
lawncare,https://www.instagram.com/p/DLN1wrqteFE/
lawncare,https://www.instagram.com/p/DKSmGtTOj5C/
lawncare,https://www.instagram.com/p/DLVUp_svWlq/
lawncare,https://www.instagram.com/p/DKZleBCOPB4/
lawncare,https://www.instagram.com/p/DL2jmhwP5ZM/
lawncare,https://www.instagram.com/p/DG1c3UwOdEL/
lawncare,https://www.instagram.com/p/DK4QUz5t-5q/
lawncare,https://www.instagram.com/p/DHl7WyrTKuf/
lawncare,https://www.instagram.com/p/DItfGxtMQlB/
lawncare,https://www.instagram.com/p/DOvileQE5dP/
lawncare,https://www.instagram.com/p/DNoDYcPSA5n/
lawncare,https://www.instagram.com/p/DIgT1oRtJ8W/
lawncare,https://www.instagram.com/p/DMtRfZWtvFJ/
lawncare,https://www.instagram.com/p/DJWcoBro3oX/
lawncare,https://www.instagram.com/p/DNBZ3K4vxYp/
lawncare,https://www.instagram.com/p/DIWcvn9NUj0/
lawncare,https://www.instagram.com/p/DOtX3E1DzoG/
lawncare,https://www.instagram.com/p/DLsBdM8RaFR/
lawncare,https://www.instagram.com/p/DI_RUTCoAHF/
lawncare,https://www.instagram.com/p/DH8YTkXusHz/
lawncare,https://www.instagram.com/p/DJNZu_0sNVR/
lawncare,https://www.instagram.com/p/DLnQE09M2tl/
lawncare,https://www.instagram.com/p/DIth5C9vmbF/
lawncare,https://www.instagram.com/p/DNPBorZNPGk/
lawncare,https://www.instagram.com/p/DHGwGZZqML1/
lawncare,https://www.instagram.com/p/DObmC-FiaP1/
lawncare,https://www.instagram.com/p/DJseRb5OP2a/
lawncare,https://www.instagram.com/p/DN38yx2Epsh/
lawncare,https://www.instagram.com/p/DHHznoBOkkB/
lawncare,https://www.instagram.com/p/DOoafAdktBO/
lawncare,https://www.instagram.com/p/DIT-1YKMTGn/
lawncare,https://www.instagram.com/p/DIfP6UVtH6i/
lawncare,https://www.instagram.com/p/DMz8ZFQxAQ-/
lawncare,https://www.instagram.com/p/DMnWk2FPXVg/
lawncare,https://www.instagram.com/p/DMan7SdOjhy/
lawncare,https://www.instagram.com/p/DLnVu19BslR/
lawncare,https://www.instagram.com/p/DKbl6kRNj-e/
lawncare,https://www.instagram.com/p/DNdP9BJMA-I/
lawncare,https://www.instagram.com/p/DOtkxrok353/
lawncare,https://www.instagram.com/p/DNBiiXbut3W/
lawncare,https://www.instagram.com/p/DKfLeLPuZZU/
lawncare,https://www.instagram.com/p/DMg2MtMRgB3/
lawncare,https://www.instagram.com/p/DOMoDwNkdqJ/
lawncare,https://www.instagram.com/p/DLnTEjFpJhc/
lawncare,https://www.instagram.com/p/DL41DyMxw0I/
lawncare,https://www.instagram.com/p/DL5J20rOgJG/
lawncare,https://www.instagram.com/p/DNqL80EO8xu/
lawncare,https://www.instagram.com/p/DIaZEW-uXi3/
lawncare,https://www.instagram.com/p/DJkhB3ONw9v/
lawncare,https://www.instagram.com/p/DJKl7MFMDqu/
lawncare,https://www.instagram.com/p/DJmOSLbtKSQ/
lawncare,https://www.instagram.com/p/DL8EbX_xl2Y/
lawncare,https://www.instagram.com/p/DOLD-kkDiR1/
lawncare,https://www.instagram.com/p/DHHn7iTOSWD/
lawncare,https://www.instagram.com/p/DLLqP4ZMepW/
lawncare,https://www.instagram.com/p/DLSGM7etyCv/
lawncare,https://www.instagram.com/p/DLKl6LFPwP1/
lawncare,https://www.instagram.com/p/DLKl6JBPRbC/
lawncare,https://www.instagram.com/p/DJwrkhNyz4-/
lawncare,https://www.instagram.com/p/DOvipBNjrh2/
lawncare,https://www.instagram.com/p/DJacvIvxbKw/
lawncare,https://www.instagram.com/p/DOmlK85Aft0/
lawncare,https://www.instagram.com/p/DJPNPAWy0wt/
lawncare,https://www.instagram.com/p/DLKl6xvATCK/
lawncare,https://www.instagram.com/p/DJmddAsPHtR/
lawncare,https://www.instagram.com/p/DNmBRMSuZFP/
lawncare,https://www.instagram.com/p/DIwahd3zXnU/
lawncare,https://www.instagram.com/p/DJE3-_ICN1L/
lawncare,https://www.instagram.com/p/DOFIR3wgfX5/
lawncare,https://www.instagram.com/p/DI45_B5N2BZ/
lawncare,https://www.instagram.com/p/DJVPjOIs7v3/
lawncare,https://www.instagram.com/p/DKxu2qzu5Vu/
lawncare,https://www.instagram.com/p/DLkrNdTg1j_/
lawncare,https://www.instagram.com/p/DNO32b1hy3u/
lawncare,https://www.instagram.com/p/DIzOx1KB7Rt/
lawncare,https://www.instagram.com/p/DJKEKnBSnZz/
lawncare,https://www.instagram.com/p/DNV-HdpzqsP/
lawncare,https://www.instagram.com/p/DIlammSMIYp/
lawncare,https://www.instagram.com/p/DH_1teSo1tx/
lawncare,https://www.instagram.com/p/DKw2sI9TsyF/
lawncare,https://www.instagram.com/p/DJ9O3VCPB-X/
lawncare,https://www.instagram.com/p/DIthFJmsQhU/
lawncare,https://www.instagram.com/p/DKQ2UK9Jw9b/
lawncare,https://www.instagram.com/p/DKVZG6TuPdR/
lawncare,https://www.instagram.com/p/DMsjG7AATQY/
lawncare,https://www.instagram.com/p/DIoXeJ_M7Bn/
lawncare,https://www.instagram.com/p/DNGvs5jyi4o/
lawncare,https://www.instagram.com/p/DK2GjJ3Ogz5/
lawncare,https://www.instagram.com/p/DOtzKqEEyCy/
lawncare,https://www.instagram.com/p/DKWTi72JLu4/
lawncare,https://www.instagram.com/p/DIrT1YcuyBp/
lawncare,https://www.instagram.com/p/DOtioWwjOoP/
lawncare,https://www.instagram.com/p/DOd4lhFjL7v/
lawncare,https://www.instagram.com/p/DH4n0SLuEFq/
lawncare,https://www.instagram.com/p/DOVr5eSiOxE/
lawncare,https://www.instagram.com/p/DIoR-Y8R_v7/
lawncare,https://www.instagram.com/p/DLBQY62J8Gl/
lawncare,https://www.instagram.com/p/DKchEvDsuc1/
lawncare,https://www.instagram.com/p/DJUWrP5stjO/
lawncare,https://www.instagram.com/p/DIs-lvDte_d/
lawncare,https://www.instagram.com/p/DHi83HdPbO4/
lawncare,https://www.instagram.com/p/DHlT44zPLXI/
lawncare,https://www.instagram.com/p/DHTQ3LgMdsE/
lawncare,https://www.instagram.com/p/DNh3NTjOaL8/
lawncare,https://www.instagram.com/p/DMaMb7uBPqI/
lawncare,https://www.instagram.com/p/DK-hCHTuEMO/
lawncare,https://www.instagram.com/p/DJPGVv9TNQv/
lawncare,https://www.instagram.com/p/DIB2e33xe6d/
lawncare,https://www.instagram.com/p/DIWdvV-s_vg/
lawncare,https://www.instagram.com/p/DH0L9_uMDKq/
lawncare,https://www.instagram.com/p/DHZXJCpuvUB/
lawncare,https://www.instagram.com/p/DKrZUSstgP7/
lawncare,https://www.instagram.com/p/DH1R6qAxBeb/
lawncare,https://www.instagram.com/p/DI6nYJbxlK2/
lawncare,https://www.instagram.com/p/DOjS1A6kp35/
lawncare,https://www.instagram.com/p/DIZTT0FuqBO/
lawncare,https://www.instagram.com/p/DMDWrefxCBe/
lawncare,https://www.instagram.com/p/DJCetFBSOi7/
lawncare,https://www.instagram.com/p/DIjJmIbhnjL/
lawncare,https://www.instagram.com/p/DNOKmSHN48Z/
lawncare,https://www.instagram.com/p/DKpA34YNzVY/
lawncare,https://www.instagram.com/p/DI48NywMrPt/
lawncare,https://www.instagram.com/p/DOtICQTCK0K/
lawncare,https://www.instagram.com/p/DG-QiC3Jcpp/
lawncare,https://www.instagram.com/p/DNjhfDytwvI/
lawncare,https://www.instagram.com/p/DODIDVSjplh/
lawncare,https://www.instagram.com/p/DLsa-8MJoeo/
lawncare,https://www.instagram.com/p/DITeVZMvI-y/
lawncare,https://www.instagram.com/p/DLFpogfvBPl/
lawncare,https://www.instagram.com/p/DNlGqOVuw6e/
lawncare,https://www.instagram.com/p/DMIK3EPt79J/
lawncare,https://www.instagram.com/p/DNB_38Khga0/
lawncare,https://www.instagram.com/p/DKSJ0hURq-E/
lawncare,https://www.instagram.com/p/DKP0jccv1iv/
lawncare,https://www.instagram.com/p/DMETpFgsQJE/
lawncare,https://www.instagram.com/p/DLKscBDNsoi/
lawncare,https://www.instagram.com/p/DLdPwEMMMqZ/
lawncare,https://www.instagram.com/p/DMF4vM4Owxt/
lawncare,https://www.instagram.com/p/DJm6b6SJWRN/
lawncare,https://www.instagram.com/p/DM_VLY6ttj7/
lawncare,https://www.instagram.com/p/DI3tVUYvsCt/
lawncare,https://www.instagram.com/p/DLTKLOSSedV/
lawncare,https://www.instagram.com/p/DMYh-Hyxjl8/
lawncare,https://www.instagram.com/p/DL_XCBtu5J_/
lawncare,https://www.instagram.com/p/DJnJ2LDttoi/
lawncare,https://www.instagram.com/p/DG02h71zEs3/
lawncare,https://www.instagram.com/p/DHlty8Gp0fT/
lawncare,https://www.instagram.com/p/DMS9PwvzpOz/
lawncare,https://www.instagram.com/p/DMqZWRgv9qL/
lawncare,https://www.instagram.com/p/DH4K82IzG2H/
lawncare,https://www.instagram.com/p/DIMXbF3PbK2/
lawncare,https://www.instagram.com/p/DKxDUZOJL_M/
lawncare,https://www.instagram.com/p/DKJQGBxuhs2/
lawncare,https://www.instagram.com/p/DIEUckBxArf/
lawncare,https://www.instagram.com/p/DJuSgvCPH9y/
lawncare,https://www.instagram.com/p/DIOuao8MIvF/
lawncare,https://www.instagram.com/p/DJevVIDugEx/
lawncare,https://www.instagram.com/p/DMu6Tg2PnaC/
lawncare,https://www.instagram.com/p/DJpXQdLy2K3/
lawncare,https://www.instagram.com/p/DMc_F8LoZR2/
lawncare,https://www.instagram.com/p/DNka7bJKFAJ/
lawncare,https://www.instagram.com/p/DNgt0LMTgZJ/
lawncare,https://www.instagram.com/p/DL7f-O4OR79/
lawncare,https://www.instagram.com/p/DJxXq5PSpSY/
lawncare,https://www.instagram.com/p/DNGV28EO1Fh/
lawncare,https://www.instagram.com/p/DItfsMvNq03/
lawncare,https://www.instagram.com/p/DJaJiT4Pu3k/
lawncare,https://www.instagram.com/p/DL-nvHZoh-s/
lawncare,https://www.instagram.com/p/DKNP_dAJ1oM/
lawncare,https://www.instagram.com/p/DHglyDqTF0Q/
lawncare,https://www.instagram.com/p/DLisHcwtlLW/
lawncare,https://www.instagram.com/p/DM0N49RMgN4/
lawncare,https://www.instagram.com/p/DLIUQ8Hq2kJ/
lawncare,https://www.instagram.com/p/DN55ow3k3R6/
lawncare,https://www.instagram.com/p/DICEO1dRv4t/
lawncare,https://www.instagram.com/p/DLrGRw2xsxV/
lawncare,https://www.instagram.com/p/DKcPTHdP839/
lawncare,https://www.instagram.com/p/DKX14-cMjkP/
lawncare,https://www.instagram.com/p/DJKKYnwyO0C/
lawncare,https://www.instagram.com/p/DL2RX6osP7z/
lawncare,https://www.instagram.com/p/DODr2eZgAiz/
lawncare,https://www.instagram.com/p/DIOue15u6jA/